{"type":"FeatureCollection","name":"Muthu_Farms_Coconut_Tree_Coordinates_Approved_2026","features":[{"type":"Feature","properties":{"treeNo":"1","plot":"Plot 1","coordinateSource":"Muthu_Farms_Plot1_Trees_Affine_Corrected_2026.gpkg/Plot1_Trees_Affine_Corrected_2026","coordinateVersion":"plot1-affine-corrected-2026-08-12"},"geometry":{"type":"Point","coordinates":[77.0769154366,10.4821895675]}},{"type":"Feature","properties":{"treeNo":"2","plot":"Plot 1","coordinateSource":"Muthu_Farms_Plot1_Trees_Affine_Corrected_2026.gpkg/Plot1_Trees_Affine_Corrected_2026","coordinateVersion":"plot1-affine-corrected-2026-08-12"},"geometry":{"type":"Point","coordinates":[77.0768650135,10.4822083121]}},{"type":"Feature","properties":{"treeNo":"3","plot":"Plot 1","coordinateSource":"Muthu_Farms_Plot1_Trees_Affine_Corrected_2026.gpkg/Plot1_Trees_Affine_Corrected_2026","coordinateVersion":"plot1-affine-corrected-2026-08-12"},"geometry":{"type":"Point","coordinates":[77.0767896162,10.4822211359]}},{"type":"Feature","properties":{"treeNo":"4","plot":"Plot 1","coordinateSource":"Muthu_Farms_Plot1_Trees_Affine_Corrected_2026.gpkg/Plot1_Trees_Affine_Corrected_2026","coordinateVersion":"plot1-affine-corrected-2026-08-12"},"geometry":{"type":"Point","coordinates":[77.0767168691,10.4822277659]}},{"type":"Feature","properties":{"treeNo":"5","plot":"Plot 1","coordinateSource":"Muthu_Farms_Plot1_Trees_Affine_Corrected_2026.gpkg/Plot1_Trees_Affine_Corrected_2026","coordinateVersion":"plot1-affine-corrected-2026-08-12"},"geometry":{"type":"Point","coordinates":[77.0766421726,10.4822462365]}},{"type":"Feature","properties":{"treeNo":"6","plot":"Plot 1","coordinateSource":"Muthu_Farms_Plot1_Trees_Affine_Corrected_2026.gpkg/Plot1_Trees_Affine_Corrected_2026","coordinateVersion":"plot1-affine-corrected-2026-08-12"},"geometry":{"type":"Point","coordinates":[77.0765737792,10.4822492255]}},{"type":"Feature","properties":{"treeNo":"7","plot":"Plot 1","coordinateSource":"Muthu_Farms_Plot1_Trees_Affine_Corrected_2026.gpkg/Plot1_Trees_Affine_Corrected_2026","coordinateVersion":"plot1-affine-corrected-2026-08-12"},"geometry":{"type":"Point","coordinates":[77.0765036416,10.4822586565]}},{"type":"Feature","properties":{"treeNo":"8","plot":"Plot 1","coordinateSource":"Muthu_Farms_Plot1_Trees_Affine_Corrected_2026.gpkg/Plot1_Trees_Affine_Corrected_2026","coordinateVersion":"plot1-affine-corrected-2026-08-12"},"geometry":{"type":"Point","coordinates":[77.0764216456,10.4822700035]}},{"type":"Feature","properties":{"treeNo":"9","plot":"Plot 1","coordinateSource":"Muthu_Farms_Plot1_Trees_Affine_Corrected_2026.gpkg/Plot1_Trees_Affine_Corrected_2026","coordinateVersion":"plot1-affine-corrected-2026-08-12"},"geometry":{"type":"Point","coordinates":[77.0763465497,10.4822740868]}},{"type":"Feature","properties":{"treeNo":"10","plot":"Plot 1","coordinateSource":"Muthu_Farms_Plot1_Trees_Affine_Corrected_2026.gpkg/Plot1_Trees_Affine_Corrected_2026","coordinateVersion":"plot1-affine-corrected-2026-08-12"},"geometry":{"type":"Point","coordinates":[77.0762800114,10.4822819402]}},{"type":"Feature","properties":{"treeNo":"11","plot":"Plot 1","coordinateSource":"Muthu_Farms_Plot1_Trees_Affine_Corrected_2026.gpkg/Plot1_Trees_Affine_Corrected_2026","coordinateVersion":"plot1-affine-corrected-2026-08-12"},"geometry":{"type":"Point","coordinates":[77.0762149742,10.482284896]}},{"type":"Feature","properties":{"treeNo":"12","plot":"Plot 1","coordinateSource":"Muthu_Farms_Plot1_Trees_Affine_Corrected_2026.gpkg/Plot1_Trees_Affine_Corrected_2026","coordinateVersion":"plot1-affine-corrected-2026-08-12"},"geometry":{"type":"Point","coordinates":[77.076163328,10.4822842501]}},{"type":"Feature","properties":{"treeNo":"13","plot":"Plot 1","coordinateSource":"Muthu_Farms_Plot1_Trees_Affine_Corrected_2026.gpkg/Plot1_Trees_Affine_Corrected_2026","coordinateVersion":"plot1-affine-corrected-2026-08-12"},"geometry":{"type":"Point","coordinates":[77.0760900317,10.4822875445]}},{"type":"Feature","properties":{"treeNo":"14","plot":"Plot 1","coordinateSource":"Muthu_Farms_Plot1_Trees_Affine_Corrected_2026.gpkg/Plot1_Trees_Affine_Corrected_2026","coordinateVersion":"plot1-affine-corrected-2026-08-12"},"geometry":{"type":"Point","coordinates":[77.076014728,10.4822967695]}},{"type":"Feature","properties":{"treeNo":"23","plot":"Plot 1","coordinateSource":"Muthu_Farms_Plot1_Trees_Affine_Corrected_2026.gpkg/Plot1_Trees_Affine_Corrected_2026","coordinateVersion":"plot1-affine-corrected-2026-08-12"},"geometry":{"type":"Point","coordinates":[77.0769056422,10.4821255464]}},{"type":"Feature","properties":{"treeNo":"24","plot":"Plot 1","coordinateSource":"Muthu_Farms_Plot1_Trees_Affine_Corrected_2026.gpkg/Plot1_Trees_Affine_Corrected_2026","coordinateVersion":"plot1-affine-corrected-2026-08-12"},"geometry":{"type":"Point","coordinates":[77.0768494712,10.4821374092]}},{"type":"Feature","properties":{"treeNo":"25","plot":"Plot 1","coordinateSource":"Muthu_Farms_Plot1_Trees_Affine_Corrected_2026.gpkg/Plot1_Trees_Affine_Corrected_2026","coordinateVersion":"plot1-affine-corrected-2026-08-12"},"geometry":{"type":"Point","coordinates":[77.0767731072,10.4821438179]}},{"type":"Feature","properties":{"treeNo":"26","plot":"Plot 1","coordinateSource":"Muthu_Farms_Plot1_Trees_Affine_Corrected_2026.gpkg/Plot1_Trees_Affine_Corrected_2026","coordinateVersion":"plot1-affine-corrected-2026-08-12"},"geometry":{"type":"Point","coordinates":[77.0767063662,10.4821573271]}},{"type":"Feature","properties":{"treeNo":"27","plot":"Plot 1","coordinateSource":"Muthu_Farms_Plot1_Trees_Affine_Corrected_2026.gpkg/Plot1_Trees_Affine_Corrected_2026","coordinateVersion":"plot1-affine-corrected-2026-08-12"},"geometry":{"type":"Point","coordinates":[77.076635021,10.4821752505]}},{"type":"Feature","properties":{"treeNo":"28","plot":"Plot 1","coordinateSource":"Muthu_Farms_Plot1_Trees_Affine_Corrected_2026.gpkg/Plot1_Trees_Affine_Corrected_2026","coordinateVersion":"plot1-affine-corrected-2026-08-12"},"geometry":{"type":"Point","coordinates":[77.0765664173,10.4821831244]}},{"type":"Feature","properties":{"treeNo":"29","plot":"Plot 1","coordinateSource":"Muthu_Farms_Plot1_Trees_Affine_Corrected_2026.gpkg/Plot1_Trees_Affine_Corrected_2026","coordinateVersion":"plot1-affine-corrected-2026-08-12"},"geometry":{"type":"Point","coordinates":[77.0764923844,10.482190281]}},{"type":"Feature","properties":{"treeNo":"30","plot":"Plot 1","coordinateSource":"Muthu_Farms_Plot1_Trees_Affine_Corrected_2026.gpkg/Plot1_Trees_Affine_Corrected_2026","coordinateVersion":"plot1-affine-corrected-2026-08-12"},"geometry":{"type":"Point","coordinates":[77.0764184095,10.4822033477]}},{"type":"Feature","properties":{"treeNo":"31","plot":"Plot 1","coordinateSource":"Muthu_Farms_Plot1_Trees_Affine_Corrected_2026.gpkg/Plot1_Trees_Affine_Corrected_2026","coordinateVersion":"plot1-affine-corrected-2026-08-12"},"geometry":{"type":"Point","coordinates":[77.0763449408,10.4822153814]}},{"type":"Feature","properties":{"treeNo":"32","plot":"Plot 1","coordinateSource":"Muthu_Farms_Plot1_Trees_Affine_Corrected_2026.gpkg/Plot1_Trees_Affine_Corrected_2026","coordinateVersion":"plot1-affine-corrected-2026-08-12"},"geometry":{"type":"Point","coordinates":[77.0762753447,10.4822273768]}},{"type":"Feature","properties":{"treeNo":"33","plot":"Plot 1","coordinateSource":"Muthu_Farms_Plot1_Trees_Affine_Corrected_2026.gpkg/Plot1_Trees_Affine_Corrected_2026","coordinateVersion":"plot1-affine-corrected-2026-08-12"},"geometry":{"type":"Point","coordinates":[77.0762012967,10.4822329915]}},{"type":"Feature","properties":{"treeNo":"34","plot":"Plot 1","coordinateSource":"Muthu_Farms_Plot1_Trees_Affine_Corrected_2026.gpkg/Plot1_Trees_Affine_Corrected_2026","coordinateVersion":"plot1-affine-corrected-2026-08-12"},"geometry":{"type":"Point","coordinates":[77.076124444,10.4822422318]}},{"type":"Feature","properties":{"treeNo":"35","plot":"Plot 1","coordinateSource":"Muthu_Farms_Plot1_Trees_Affine_Corrected_2026.gpkg/Plot1_Trees_Affine_Corrected_2026","coordinateVersion":"plot1-affine-corrected-2026-08-12"},"geometry":{"type":"Point","coordinates":[77.0760532207,10.4822462767]}},{"type":"Feature","properties":{"treeNo":"36","plot":"Plot 1","coordinateSource":"Muthu_Farms_Plot1_Trees_Affine_Corrected_2026.gpkg/Plot1_Trees_Affine_Corrected_2026","coordinateVersion":"plot1-affine-corrected-2026-08-12"},"geometry":{"type":"Point","coordinates":[77.0759781702,10.4822549851]}},{"type":"Feature","properties":{"treeNo":"37","plot":"Plot 1","coordinateSource":"Muthu_Farms_Plot1_Trees_Affine_Corrected_2026.gpkg/Plot1_Trees_Affine_Corrected_2026","coordinateVersion":"plot1-affine-corrected-2026-08-12"},"geometry":{"type":"Point","coordinates":[77.0768959125,10.4820549715]}},{"type":"Feature","properties":{"treeNo":"38","plot":"Plot 1","coordinateSource":"Muthu_Farms_Plot1_Trees_Affine_Corrected_2026.gpkg/Plot1_Trees_Affine_Corrected_2026","coordinateVersion":"plot1-affine-corrected-2026-08-12"},"geometry":{"type":"Point","coordinates":[77.0768383027,10.4820649211]}},{"type":"Feature","properties":{"treeNo":"39","plot":"Plot 1","coordinateSource":"Muthu_Farms_Plot1_Trees_Affine_Corrected_2026.gpkg/Plot1_Trees_Affine_Corrected_2026","coordinateVersion":"plot1-affine-corrected-2026-08-12"},"geometry":{"type":"Point","coordinates":[77.0767639242,10.4820763214]}},{"type":"Feature","properties":{"treeNo":"40","plot":"Plot 1","coordinateSource":"Muthu_Farms_Plot1_Trees_Affine_Corrected_2026.gpkg/Plot1_Trees_Affine_Corrected_2026","coordinateVersion":"plot1-affine-corrected-2026-08-12"},"geometry":{"type":"Point","coordinates":[77.0766945737,10.4820870295]}},{"type":"Feature","properties":{"treeNo":"41","plot":"Plot 1","coordinateSource":"Muthu_Farms_Plot1_Trees_Affine_Corrected_2026.gpkg/Plot1_Trees_Affine_Corrected_2026","coordinateVersion":"plot1-affine-corrected-2026-08-12"},"geometry":{"type":"Point","coordinates":[77.0766177388,10.4820980686]}},{"type":"Feature","properties":{"treeNo":"42","plot":"Plot 1","coordinateSource":"Muthu_Farms_Plot1_Trees_Affine_Corrected_2026.gpkg/Plot1_Trees_Affine_Corrected_2026","coordinateVersion":"plot1-affine-corrected-2026-08-12"},"geometry":{"type":"Point","coordinates":[77.0765538327,10.4821110358]}},{"type":"Feature","properties":{"treeNo":"43","plot":"Plot 1","coordinateSource":"Muthu_Farms_Plot1_Trees_Affine_Corrected_2026.gpkg/Plot1_Trees_Affine_Corrected_2026","coordinateVersion":"plot1-affine-corrected-2026-08-12"},"geometry":{"type":"Point","coordinates":[77.0764780153,10.4821205229]}},{"type":"Feature","properties":{"treeNo":"44","plot":"Plot 1","coordinateSource":"Muthu_Farms_Plot1_Trees_Affine_Corrected_2026.gpkg/Plot1_Trees_Affine_Corrected_2026","coordinateVersion":"plot1-affine-corrected-2026-08-12"},"geometry":{"type":"Point","coordinates":[77.0764021368,10.4821369492]}},{"type":"Feature","properties":{"treeNo":"45","plot":"Plot 1","coordinateSource":"Muthu_Farms_Plot1_Trees_Affine_Corrected_2026.gpkg/Plot1_Trees_Affine_Corrected_2026","coordinateVersion":"plot1-affine-corrected-2026-08-12"},"geometry":{"type":"Point","coordinates":[77.0763323751,10.4821452199]}},{"type":"Feature","properties":{"treeNo":"46","plot":"Plot 1","coordinateSource":"Muthu_Farms_Plot1_Trees_Affine_Corrected_2026.gpkg/Plot1_Trees_Affine_Corrected_2026","coordinateVersion":"plot1-affine-corrected-2026-08-12"},"geometry":{"type":"Point","coordinates":[77.0762633527,10.4821498856]}},{"type":"Feature","properties":{"treeNo":"47","plot":"Plot 1","coordinateSource":"Muthu_Farms_Plot1_Trees_Affine_Corrected_2026.gpkg/Plot1_Trees_Affine_Corrected_2026","coordinateVersion":"plot1-affine-corrected-2026-08-12"},"geometry":{"type":"Point","coordinates":[77.0761865126,10.4821604107]}},{"type":"Feature","properties":{"treeNo":"48","plot":"Plot 1","coordinateSource":"Muthu_Farms_Plot1_Trees_Affine_Corrected_2026.gpkg/Plot1_Trees_Affine_Corrected_2026","coordinateVersion":"plot1-affine-corrected-2026-08-12"},"geometry":{"type":"Point","coordinates":[77.0761075668,10.4821668448]}},{"type":"Feature","properties":{"treeNo":"49","plot":"Plot 1","coordinateSource":"Muthu_Farms_Plot1_Trees_Affine_Corrected_2026.gpkg/Plot1_Trees_Affine_Corrected_2026","coordinateVersion":"plot1-affine-corrected-2026-08-12"},"geometry":{"type":"Point","coordinates":[77.0760441719,10.4821792928]}},{"type":"Feature","properties":{"treeNo":"50","plot":"Plot 1","coordinateSource":"Muthu_Farms_Plot1_Trees_Affine_Corrected_2026.gpkg/Plot1_Trees_Affine_Corrected_2026","coordinateVersion":"plot1-affine-corrected-2026-08-12"},"geometry":{"type":"Point","coordinates":[77.0759668256,10.4821908508]}},{"type":"Feature","properties":{"treeNo":"58","plot":"Plot 1","coordinateSource":"Muthu_Farms_Plot1_Trees_Affine_Corrected_2026.gpkg/Plot1_Trees_Affine_Corrected_2026","coordinateVersion":"plot1-affine-corrected-2026-08-12"},"geometry":{"type":"Point","coordinates":[77.0768870613,10.481981818]}},{"type":"Feature","properties":{"treeNo":"59","plot":"Plot 1","coordinateSource":"Muthu_Farms_Plot1_Trees_Affine_Corrected_2026.gpkg/Plot1_Trees_Affine_Corrected_2026","coordinateVersion":"plot1-affine-corrected-2026-08-12"},"geometry":{"type":"Point","coordinates":[77.0768257369,10.4819947597]}},{"type":"Feature","properties":{"treeNo":"60","plot":"Plot 1","coordinateSource":"Muthu_Farms_Plot1_Trees_Affine_Corrected_2026.gpkg/Plot1_Trees_Affine_Corrected_2026","coordinateVersion":"plot1-affine-corrected-2026-08-12"},"geometry":{"type":"Point","coordinates":[77.0767537871,10.4820036946]}},{"type":"Feature","properties":{"treeNo":"61","plot":"Plot 1","coordinateSource":"Muthu_Farms_Plot1_Trees_Affine_Corrected_2026.gpkg/Plot1_Trees_Affine_Corrected_2026","coordinateVersion":"plot1-affine-corrected-2026-08-12"},"geometry":{"type":"Point","coordinates":[77.0766823587,10.4820131384]}},{"type":"Feature","properties":{"treeNo":"62","plot":"Plot 1","coordinateSource":"Muthu_Farms_Plot1_Trees_Affine_Corrected_2026.gpkg/Plot1_Trees_Affine_Corrected_2026","coordinateVersion":"plot1-affine-corrected-2026-08-12"},"geometry":{"type":"Point","coordinates":[77.0766119781,10.4820241136]}},{"type":"Feature","properties":{"treeNo":"63","plot":"Plot 1","coordinateSource":"Muthu_Farms_Plot1_Trees_Affine_Corrected_2026.gpkg/Plot1_Trees_Affine_Corrected_2026","coordinateVersion":"plot1-affine-corrected-2026-08-12"},"geometry":{"type":"Point","coordinates":[77.07653875,10.4820343461]}},{"type":"Feature","properties":{"treeNo":"64","plot":"Plot 1","coordinateSource":"Muthu_Farms_Plot1_Trees_Affine_Corrected_2026.gpkg/Plot1_Trees_Affine_Corrected_2026","coordinateVersion":"plot1-affine-corrected-2026-08-12"},"geometry":{"type":"Point","coordinates":[77.0764650283,10.4820468963]}},{"type":"Feature","properties":{"treeNo":"65","plot":"Plot 1","coordinateSource":"Muthu_Farms_Plot1_Trees_Affine_Corrected_2026.gpkg/Plot1_Trees_Affine_Corrected_2026","coordinateVersion":"plot1-affine-corrected-2026-08-12"},"geometry":{"type":"Point","coordinates":[77.076396703,10.4820568233]}},{"type":"Feature","properties":{"treeNo":"66","plot":"Plot 1","coordinateSource":"Muthu_Farms_Plot1_Trees_Affine_Corrected_2026.gpkg/Plot1_Trees_Affine_Corrected_2026","coordinateVersion":"plot1-affine-corrected-2026-08-12"},"geometry":{"type":"Point","coordinates":[77.0763244773,10.4820639619]}},{"type":"Feature","properties":{"treeNo":"67","plot":"Plot 1","coordinateSource":"Muthu_Farms_Plot1_Trees_Affine_Corrected_2026.gpkg/Plot1_Trees_Affine_Corrected_2026","coordinateVersion":"plot1-affine-corrected-2026-08-12"},"geometry":{"type":"Point","coordinates":[77.0762527806,10.4820723803]}},{"type":"Feature","properties":{"treeNo":"68","plot":"Plot 1","coordinateSource":"Muthu_Farms_Plot1_Trees_Affine_Corrected_2026.gpkg/Plot1_Trees_Affine_Corrected_2026","coordinateVersion":"plot1-affine-corrected-2026-08-12"},"geometry":{"type":"Point","coordinates":[77.076177011,10.4820867496]}},{"type":"Feature","properties":{"treeNo":"69","plot":"Plot 1","coordinateSource":"Muthu_Farms_Plot1_Trees_Affine_Corrected_2026.gpkg/Plot1_Trees_Affine_Corrected_2026","coordinateVersion":"plot1-affine-corrected-2026-08-12"},"geometry":{"type":"Point","coordinates":[77.0760983385,10.4820947229]}},{"type":"Feature","properties":{"treeNo":"70","plot":"Plot 1","coordinateSource":"Muthu_Farms_Plot1_Trees_Affine_Corrected_2026.gpkg/Plot1_Trees_Affine_Corrected_2026","coordinateVersion":"plot1-affine-corrected-2026-08-12"},"geometry":{"type":"Point","coordinates":[77.0760256696,10.4821093185]}},{"type":"Feature","properties":{"treeNo":"71","plot":"Plot 1","coordinateSource":"Muthu_Farms_Plot1_Trees_Affine_Corrected_2026.gpkg/Plot1_Trees_Affine_Corrected_2026","coordinateVersion":"plot1-affine-corrected-2026-08-12"},"geometry":{"type":"Point","coordinates":[77.075950667,10.4821229092]}},{"type":"Feature","properties":{"treeNo":"78","plot":"Plot 1","coordinateSource":"Muthu_Farms_Plot1_Trees_Affine_Corrected_2026.gpkg/Plot1_Trees_Affine_Corrected_2026","coordinateVersion":"plot1-affine-corrected-2026-08-12"},"geometry":{"type":"Point","coordinates":[77.0768752889,10.4819135761]}},{"type":"Feature","properties":{"treeNo":"79","plot":"Plot 1","coordinateSource":"Muthu_Farms_Plot1_Trees_Affine_Corrected_2026.gpkg/Plot1_Trees_Affine_Corrected_2026","coordinateVersion":"plot1-affine-corrected-2026-08-12"},"geometry":{"type":"Point","coordinates":[77.0768123601,10.48192088]}},{"type":"Feature","properties":{"treeNo":"80","plot":"Plot 1","coordinateSource":"Muthu_Farms_Plot1_Trees_Affine_Corrected_2026.gpkg/Plot1_Trees_Affine_Corrected_2026","coordinateVersion":"plot1-affine-corrected-2026-08-12"},"geometry":{"type":"Point","coordinates":[77.0767468949,10.4819328346]}},{"type":"Feature","properties":{"treeNo":"81","plot":"Plot 1","coordinateSource":"Muthu_Farms_Plot1_Trees_Affine_Corrected_2026.gpkg/Plot1_Trees_Affine_Corrected_2026","coordinateVersion":"plot1-affine-corrected-2026-08-12"},"geometry":{"type":"Point","coordinates":[77.0766757146,10.481941248]}},{"type":"Feature","properties":{"treeNo":"82","plot":"Plot 1","coordinateSource":"Muthu_Farms_Plot1_Trees_Affine_Corrected_2026.gpkg/Plot1_Trees_Affine_Corrected_2026","coordinateVersion":"plot1-affine-corrected-2026-08-12"},"geometry":{"type":"Point","coordinates":[77.0766040431,10.481952236]}},{"type":"Feature","properties":{"treeNo":"83","plot":"Plot 1","coordinateSource":"Muthu_Farms_Plot1_Trees_Affine_Corrected_2026.gpkg/Plot1_Trees_Affine_Corrected_2026","coordinateVersion":"plot1-affine-corrected-2026-08-12"},"geometry":{"type":"Point","coordinates":[77.0765287219,10.4819596623]}},{"type":"Feature","properties":{"treeNo":"84","plot":"Plot 1","coordinateSource":"Muthu_Farms_Plot1_Trees_Affine_Corrected_2026.gpkg/Plot1_Trees_Affine_Corrected_2026","coordinateVersion":"plot1-affine-corrected-2026-08-12"},"geometry":{"type":"Point","coordinates":[77.0764549548,10.4819675872]}},{"type":"Feature","properties":{"treeNo":"85","plot":"Plot 1","coordinateSource":"Muthu_Farms_Plot1_Trees_Affine_Corrected_2026.gpkg/Plot1_Trees_Affine_Corrected_2026","coordinateVersion":"plot1-affine-corrected-2026-08-12"},"geometry":{"type":"Point","coordinates":[77.0763825971,10.4819875765]}},{"type":"Feature","properties":{"treeNo":"86","plot":"Plot 1","coordinateSource":"Muthu_Farms_Plot1_Trees_Affine_Corrected_2026.gpkg/Plot1_Trees_Affine_Corrected_2026","coordinateVersion":"plot1-affine-corrected-2026-08-12"},"geometry":{"type":"Point","coordinates":[77.0763152692,10.4819938958]}},{"type":"Feature","properties":{"treeNo":"87","plot":"Plot 1","coordinateSource":"Muthu_Farms_Plot1_Trees_Affine_Corrected_2026.gpkg/Plot1_Trees_Affine_Corrected_2026","coordinateVersion":"plot1-affine-corrected-2026-08-12"},"geometry":{"type":"Point","coordinates":[77.0762399883,10.4820054334]}},{"type":"Feature","properties":{"treeNo":"88","plot":"Plot 1","coordinateSource":"Muthu_Farms_Plot1_Trees_Affine_Corrected_2026.gpkg/Plot1_Trees_Affine_Corrected_2026","coordinateVersion":"plot1-affine-corrected-2026-08-12"},"geometry":{"type":"Point","coordinates":[77.0761675069,10.4820128316]}},{"type":"Feature","properties":{"treeNo":"89","plot":"Plot 1","coordinateSource":"Muthu_Farms_Plot1_Trees_Affine_Corrected_2026.gpkg/Plot1_Trees_Affine_Corrected_2026","coordinateVersion":"plot1-affine-corrected-2026-08-12"},"geometry":{"type":"Point","coordinates":[77.0760865462,10.4820244253]}},{"type":"Feature","properties":{"treeNo":"90","plot":"Plot 1","coordinateSource":"Muthu_Farms_Plot1_Trees_Affine_Corrected_2026.gpkg/Plot1_Trees_Affine_Corrected_2026","coordinateVersion":"plot1-affine-corrected-2026-08-12"},"geometry":{"type":"Point","coordinates":[77.0760123005,10.4820362096]}},{"type":"Feature","properties":{"treeNo":"91","plot":"Plot 1","coordinateSource":"Muthu_Farms_Plot1_Trees_Affine_Corrected_2026.gpkg/Plot1_Trees_Affine_Corrected_2026","coordinateVersion":"plot1-affine-corrected-2026-08-12"},"geometry":{"type":"Point","coordinates":[77.0759447572,10.4820468997]}},{"type":"Feature","properties":{"treeNo":"100","plot":"Plot 1","coordinateSource":"Muthu_Farms_Plot1_Trees_Affine_Corrected_2026.gpkg/Plot1_Trees_Affine_Corrected_2026","coordinateVersion":"plot1-affine-corrected-2026-08-12"},"geometry":{"type":"Point","coordinates":[77.0768668098,10.4818388771]}},{"type":"Feature","properties":{"treeNo":"101","plot":"Plot 1","coordinateSource":"Muthu_Farms_Plot1_Trees_Affine_Corrected_2026.gpkg/Plot1_Trees_Affine_Corrected_2026","coordinateVersion":"plot1-affine-corrected-2026-08-12"},"geometry":{"type":"Point","coordinates":[77.0768036329,10.4818472113]}},{"type":"Feature","properties":{"treeNo":"102","plot":"Plot 1","coordinateSource":"Muthu_Farms_Plot1_Trees_Affine_Corrected_2026.gpkg/Plot1_Trees_Affine_Corrected_2026","coordinateVersion":"plot1-affine-corrected-2026-08-12"},"geometry":{"type":"Point","coordinates":[77.0767368315,10.4818545534]}},{"type":"Feature","properties":{"treeNo":"103","plot":"Plot 1","coordinateSource":"Muthu_Farms_Plot1_Trees_Affine_Corrected_2026.gpkg/Plot1_Trees_Affine_Corrected_2026","coordinateVersion":"plot1-affine-corrected-2026-08-12"},"geometry":{"type":"Point","coordinates":[77.0766623504,10.4818686531]}},{"type":"Feature","properties":{"treeNo":"104","plot":"Plot 1","coordinateSource":"Muthu_Farms_Plot1_Trees_Affine_Corrected_2026.gpkg/Plot1_Trees_Affine_Corrected_2026","coordinateVersion":"plot1-affine-corrected-2026-08-12"},"geometry":{"type":"Point","coordinates":[77.0765823871,10.4818766393]}},{"type":"Feature","properties":{"treeNo":"105","plot":"Plot 1","coordinateSource":"Muthu_Farms_Plot1_Trees_Affine_Corrected_2026.gpkg/Plot1_Trees_Affine_Corrected_2026","coordinateVersion":"plot1-affine-corrected-2026-08-12"},"geometry":{"type":"Point","coordinates":[77.0765197997,10.4818924202]}},{"type":"Feature","properties":{"treeNo":"106","plot":"Plot 1","coordinateSource":"Muthu_Farms_Plot1_Trees_Affine_Corrected_2026.gpkg/Plot1_Trees_Affine_Corrected_2026","coordinateVersion":"plot1-affine-corrected-2026-08-12"},"geometry":{"type":"Point","coordinates":[77.0764390997,10.4819042684]}},{"type":"Feature","properties":{"treeNo":"107","plot":"Plot 1","coordinateSource":"Muthu_Farms_Plot1_Trees_Affine_Corrected_2026.gpkg/Plot1_Trees_Affine_Corrected_2026","coordinateVersion":"plot1-affine-corrected-2026-08-12"},"geometry":{"type":"Point","coordinates":[77.0763736446,10.4819172509]}},{"type":"Feature","properties":{"treeNo":"108","plot":"Plot 1","coordinateSource":"Muthu_Farms_Plot1_Trees_Affine_Corrected_2026.gpkg/Plot1_Trees_Affine_Corrected_2026","coordinateVersion":"plot1-affine-corrected-2026-08-12"},"geometry":{"type":"Point","coordinates":[77.0762977768,10.4819215987]}},{"type":"Feature","properties":{"treeNo":"109","plot":"Plot 1","coordinateSource":"Muthu_Farms_Plot1_Trees_Affine_Corrected_2026.gpkg/Plot1_Trees_Affine_Corrected_2026","coordinateVersion":"plot1-affine-corrected-2026-08-12"},"geometry":{"type":"Point","coordinates":[77.0762271733,10.4819361739]}},{"type":"Feature","properties":{"treeNo":"110","plot":"Plot 1","coordinateSource":"Muthu_Farms_Plot1_Trees_Affine_Corrected_2026.gpkg/Plot1_Trees_Affine_Corrected_2026","coordinateVersion":"plot1-affine-corrected-2026-08-12"},"geometry":{"type":"Point","coordinates":[77.0761461798,10.4819444271]}},{"type":"Feature","properties":{"treeNo":"111","plot":"Plot 1","coordinateSource":"Muthu_Farms_Plot1_Trees_Affine_Corrected_2026.gpkg/Plot1_Trees_Affine_Corrected_2026","coordinateVersion":"plot1-affine-corrected-2026-08-12"},"geometry":{"type":"Point","coordinates":[77.0760670137,10.4819547182]}},{"type":"Feature","properties":{"treeNo":"112","plot":"Plot 1","coordinateSource":"Muthu_Farms_Plot1_Trees_Affine_Corrected_2026.gpkg/Plot1_Trees_Affine_Corrected_2026","coordinateVersion":"plot1-affine-corrected-2026-08-12"},"geometry":{"type":"Point","coordinates":[77.0760068894,10.4819583963]}},{"type":"Feature","properties":{"treeNo":"113","plot":"Plot 1","coordinateSource":"Muthu_Farms_Plot1_Trees_Affine_Corrected_2026.gpkg/Plot1_Trees_Affine_Corrected_2026","coordinateVersion":"plot1-affine-corrected-2026-08-12"},"geometry":{"type":"Point","coordinates":[77.0759267536,10.4819751216]}},{"type":"Feature","properties":{"treeNo":"122","plot":"Plot 1","coordinateSource":"Muthu_Farms_Plot1_Trees_Affine_Corrected_2026.gpkg/Plot1_Trees_Affine_Corrected_2026","coordinateVersion":"plot1-affine-corrected-2026-08-12"},"geometry":{"type":"Point","coordinates":[77.0767912711,10.4817715227]}},{"type":"Feature","properties":{"treeNo":"123","plot":"Plot 1","coordinateSource":"Muthu_Farms_Plot1_Trees_Affine_Corrected_2026.gpkg/Plot1_Trees_Affine_Corrected_2026","coordinateVersion":"plot1-affine-corrected-2026-08-12"},"geometry":{"type":"Point","coordinates":[77.076727355,10.481783462]}},{"type":"Feature","properties":{"treeNo":"124","plot":"Plot 1","coordinateSource":"Muthu_Farms_Plot1_Trees_Affine_Corrected_2026.gpkg/Plot1_Trees_Affine_Corrected_2026","coordinateVersion":"plot1-affine-corrected-2026-08-12"},"geometry":{"type":"Point","coordinates":[77.0766500063,10.4817947632]}},{"type":"Feature","properties":{"treeNo":"125","plot":"Plot 1","coordinateSource":"Muthu_Farms_Plot1_Trees_Affine_Corrected_2026.gpkg/Plot1_Trees_Affine_Corrected_2026","coordinateVersion":"plot1-affine-corrected-2026-08-12"},"geometry":{"type":"Point","coordinates":[77.0765780818,10.4818062677]}},{"type":"Feature","properties":{"treeNo":"126","plot":"Plot 1","coordinateSource":"Muthu_Farms_Plot1_Trees_Affine_Corrected_2026.gpkg/Plot1_Trees_Affine_Corrected_2026","coordinateVersion":"plot1-affine-corrected-2026-08-12"},"geometry":{"type":"Point","coordinates":[77.0765043197,10.4818147065]}},{"type":"Feature","properties":{"treeNo":"127","plot":"Plot 1","coordinateSource":"Muthu_Farms_Plot1_Trees_Affine_Corrected_2026.gpkg/Plot1_Trees_Affine_Corrected_2026","coordinateVersion":"plot1-affine-corrected-2026-08-12"},"geometry":{"type":"Point","coordinates":[77.0764298613,10.4818311188]}},{"type":"Feature","properties":{"treeNo":"128","plot":"Plot 1","coordinateSource":"Muthu_Farms_Plot1_Trees_Affine_Corrected_2026.gpkg/Plot1_Trees_Affine_Corrected_2026","coordinateVersion":"plot1-affine-corrected-2026-08-12"},"geometry":{"type":"Point","coordinates":[77.0763615461,10.4818420736]}},{"type":"Feature","properties":{"treeNo":"129","plot":"Plot 1","coordinateSource":"Muthu_Farms_Plot1_Trees_Affine_Corrected_2026.gpkg/Plot1_Trees_Affine_Corrected_2026","coordinateVersion":"plot1-affine-corrected-2026-08-12"},"geometry":{"type":"Point","coordinates":[77.0762888218,10.481851016]}},{"type":"Feature","properties":{"treeNo":"130","plot":"Plot 1","coordinateSource":"Muthu_Farms_Plot1_Trees_Affine_Corrected_2026.gpkg/Plot1_Trees_Affine_Corrected_2026","coordinateVersion":"plot1-affine-corrected-2026-08-12"},"geometry":{"type":"Point","coordinates":[77.0762122198,10.4818594829]}},{"type":"Feature","properties":{"treeNo":"131","plot":"Plot 1","coordinateSource":"Muthu_Farms_Plot1_Trees_Affine_Corrected_2026.gpkg/Plot1_Trees_Affine_Corrected_2026","coordinateVersion":"plot1-affine-corrected-2026-08-12"},"geometry":{"type":"Point","coordinates":[77.0761407914,10.4818689265]}},{"type":"Feature","properties":{"treeNo":"132","plot":"Plot 1","coordinateSource":"Muthu_Farms_Plot1_Trees_Affine_Corrected_2026.gpkg/Plot1_Trees_Affine_Corrected_2026","coordinateVersion":"plot1-affine-corrected-2026-08-12"},"geometry":{"type":"Point","coordinates":[77.076061109,10.4818792226]}},{"type":"Feature","properties":{"treeNo":"133","plot":"Plot 1","coordinateSource":"Muthu_Farms_Plot1_Trees_Affine_Corrected_2026.gpkg/Plot1_Trees_Affine_Corrected_2026","coordinateVersion":"plot1-affine-corrected-2026-08-12"},"geometry":{"type":"Point","coordinates":[77.0759883518,10.4818848246]}},{"type":"Feature","properties":{"treeNo":"134","plot":"Plot 1","coordinateSource":"Muthu_Farms_Plot1_Trees_Affine_Corrected_2026.gpkg/Plot1_Trees_Affine_Corrected_2026","coordinateVersion":"plot1-affine-corrected-2026-08-12"},"geometry":{"type":"Point","coordinates":[77.0759161867,10.4818981302]}},{"type":"Feature","properties":{"treeNo":"141","plot":"Plot 1","coordinateSource":"Muthu_Farms_Plot1_Trees_Affine_Corrected_2026.gpkg/Plot1_Trees_Affine_Corrected_2026","coordinateVersion":"plot1-affine-corrected-2026-08-12"},"geometry":{"type":"Point","coordinates":[77.0768801531,10.4816462627]}},{"type":"Feature","properties":{"treeNo":"142","plot":"Plot 1","coordinateSource":"Muthu_Farms_Plot1_Trees_Affine_Corrected_2026.gpkg/Plot1_Trees_Affine_Corrected_2026","coordinateVersion":"plot1-affine-corrected-2026-08-12"},"geometry":{"type":"Point","coordinates":[77.0768394919,10.4816862406]}},{"type":"Feature","properties":{"treeNo":"143","plot":"Plot 1","coordinateSource":"Muthu_Farms_Plot1_Trees_Affine_Corrected_2026.gpkg/Plot1_Trees_Affine_Corrected_2026","coordinateVersion":"plot1-affine-corrected-2026-08-12"},"geometry":{"type":"Point","coordinates":[77.0767887729,10.4817011332]}},{"type":"Feature","properties":{"treeNo":"144","plot":"Plot 1","coordinateSource":"Muthu_Farms_Plot1_Trees_Affine_Corrected_2026.gpkg/Plot1_Trees_Affine_Corrected_2026","coordinateVersion":"plot1-affine-corrected-2026-08-12"},"geometry":{"type":"Point","coordinates":[77.076710384,10.4817116737]}},{"type":"Feature","properties":{"treeNo":"145","plot":"Plot 1","coordinateSource":"Muthu_Farms_Plot1_Trees_Affine_Corrected_2026.gpkg/Plot1_Trees_Affine_Corrected_2026","coordinateVersion":"plot1-affine-corrected-2026-08-12"},"geometry":{"type":"Point","coordinates":[77.0766366598,10.481723967]}},{"type":"Feature","properties":{"treeNo":"146","plot":"Plot 1","coordinateSource":"Muthu_Farms_Plot1_Trees_Affine_Corrected_2026.gpkg/Plot1_Trees_Affine_Corrected_2026","coordinateVersion":"plot1-affine-corrected-2026-08-12"},"geometry":{"type":"Point","coordinates":[77.0765701947,10.4817392723]}},{"type":"Feature","properties":{"treeNo":"147","plot":"Plot 1","coordinateSource":"Muthu_Farms_Plot1_Trees_Affine_Corrected_2026.gpkg/Plot1_Trees_Affine_Corrected_2026","coordinateVersion":"plot1-affine-corrected-2026-08-12"},"geometry":{"type":"Point","coordinates":[77.0764933145,10.4817456861]}},{"type":"Feature","properties":{"treeNo":"148","plot":"Plot 1","coordinateSource":"Muthu_Farms_Plot1_Trees_Affine_Corrected_2026.gpkg/Plot1_Trees_Affine_Corrected_2026","coordinateVersion":"plot1-affine-corrected-2026-08-12"},"geometry":{"type":"Point","coordinates":[77.0764226959,10.4817587195]}},{"type":"Feature","properties":{"treeNo":"149","plot":"Plot 1","coordinateSource":"Muthu_Farms_Plot1_Trees_Affine_Corrected_2026.gpkg/Plot1_Trees_Affine_Corrected_2026","coordinateVersion":"plot1-affine-corrected-2026-08-12"},"geometry":{"type":"Point","coordinates":[77.076342773,10.481770817]}},{"type":"Feature","properties":{"treeNo":"150","plot":"Plot 1","coordinateSource":"Muthu_Farms_Plot1_Trees_Affine_Corrected_2026.gpkg/Plot1_Trees_Affine_Corrected_2026","coordinateVersion":"plot1-affine-corrected-2026-08-12"},"geometry":{"type":"Point","coordinates":[77.076279829,10.481776579]}},{"type":"Feature","properties":{"treeNo":"151","plot":"Plot 1","coordinateSource":"Muthu_Farms_Plot1_Trees_Affine_Corrected_2026.gpkg/Plot1_Trees_Affine_Corrected_2026","coordinateVersion":"plot1-affine-corrected-2026-08-12"},"geometry":{"type":"Point","coordinates":[77.0762044977,10.4817829774]}},{"type":"Feature","properties":{"treeNo":"152","plot":"Plot 1","coordinateSource":"Muthu_Farms_Plot1_Trees_Affine_Corrected_2026.gpkg/Plot1_Trees_Affine_Corrected_2026","coordinateVersion":"plot1-affine-corrected-2026-08-12"},"geometry":{"type":"Point","coordinates":[77.0761333426,10.4817939602]}},{"type":"Feature","properties":{"treeNo":"153","plot":"Plot 1","coordinateSource":"Muthu_Farms_Plot1_Trees_Affine_Corrected_2026.gpkg/Plot1_Trees_Affine_Corrected_2026","coordinateVersion":"plot1-affine-corrected-2026-08-12"},"geometry":{"type":"Point","coordinates":[77.0760464591,10.4818071544]}},{"type":"Feature","properties":{"treeNo":"154","plot":"Plot 1","coordinateSource":"Muthu_Farms_Plot1_Trees_Affine_Corrected_2026.gpkg/Plot1_Trees_Affine_Corrected_2026","coordinateVersion":"plot1-affine-corrected-2026-08-12"},"geometry":{"type":"Point","coordinates":[77.0759840491,10.4818147099]}},{"type":"Feature","properties":{"treeNo":"155","plot":"Plot 1","coordinateSource":"Muthu_Farms_Plot1_Trees_Affine_Corrected_2026.gpkg/Plot1_Trees_Affine_Corrected_2026","coordinateVersion":"plot1-affine-corrected-2026-08-12"},"geometry":{"type":"Point","coordinates":[77.0759007951,10.4818294101]}},{"type":"Feature","properties":{"treeNo":"163","plot":"Plot 1","coordinateSource":"Muthu_Farms_Plot1_Trees_Affine_Corrected_2026.gpkg/Plot1_Trees_Affine_Corrected_2026","coordinateVersion":"plot1-affine-corrected-2026-08-12"},"geometry":{"type":"Point","coordinates":[77.076869591,10.4815697853]}},{"type":"Feature","properties":{"treeNo":"164","plot":"Plot 1","coordinateSource":"Muthu_Farms_Plot1_Trees_Affine_Corrected_2026.gpkg/Plot1_Trees_Affine_Corrected_2026","coordinateVersion":"plot1-affine-corrected-2026-08-12"},"geometry":{"type":"Point","coordinates":[77.076829494,10.4816146403]}},{"type":"Feature","properties":{"treeNo":"165","plot":"Plot 1","coordinateSource":"Muthu_Farms_Plot1_Trees_Affine_Corrected_2026.gpkg/Plot1_Trees_Affine_Corrected_2026","coordinateVersion":"plot1-affine-corrected-2026-08-12"},"geometry":{"type":"Point","coordinates":[77.0767727261,10.4816182854]}},{"type":"Feature","properties":{"treeNo":"166","plot":"Plot 1","coordinateSource":"Muthu_Farms_Plot1_Trees_Affine_Corrected_2026.gpkg/Plot1_Trees_Affine_Corrected_2026","coordinateVersion":"plot1-affine-corrected-2026-08-12"},"geometry":{"type":"Point","coordinates":[77.0766959619,10.4816365194]}},{"type":"Feature","properties":{"treeNo":"167","plot":"Plot 1","coordinateSource":"Muthu_Farms_Plot1_Trees_Affine_Corrected_2026.gpkg/Plot1_Trees_Affine_Corrected_2026","coordinateVersion":"plot1-affine-corrected-2026-08-12"},"geometry":{"type":"Point","coordinates":[77.0766243006,10.4816485353]}},{"type":"Feature","properties":{"treeNo":"168","plot":"Plot 1","coordinateSource":"Muthu_Farms_Plot1_Trees_Affine_Corrected_2026.gpkg/Plot1_Trees_Affine_Corrected_2026","coordinateVersion":"plot1-affine-corrected-2026-08-12"},"geometry":{"type":"Point","coordinates":[77.0765593089,10.4816561165]}},{"type":"Feature","properties":{"treeNo":"169","plot":"Plot 1","coordinateSource":"Muthu_Farms_Plot1_Trees_Affine_Corrected_2026.gpkg/Plot1_Trees_Affine_Corrected_2026","coordinateVersion":"plot1-affine-corrected-2026-08-12"},"geometry":{"type":"Point","coordinates":[77.0764840987,10.481674849]}},{"type":"Feature","properties":{"treeNo":"170","plot":"Plot 1","coordinateSource":"Muthu_Farms_Plot1_Trees_Affine_Corrected_2026.gpkg/Plot1_Trees_Affine_Corrected_2026","coordinateVersion":"plot1-affine-corrected-2026-08-12"},"geometry":{"type":"Point","coordinates":[77.0764077701,10.4816848551]}},{"type":"Feature","properties":{"treeNo":"171","plot":"Plot 1","coordinateSource":"Muthu_Farms_Plot1_Trees_Affine_Corrected_2026.gpkg/Plot1_Trees_Affine_Corrected_2026","coordinateVersion":"plot1-affine-corrected-2026-08-12"},"geometry":{"type":"Point","coordinates":[77.0763246138,10.4816963421]}},{"type":"Feature","properties":{"treeNo":"172","plot":"Plot 1","coordinateSource":"Muthu_Farms_Plot1_Trees_Affine_Corrected_2026.gpkg/Plot1_Trees_Affine_Corrected_2026","coordinateVersion":"plot1-affine-corrected-2026-08-12"},"geometry":{"type":"Point","coordinates":[77.0762611963,10.4817064775]}},{"type":"Feature","properties":{"treeNo":"173","plot":"Plot 1","coordinateSource":"Muthu_Farms_Plot1_Trees_Affine_Corrected_2026.gpkg/Plot1_Trees_Affine_Corrected_2026","coordinateVersion":"plot1-affine-corrected-2026-08-12"},"geometry":{"type":"Point","coordinates":[77.0761852638,10.4817173791]}},{"type":"Feature","properties":{"treeNo":"174","plot":"Plot 1","coordinateSource":"Muthu_Farms_Plot1_Trees_Affine_Corrected_2026.gpkg/Plot1_Trees_Affine_Corrected_2026","coordinateVersion":"plot1-affine-corrected-2026-08-12"},"geometry":{"type":"Point","coordinates":[77.0761182092,10.4817252375]}},{"type":"Feature","properties":{"treeNo":"175","plot":"Plot 1","coordinateSource":"Muthu_Farms_Plot1_Trees_Affine_Corrected_2026.gpkg/Plot1_Trees_Affine_Corrected_2026","coordinateVersion":"plot1-affine-corrected-2026-08-12"},"geometry":{"type":"Point","coordinates":[77.0760421009,10.4817313866]}},{"type":"Feature","properties":{"treeNo":"176","plot":"Plot 1","coordinateSource":"Muthu_Farms_Plot1_Trees_Affine_Corrected_2026.gpkg/Plot1_Trees_Affine_Corrected_2026","coordinateVersion":"plot1-affine-corrected-2026-08-12"},"geometry":{"type":"Point","coordinates":[77.0759709382,10.4817415985]}},{"type":"Feature","properties":{"treeNo":"177","plot":"Plot 1","coordinateSource":"Muthu_Farms_Plot1_Trees_Affine_Corrected_2026.gpkg/Plot1_Trees_Affine_Corrected_2026","coordinateVersion":"plot1-affine-corrected-2026-08-12"},"geometry":{"type":"Point","coordinates":[77.0758940705,10.4817492969]}},{"type":"Feature","properties":{"treeNo":"185","plot":"Plot 1","coordinateSource":"Muthu_Farms_Plot1_Trees_Affine_Corrected_2026.gpkg/Plot1_Trees_Affine_Corrected_2026","coordinateVersion":"plot1-affine-corrected-2026-08-12"},"geometry":{"type":"Point","coordinates":[77.0768619823,10.4815048431]}},{"type":"Feature","properties":{"treeNo":"186","plot":"Plot 1","coordinateSource":"Muthu_Farms_Plot1_Trees_Affine_Corrected_2026.gpkg/Plot1_Trees_Affine_Corrected_2026","coordinateVersion":"plot1-affine-corrected-2026-08-12"},"geometry":{"type":"Point","coordinates":[77.0768154133,10.4815479632]}},{"type":"Feature","properties":{"treeNo":"187","plot":"Plot 1","coordinateSource":"Muthu_Farms_Plot1_Trees_Affine_Corrected_2026.gpkg/Plot1_Trees_Affine_Corrected_2026","coordinateVersion":"plot1-affine-corrected-2026-08-12"},"geometry":{"type":"Point","coordinates":[77.0767597286,10.4815567373]}},{"type":"Feature","properties":{"treeNo":"188","plot":"Plot 1","coordinateSource":"Muthu_Farms_Plot1_Trees_Affine_Corrected_2026.gpkg/Plot1_Trees_Affine_Corrected_2026","coordinateVersion":"plot1-affine-corrected-2026-08-12"},"geometry":{"type":"Point","coordinates":[77.076689576,10.4815646265]}},{"type":"Feature","properties":{"treeNo":"189","plot":"Plot 1","coordinateSource":"Muthu_Farms_Plot1_Trees_Affine_Corrected_2026.gpkg/Plot1_Trees_Affine_Corrected_2026","coordinateVersion":"plot1-affine-corrected-2026-08-12"},"geometry":{"type":"Point","coordinates":[77.0766225568,10.4815760825]}},{"type":"Feature","properties":{"treeNo":"191","plot":"Plot 1","coordinateSource":"Muthu_Farms_Plot1_Trees_Affine_Corrected_2026.gpkg/Plot1_Trees_Affine_Corrected_2026","coordinateVersion":"plot1-affine-corrected-2026-08-12"},"geometry":{"type":"Point","coordinates":[77.0765483137,10.4815881239]}},{"type":"Feature","properties":{"treeNo":"192","plot":"Plot 1","coordinateSource":"Muthu_Farms_Plot1_Trees_Affine_Corrected_2026.gpkg/Plot1_Trees_Affine_Corrected_2026","coordinateVersion":"plot1-affine-corrected-2026-08-12"},"geometry":{"type":"Point","coordinates":[77.0764704361,10.4815981453]}},{"type":"Feature","properties":{"treeNo":"193","plot":"Plot 1","coordinateSource":"Muthu_Farms_Plot1_Trees_Affine_Corrected_2026.gpkg/Plot1_Trees_Affine_Corrected_2026","coordinateVersion":"plot1-affine-corrected-2026-08-12"},"geometry":{"type":"Point","coordinates":[77.0763972762,10.4816153157]}},{"type":"Feature","properties":{"treeNo":"194","plot":"Plot 1","coordinateSource":"Muthu_Farms_Plot1_Trees_Affine_Corrected_2026.gpkg/Plot1_Trees_Affine_Corrected_2026","coordinateVersion":"plot1-affine-corrected-2026-08-12"},"geometry":{"type":"Point","coordinates":[77.0763193834,10.4816237953]}},{"type":"Feature","properties":{"treeNo":"195","plot":"Plot 1","coordinateSource":"Muthu_Farms_Plot1_Trees_Affine_Corrected_2026.gpkg/Plot1_Trees_Affine_Corrected_2026","coordinateVersion":"plot1-affine-corrected-2026-08-12"},"geometry":{"type":"Point","coordinates":[77.0762522835,10.4816270285]}},{"type":"Feature","properties":{"treeNo":"196","plot":"Plot 1","coordinateSource":"Muthu_Farms_Plot1_Trees_Affine_Corrected_2026.gpkg/Plot1_Trees_Affine_Corrected_2026","coordinateVersion":"plot1-affine-corrected-2026-08-12"},"geometry":{"type":"Point","coordinates":[77.0761790731,10.4816390595]}},{"type":"Feature","properties":{"treeNo":"197","plot":"Plot 1","coordinateSource":"Muthu_Farms_Plot1_Trees_Affine_Corrected_2026.gpkg/Plot1_Trees_Affine_Corrected_2026","coordinateVersion":"plot1-affine-corrected-2026-08-12"},"geometry":{"type":"Point","coordinates":[77.0761084192,10.4816484955]}},{"type":"Feature","properties":{"treeNo":"198","plot":"Plot 1","coordinateSource":"Muthu_Farms_Plot1_Trees_Affine_Corrected_2026.gpkg/Plot1_Trees_Affine_Corrected_2026","coordinateVersion":"plot1-affine-corrected-2026-08-12"},"geometry":{"type":"Point","coordinates":[77.076029524,10.4816600688]}},{"type":"Feature","properties":{"treeNo":"199","plot":"Plot 1","coordinateSource":"Muthu_Farms_Plot1_Trees_Affine_Corrected_2026.gpkg/Plot1_Trees_Affine_Corrected_2026","coordinateVersion":"plot1-affine-corrected-2026-08-12"},"geometry":{"type":"Point","coordinates":[77.0759558224,10.4816746745]}},{"type":"Feature","properties":{"treeNo":"200","plot":"Plot 1","coordinateSource":"Muthu_Farms_Plot1_Trees_Affine_Corrected_2026.gpkg/Plot1_Trees_Affine_Corrected_2026","coordinateVersion":"plot1-affine-corrected-2026-08-12"},"geometry":{"type":"Point","coordinates":[77.0758783118,10.4816826363]}},{"type":"Feature","properties":{"treeNo":"207","plot":"Plot 1","coordinateSource":"Muthu_Farms_Plot1_Trees_Affine_Corrected_2026.gpkg/Plot1_Trees_Affine_Corrected_2026","coordinateVersion":"plot1-affine-corrected-2026-08-12"},"geometry":{"type":"Point","coordinates":[77.07685434,10.4814233256]}},{"type":"Feature","properties":{"treeNo":"208","plot":"Plot 1","coordinateSource":"Muthu_Farms_Plot1_Trees_Affine_Corrected_2026.gpkg/Plot1_Trees_Affine_Corrected_2026","coordinateVersion":"plot1-affine-corrected-2026-08-12"},"geometry":{"type":"Point","coordinates":[77.0768091174,10.4814720861]}},{"type":"Feature","properties":{"treeNo":"209","plot":"Plot 1","coordinateSource":"Muthu_Farms_Plot1_Trees_Affine_Corrected_2026.gpkg/Plot1_Trees_Affine_Corrected_2026","coordinateVersion":"plot1-affine-corrected-2026-08-12"},"geometry":{"type":"Point","coordinates":[77.0767588997,10.4814854319]}},{"type":"Feature","properties":{"treeNo":"210","plot":"Plot 1","coordinateSource":"Muthu_Farms_Plot1_Trees_Affine_Corrected_2026.gpkg/Plot1_Trees_Affine_Corrected_2026","coordinateVersion":"plot1-affine-corrected-2026-08-12"},"geometry":{"type":"Point","coordinates":[77.0766786935,10.4814949624]}},{"type":"Feature","properties":{"treeNo":"211","plot":"Plot 1","coordinateSource":"Muthu_Farms_Plot1_Trees_Affine_Corrected_2026.gpkg/Plot1_Trees_Affine_Corrected_2026","coordinateVersion":"plot1-affine-corrected-2026-08-12"},"geometry":{"type":"Point","coordinates":[77.076601011,10.4814985573]}},{"type":"Feature","properties":{"treeNo":"212","plot":"Plot 1","coordinateSource":"Muthu_Farms_Plot1_Trees_Affine_Corrected_2026.gpkg/Plot1_Trees_Affine_Corrected_2026","coordinateVersion":"plot1-affine-corrected-2026-08-12"},"geometry":{"type":"Point","coordinates":[77.0765278284,10.481513415]}},{"type":"Feature","properties":{"treeNo":"213","plot":"Plot 1","coordinateSource":"Muthu_Farms_Plot1_Trees_Affine_Corrected_2026.gpkg/Plot1_Trees_Affine_Corrected_2026","coordinateVersion":"plot1-affine-corrected-2026-08-12"},"geometry":{"type":"Point","coordinates":[77.0764628595,10.4815233088]}},{"type":"Feature","properties":{"treeNo":"214","plot":"Plot 1","coordinateSource":"Muthu_Farms_Plot1_Trees_Affine_Corrected_2026.gpkg/Plot1_Trees_Affine_Corrected_2026","coordinateVersion":"plot1-affine-corrected-2026-08-12"},"geometry":{"type":"Point","coordinates":[77.0763804406,10.4815441685]}},{"type":"Feature","properties":{"treeNo":"215","plot":"Plot 1","coordinateSource":"Muthu_Farms_Plot1_Trees_Affine_Corrected_2026.gpkg/Plot1_Trees_Affine_Corrected_2026","coordinateVersion":"plot1-affine-corrected-2026-08-12"},"geometry":{"type":"Point","coordinates":[77.0763082579,10.4815556755]}},{"type":"Feature","properties":{"treeNo":"216","plot":"Plot 1","coordinateSource":"Muthu_Farms_Plot1_Trees_Affine_Corrected_2026.gpkg/Plot1_Trees_Affine_Corrected_2026","coordinateVersion":"plot1-affine-corrected-2026-08-12"},"geometry":{"type":"Point","coordinates":[77.0762375738,10.4815620279]}},{"type":"Feature","properties":{"treeNo":"217","plot":"Plot 1","coordinateSource":"Muthu_Farms_Plot1_Trees_Affine_Corrected_2026.gpkg/Plot1_Trees_Affine_Corrected_2026","coordinateVersion":"plot1-affine-corrected-2026-08-12"},"geometry":{"type":"Point","coordinates":[77.0761684892,10.4815735042]}},{"type":"Feature","properties":{"treeNo":"218","plot":"Plot 1","coordinateSource":"Muthu_Farms_Plot1_Trees_Affine_Corrected_2026.gpkg/Plot1_Trees_Affine_Corrected_2026","coordinateVersion":"plot1-affine-corrected-2026-08-12"},"geometry":{"type":"Point","coordinates":[77.0760947171,10.4815809151]}},{"type":"Feature","properties":{"treeNo":"219","plot":"Plot 1","coordinateSource":"Muthu_Farms_Plot1_Trees_Affine_Corrected_2026.gpkg/Plot1_Trees_Affine_Corrected_2026","coordinateVersion":"plot1-affine-corrected-2026-08-12"},"geometry":{"type":"Point","coordinates":[77.0760152702,10.481588896]}},{"type":"Feature","properties":{"treeNo":"220","plot":"Plot 1","coordinateSource":"Muthu_Farms_Plot1_Trees_Affine_Corrected_2026.gpkg/Plot1_Trees_Affine_Corrected_2026","coordinateVersion":"plot1-affine-corrected-2026-08-12"},"geometry":{"type":"Point","coordinates":[77.0759435988,10.4815998839]}},{"type":"Feature","properties":{"treeNo":"221","plot":"Plot 1","coordinateSource":"Muthu_Farms_Plot1_Trees_Affine_Corrected_2026.gpkg/Plot1_Trees_Affine_Corrected_2026","coordinateVersion":"plot1-affine-corrected-2026-08-12"},"geometry":{"type":"Point","coordinates":[77.0758760733,10.4816123727]}},{"type":"Feature","properties":{"treeNo":"228","plot":"Plot 1","coordinateSource":"Muthu_Farms_Plot1_Trees_Affine_Corrected_2026.gpkg/Plot1_Trees_Affine_Corrected_2026","coordinateVersion":"plot1-affine-corrected-2026-08-12"},"geometry":{"type":"Point","coordinates":[77.0768404569,10.4813504789]}},{"type":"Feature","properties":{"treeNo":"229","plot":"Plot 1","coordinateSource":"Muthu_Farms_Plot1_Trees_Affine_Corrected_2026.gpkg/Plot1_Trees_Affine_Corrected_2026","coordinateVersion":"plot1-affine-corrected-2026-08-12"},"geometry":{"type":"Point","coordinates":[77.0767949484,10.4813964154]}},{"type":"Feature","properties":{"treeNo":"230","plot":"Plot 1","coordinateSource":"Muthu_Farms_Plot1_Trees_Affine_Corrected_2026.gpkg/Plot1_Trees_Affine_Corrected_2026","coordinateVersion":"plot1-affine-corrected-2026-08-12"},"geometry":{"type":"Point","coordinates":[77.076735434,10.4814095961]}},{"type":"Feature","properties":{"treeNo":"231","plot":"Plot 1","coordinateSource":"Muthu_Farms_Plot1_Trees_Affine_Corrected_2026.gpkg/Plot1_Trees_Affine_Corrected_2026","coordinateVersion":"plot1-affine-corrected-2026-08-12"},"geometry":{"type":"Point","coordinates":[77.0766673241,10.4814151522]}},{"type":"Feature","properties":{"treeNo":"232","plot":"Plot 1","coordinateSource":"Muthu_Farms_Plot1_Trees_Affine_Corrected_2026.gpkg/Plot1_Trees_Affine_Corrected_2026","coordinateVersion":"plot1-affine-corrected-2026-08-12"},"geometry":{"type":"Point","coordinates":[77.076591527,10.481426695]}},{"type":"Feature","properties":{"treeNo":"233","plot":"Plot 1","coordinateSource":"Muthu_Farms_Plot1_Trees_Affine_Corrected_2026.gpkg/Plot1_Trees_Affine_Corrected_2026","coordinateVersion":"plot1-affine-corrected-2026-08-12"},"geometry":{"type":"Point","coordinates":[77.0765173067,10.481441049]}},{"type":"Feature","properties":{"treeNo":"234","plot":"Plot 1","coordinateSource":"Muthu_Farms_Plot1_Trees_Affine_Corrected_2026.gpkg/Plot1_Trees_Affine_Corrected_2026","coordinateVersion":"plot1-affine-corrected-2026-08-12"},"geometry":{"type":"Point","coordinates":[77.0764525808,10.4814493984]}},{"type":"Feature","properties":{"treeNo":"235","plot":"Plot 1","coordinateSource":"Muthu_Farms_Plot1_Trees_Affine_Corrected_2026.gpkg/Plot1_Trees_Affine_Corrected_2026","coordinateVersion":"plot1-affine-corrected-2026-08-12"},"geometry":{"type":"Point","coordinates":[77.0763680664,10.481467195]}},{"type":"Feature","properties":{"treeNo":"236","plot":"Plot 1","coordinateSource":"Muthu_Farms_Plot1_Trees_Affine_Corrected_2026.gpkg/Plot1_Trees_Affine_Corrected_2026","coordinateVersion":"plot1-affine-corrected-2026-08-12"},"geometry":{"type":"Point","coordinates":[77.0762879106,10.4814818646]}},{"type":"Feature","properties":{"treeNo":"237","plot":"Plot 1","coordinateSource":"Muthu_Farms_Plot1_Trees_Affine_Corrected_2026.gpkg/Plot1_Trees_Affine_Corrected_2026","coordinateVersion":"plot1-affine-corrected-2026-08-12"},"geometry":{"type":"Point","coordinates":[77.0762298467,10.4814850085]}},{"type":"Feature","properties":{"treeNo":"238","plot":"Plot 1","coordinateSource":"Muthu_Farms_Plot1_Trees_Affine_Corrected_2026.gpkg/Plot1_Trees_Affine_Corrected_2026","coordinateVersion":"plot1-affine-corrected-2026-08-12"},"geometry":{"type":"Point","coordinates":[77.07616081,10.4815013671]}},{"type":"Feature","properties":{"treeNo":"239","plot":"Plot 1","coordinateSource":"Muthu_Farms_Plot1_Trees_Affine_Corrected_2026.gpkg/Plot1_Trees_Affine_Corrected_2026","coordinateVersion":"plot1-affine-corrected-2026-08-12"},"geometry":{"type":"Point","coordinates":[77.0760831931,10.4815116428]}},{"type":"Feature","properties":{"treeNo":"240","plot":"Plot 1","coordinateSource":"Muthu_Farms_Plot1_Trees_Affine_Corrected_2026.gpkg/Plot1_Trees_Affine_Corrected_2026","coordinateVersion":"plot1-affine-corrected-2026-08-12"},"geometry":{"type":"Point","coordinates":[77.076011679,10.4815123497]}},{"type":"Feature","properties":{"treeNo":"241","plot":"Plot 1","coordinateSource":"Muthu_Farms_Plot1_Trees_Affine_Corrected_2026.gpkg/Plot1_Trees_Affine_Corrected_2026","coordinateVersion":"plot1-affine-corrected-2026-08-12"},"geometry":{"type":"Point","coordinates":[77.075932581,10.4815295786]}},{"type":"Feature","properties":{"treeNo":"242","plot":"Plot 1","coordinateSource":"Muthu_Farms_Plot1_Trees_Affine_Corrected_2026.gpkg/Plot1_Trees_Affine_Corrected_2026","coordinateVersion":"plot1-affine-corrected-2026-08-12"},"geometry":{"type":"Point","coordinates":[77.075866005,10.4815335775]}},{"type":"Feature","properties":{"treeNo":"249","plot":"Plot 1","coordinateSource":"Muthu_Farms_Plot1_Trees_Affine_Corrected_2026.gpkg/Plot1_Trees_Affine_Corrected_2026","coordinateVersion":"plot1-affine-corrected-2026-08-12"},"geometry":{"type":"Point","coordinates":[77.0767819534,10.4813351242]}},{"type":"Feature","properties":{"treeNo":"250","plot":"Plot 1","coordinateSource":"Muthu_Farms_Plot1_Trees_Affine_Corrected_2026.gpkg/Plot1_Trees_Affine_Corrected_2026","coordinateVersion":"plot1-affine-corrected-2026-08-12"},"geometry":{"type":"Point","coordinates":[77.0766532207,10.4813461624]}},{"type":"Feature","properties":{"treeNo":"251","plot":"Plot 1","coordinateSource":"Muthu_Farms_Plot1_Trees_Affine_Corrected_2026.gpkg/Plot1_Trees_Affine_Corrected_2026","coordinateVersion":"plot1-affine-corrected-2026-08-12"},"geometry":{"type":"Point","coordinates":[77.0765810432,10.4813581834]}},{"type":"Feature","properties":{"treeNo":"252","plot":"Plot 1","coordinateSource":"Muthu_Farms_Plot1_Trees_Affine_Corrected_2026.gpkg/Plot1_Trees_Affine_Corrected_2026","coordinateVersion":"plot1-affine-corrected-2026-08-12"},"geometry":{"type":"Point","coordinates":[77.0765111866,10.4813699244]}},{"type":"Feature","properties":{"treeNo":"253","plot":"Plot 1","coordinateSource":"Muthu_Farms_Plot1_Trees_Affine_Corrected_2026.gpkg/Plot1_Trees_Affine_Corrected_2026","coordinateVersion":"plot1-affine-corrected-2026-08-12"},"geometry":{"type":"Point","coordinates":[77.0764359109,10.4813819759]}},{"type":"Feature","properties":{"treeNo":"254","plot":"Plot 1","coordinateSource":"Muthu_Farms_Plot1_Trees_Affine_Corrected_2026.gpkg/Plot1_Trees_Affine_Corrected_2026","coordinateVersion":"plot1-affine-corrected-2026-08-12"},"geometry":{"type":"Point","coordinates":[77.0763596126,10.4813950655]}},{"type":"Feature","properties":{"treeNo":"255","plot":"Plot 1","coordinateSource":"Muthu_Farms_Plot1_Trees_Affine_Corrected_2026.gpkg/Plot1_Trees_Affine_Corrected_2026","coordinateVersion":"plot1-affine-corrected-2026-08-12"},"geometry":{"type":"Point","coordinates":[77.0762894802,10.4814050103]}},{"type":"Feature","properties":{"treeNo":"256","plot":"Plot 1","coordinateSource":"Muthu_Farms_Plot1_Trees_Affine_Corrected_2026.gpkg/Plot1_Trees_Affine_Corrected_2026","coordinateVersion":"plot1-affine-corrected-2026-08-12"},"geometry":{"type":"Point","coordinates":[77.0762188466,10.481416502]}},{"type":"Feature","properties":{"treeNo":"257","plot":"Plot 1","coordinateSource":"Muthu_Farms_Plot1_Trees_Affine_Corrected_2026.gpkg/Plot1_Trees_Affine_Corrected_2026","coordinateVersion":"plot1-affine-corrected-2026-08-12"},"geometry":{"type":"Point","coordinates":[77.0761424625,10.4814208548]}},{"type":"Feature","properties":{"treeNo":"258","plot":"Plot 1","coordinateSource":"Muthu_Farms_Plot1_Trees_Affine_Corrected_2026.gpkg/Plot1_Trees_Affine_Corrected_2026","coordinateVersion":"plot1-affine-corrected-2026-08-12"},"geometry":{"type":"Point","coordinates":[77.0760785364,10.4814317662]}},{"type":"Feature","properties":{"treeNo":"259","plot":"Plot 1","coordinateSource":"Muthu_Farms_Plot1_Trees_Affine_Corrected_2026.gpkg/Plot1_Trees_Affine_Corrected_2026","coordinateVersion":"plot1-affine-corrected-2026-08-12"},"geometry":{"type":"Point","coordinates":[77.0759933946,10.4814382615]}},{"type":"Feature","properties":{"treeNo":"260","plot":"Plot 1","coordinateSource":"Muthu_Farms_Plot1_Trees_Affine_Corrected_2026.gpkg/Plot1_Trees_Affine_Corrected_2026","coordinateVersion":"plot1-affine-corrected-2026-08-12"},"geometry":{"type":"Point","coordinates":[77.0759238138,10.4814517985]}},{"type":"Feature","properties":{"treeNo":"261","plot":"Plot 1","coordinateSource":"Muthu_Farms_Plot1_Trees_Affine_Corrected_2026.gpkg/Plot1_Trees_Affine_Corrected_2026","coordinateVersion":"plot1-affine-corrected-2026-08-12"},"geometry":{"type":"Point","coordinates":[77.0758490493,10.4814633309]}},{"type":"Feature","properties":{"treeNo":"283","plot":"Plot 1","coordinateSource":"Muthu_Farms_Plot1_Trees_Affine_Corrected_2026.gpkg/Plot1_Trees_Affine_Corrected_2026","coordinateVersion":"plot1-affine-corrected-2026-08-12"},"geometry":{"type":"Point","coordinates":[77.0758329009,10.4813964172]}},{"type":"Feature","properties":{"treeNo":"282","plot":"Plot 1","coordinateSource":"Muthu_Farms_Plot1_Trees_Affine_Corrected_2026.gpkg/Plot1_Trees_Affine_Corrected_2026","coordinateVersion":"plot1-affine-corrected-2026-08-12"},"geometry":{"type":"Point","coordinates":[77.0759051239,10.4813890217]}},{"type":"Feature","properties":{"treeNo":"281","plot":"Plot 1","coordinateSource":"Muthu_Farms_Plot1_Trees_Affine_Corrected_2026.gpkg/Plot1_Trees_Affine_Corrected_2026","coordinateVersion":"plot1-affine-corrected-2026-08-12"},"geometry":{"type":"Point","coordinates":[77.0759803946,10.4813764563]}},{"type":"Feature","properties":{"treeNo":"280","plot":"Plot 1","coordinateSource":"Muthu_Farms_Plot1_Trees_Affine_Corrected_2026.gpkg/Plot1_Trees_Affine_Corrected_2026","coordinateVersion":"plot1-affine-corrected-2026-08-12"},"geometry":{"type":"Point","coordinates":[77.0760497727,10.4813685749]}},{"type":"Feature","properties":{"treeNo":"279","plot":"Plot 1","coordinateSource":"Muthu_Farms_Plot1_Trees_Affine_Corrected_2026.gpkg/Plot1_Trees_Affine_Corrected_2026","coordinateVersion":"plot1-affine-corrected-2026-08-12"},"geometry":{"type":"Point","coordinates":[77.0761240082,10.4813557628]}},{"type":"Feature","properties":{"treeNo":"278","plot":"Plot 1","coordinateSource":"Muthu_Farms_Plot1_Trees_Affine_Corrected_2026.gpkg/Plot1_Trees_Affine_Corrected_2026","coordinateVersion":"plot1-affine-corrected-2026-08-12"},"geometry":{"type":"Point","coordinates":[77.0762096587,10.4813484915]}},{"type":"Feature","properties":{"treeNo":"277","plot":"Plot 1","coordinateSource":"Muthu_Farms_Plot1_Trees_Affine_Corrected_2026.gpkg/Plot1_Trees_Affine_Corrected_2026","coordinateVersion":"plot1-affine-corrected-2026-08-12"},"geometry":{"type":"Point","coordinates":[77.0762808364,10.4813398213]}},{"type":"Feature","properties":{"treeNo":"276","plot":"Plot 1","coordinateSource":"Muthu_Farms_Plot1_Trees_Affine_Corrected_2026.gpkg/Plot1_Trees_Affine_Corrected_2026","coordinateVersion":"plot1-affine-corrected-2026-08-12"},"geometry":{"type":"Point","coordinates":[77.0763524926,10.4813272916]}},{"type":"Feature","properties":{"treeNo":"275","plot":"Plot 1","coordinateSource":"Muthu_Farms_Plot1_Trees_Affine_Corrected_2026.gpkg/Plot1_Trees_Affine_Corrected_2026","coordinateVersion":"plot1-affine-corrected-2026-08-12"},"geometry":{"type":"Point","coordinates":[77.0764236274,10.4813142531]}},{"type":"Feature","properties":{"treeNo":"274","plot":"Plot 1","coordinateSource":"Muthu_Farms_Plot1_Trees_Affine_Corrected_2026.gpkg/Plot1_Trees_Affine_Corrected_2026","coordinateVersion":"plot1-affine-corrected-2026-08-12"},"geometry":{"type":"Point","coordinates":[77.0765009786,10.4813032089]}},{"type":"Feature","properties":{"treeNo":"273","plot":"Plot 1","coordinateSource":"Muthu_Farms_Plot1_Trees_Affine_Corrected_2026.gpkg/Plot1_Trees_Affine_Corrected_2026","coordinateVersion":"plot1-affine-corrected-2026-08-12"},"geometry":{"type":"Point","coordinates":[77.0765788107,10.4812885622]}},{"type":"Feature","properties":{"treeNo":"272","plot":"Plot 1","coordinateSource":"Muthu_Farms_Plot1_Trees_Affine_Corrected_2026.gpkg/Plot1_Trees_Affine_Corrected_2026","coordinateVersion":"plot1-affine-corrected-2026-08-12"},"geometry":{"type":"Point","coordinates":[77.0766525172,10.4812744703]}},{"type":"Feature","properties":{"treeNo":"271","plot":"Plot 1","coordinateSource":"Muthu_Farms_Plot1_Trees_Affine_Corrected_2026.gpkg/Plot1_Trees_Affine_Corrected_2026","coordinateVersion":"plot1-affine-corrected-2026-08-12"},"geometry":{"type":"Point","coordinates":[77.0767170555,10.4812733182]}},{"type":"Feature","properties":{"treeNo":"270","plot":"Plot 1","coordinateSource":"Muthu_Farms_Plot1_Trees_Affine_Corrected_2026.gpkg/Plot1_Trees_Affine_Corrected_2026","coordinateVersion":"plot1-affine-corrected-2026-08-12"},"geometry":{"type":"Point","coordinates":[77.0767721179,10.4812537569]}},{"type":"Feature","properties":{"treeNo":"291","plot":"Plot 1","coordinateSource":"Muthu_Farms_Plot1_Trees_Affine_Corrected_2026.gpkg/Plot1_Trees_Affine_Corrected_2026","coordinateVersion":"plot1-affine-corrected-2026-08-12"},"geometry":{"type":"Point","coordinates":[77.0768176188,10.4812070496]}},{"type":"Feature","properties":{"treeNo":"313","plot":"Plot 1","coordinateSource":"Muthu_Farms_Plot1_Trees_Affine_Corrected_2026.gpkg/Plot1_Trees_Affine_Corrected_2026","coordinateVersion":"plot1-affine-corrected-2026-08-12"},"geometry":{"type":"Point","coordinates":[77.0768058176,10.4811358526]}},{"type":"Feature","properties":{"treeNo":"292","plot":"Plot 1","coordinateSource":"Muthu_Farms_Plot1_Trees_Affine_Corrected_2026.gpkg/Plot1_Trees_Affine_Corrected_2026","coordinateVersion":"plot1-affine-corrected-2026-08-12"},"geometry":{"type":"Point","coordinates":[77.0767620974,10.481179844]}},{"type":"Feature","properties":{"treeNo":"293","plot":"Plot 1","coordinateSource":"Muthu_Farms_Plot1_Trees_Affine_Corrected_2026.gpkg/Plot1_Trees_Affine_Corrected_2026","coordinateVersion":"plot1-affine-corrected-2026-08-12"},"geometry":{"type":"Point","coordinates":[77.076704542,10.4811953182]}},{"type":"Feature","properties":{"treeNo":"294","plot":"Plot 1","coordinateSource":"Muthu_Farms_Plot1_Trees_Affine_Corrected_2026.gpkg/Plot1_Trees_Affine_Corrected_2026","coordinateVersion":"plot1-affine-corrected-2026-08-12"},"geometry":{"type":"Point","coordinates":[77.0766337125,10.4812000018]}},{"type":"Feature","properties":{"treeNo":"295","plot":"Plot 1","coordinateSource":"Muthu_Farms_Plot1_Trees_Affine_Corrected_2026.gpkg/Plot1_Trees_Affine_Corrected_2026","coordinateVersion":"plot1-affine-corrected-2026-08-12"},"geometry":{"type":"Point","coordinates":[77.0765655379,10.4812121116]}},{"type":"Feature","properties":{"treeNo":"296","plot":"Plot 1","coordinateSource":"Muthu_Farms_Plot1_Trees_Affine_Corrected_2026.gpkg/Plot1_Trees_Affine_Corrected_2026","coordinateVersion":"plot1-affine-corrected-2026-08-12"},"geometry":{"type":"Point","coordinates":[77.0764866277,10.4812221432]}},{"type":"Feature","properties":{"treeNo":"297","plot":"Plot 1","coordinateSource":"Muthu_Farms_Plot1_Trees_Affine_Corrected_2026.gpkg/Plot1_Trees_Affine_Corrected_2026","coordinateVersion":"plot1-affine-corrected-2026-08-12"},"geometry":{"type":"Point","coordinates":[77.0764072565,10.4812378331]}},{"type":"Feature","properties":{"treeNo":"298","plot":"Plot 1","coordinateSource":"Muthu_Farms_Plot1_Trees_Affine_Corrected_2026.gpkg/Plot1_Trees_Affine_Corrected_2026","coordinateVersion":"plot1-affine-corrected-2026-08-12"},"geometry":{"type":"Point","coordinates":[77.0763381367,10.481245712]}},{"type":"Feature","properties":{"treeNo":"299","plot":"Plot 1","coordinateSource":"Muthu_Farms_Plot1_Trees_Affine_Corrected_2026.gpkg/Plot1_Trees_Affine_Corrected_2026","coordinateVersion":"plot1-affine-corrected-2026-08-12"},"geometry":{"type":"Point","coordinates":[77.0762664704,10.4812572138]}},{"type":"Feature","properties":{"treeNo":"300","plot":"Plot 1","coordinateSource":"Muthu_Farms_Plot1_Trees_Affine_Corrected_2026.gpkg/Plot1_Trees_Affine_Corrected_2026","coordinateVersion":"plot1-affine-corrected-2026-08-12"},"geometry":{"type":"Point","coordinates":[77.0762036224,10.4812727403]}},{"type":"Feature","properties":{"treeNo":"301","plot":"Plot 1","coordinateSource":"Muthu_Farms_Plot1_Trees_Affine_Corrected_2026.gpkg/Plot1_Trees_Affine_Corrected_2026","coordinateVersion":"plot1-affine-corrected-2026-08-12"},"geometry":{"type":"Point","coordinates":[77.0761175185,10.4812864407]}},{"type":"Feature","properties":{"treeNo":"302","plot":"Plot 1","coordinateSource":"Muthu_Farms_Plot1_Trees_Affine_Corrected_2026.gpkg/Plot1_Trees_Affine_Corrected_2026","coordinateVersion":"plot1-affine-corrected-2026-08-12"},"geometry":{"type":"Point","coordinates":[77.0760452804,10.4812922945]}},{"type":"Feature","properties":{"treeNo":"303","plot":"Plot 1","coordinateSource":"Muthu_Farms_Plot1_Trees_Affine_Corrected_2026.gpkg/Plot1_Trees_Affine_Corrected_2026","coordinateVersion":"plot1-affine-corrected-2026-08-12"},"geometry":{"type":"Point","coordinates":[77.0759676471,10.4813008999]}},{"type":"Feature","properties":{"treeNo":"304","plot":"Plot 1","coordinateSource":"Muthu_Farms_Plot1_Trees_Affine_Corrected_2026.gpkg/Plot1_Trees_Affine_Corrected_2026","coordinateVersion":"plot1-affine-corrected-2026-08-12"},"geometry":{"type":"Point","coordinates":[77.0758936698,10.4813137095]}},{"type":"Feature","properties":{"treeNo":"305","plot":"Plot 1","coordinateSource":"Muthu_Farms_Plot1_Trees_Affine_Corrected_2026.gpkg/Plot1_Trees_Affine_Corrected_2026","coordinateVersion":"plot1-affine-corrected-2026-08-12"},"geometry":{"type":"Point","coordinates":[77.0758231388,10.4813225017]}},{"type":"Feature","properties":{"treeNo":"328","plot":"Plot 1","coordinateSource":"Muthu_Farms_Plot1_Trees_Affine_Corrected_2026.gpkg/Plot1_Trees_Affine_Corrected_2026","coordinateVersion":"plot1-affine-corrected-2026-08-12"},"geometry":{"type":"Point","coordinates":[77.0758155409,10.4812454809]}},{"type":"Feature","properties":{"treeNo":"327","plot":"Plot 1","coordinateSource":"Muthu_Farms_Plot1_Trees_Affine_Corrected_2026.gpkg/Plot1_Trees_Affine_Corrected_2026","coordinateVersion":"plot1-affine-corrected-2026-08-12"},"geometry":{"type":"Point","coordinates":[77.0758883155,10.4812416778]}},{"type":"Feature","properties":{"treeNo":"326","plot":"Plot 1","coordinateSource":"Muthu_Farms_Plot1_Trees_Affine_Corrected_2026.gpkg/Plot1_Trees_Affine_Corrected_2026","coordinateVersion":"plot1-affine-corrected-2026-08-12"},"geometry":{"type":"Point","coordinates":[77.0759563725,10.4812307257]}},{"type":"Feature","properties":{"treeNo":"325","plot":"Plot 1","coordinateSource":"Muthu_Farms_Plot1_Trees_Affine_Corrected_2026.gpkg/Plot1_Trees_Affine_Corrected_2026","coordinateVersion":"plot1-affine-corrected-2026-08-12"},"geometry":{"type":"Point","coordinates":[77.0760306003,10.4812171427]}},{"type":"Feature","properties":{"treeNo":"324","plot":"Plot 1","coordinateSource":"Muthu_Farms_Plot1_Trees_Affine_Corrected_2026.gpkg/Plot1_Trees_Affine_Corrected_2026","coordinateVersion":"plot1-affine-corrected-2026-08-12"},"geometry":{"type":"Point","coordinates":[77.076094,10.4812052086]}},{"type":"Feature","properties":{"treeNo":"323","plot":"Plot 1","coordinateSource":"Muthu_Farms_Plot1_Trees_Affine_Corrected_2026.gpkg/Plot1_Trees_Affine_Corrected_2026","coordinateVersion":"plot1-affine-corrected-2026-08-12"},"geometry":{"type":"Point","coordinates":[77.0761759882,10.4811930908]}},{"type":"Feature","properties":{"treeNo":"322","plot":"Plot 1","coordinateSource":"Muthu_Farms_Plot1_Trees_Affine_Corrected_2026.gpkg/Plot1_Trees_Affine_Corrected_2026","coordinateVersion":"plot1-affine-corrected-2026-08-12"},"geometry":{"type":"Point","coordinates":[77.0762575155,10.4811866312]}},{"type":"Feature","properties":{"treeNo":"321","plot":"Plot 1","coordinateSource":"Muthu_Farms_Plot1_Trees_Affine_Corrected_2026.gpkg/Plot1_Trees_Affine_Corrected_2026","coordinateVersion":"plot1-affine-corrected-2026-08-12"},"geometry":{"type":"Point","coordinates":[77.0763240082,10.4811741525]}},{"type":"Feature","properties":{"treeNo":"320","plot":"Plot 1","coordinateSource":"Muthu_Farms_Plot1_Trees_Affine_Corrected_2026.gpkg/Plot1_Trees_Affine_Corrected_2026","coordinateVersion":"plot1-affine-corrected-2026-08-12"},"geometry":{"type":"Point","coordinates":[77.0763977651,10.4811651999]}},{"type":"Feature","properties":{"treeNo":"319","plot":"Plot 1","coordinateSource":"Muthu_Farms_Plot1_Trees_Affine_Corrected_2026.gpkg/Plot1_Trees_Affine_Corrected_2026","coordinateVersion":"plot1-affine-corrected-2026-08-12"},"geometry":{"type":"Point","coordinates":[77.0764699376,10.481152665]}},{"type":"Feature","properties":{"treeNo":"318","plot":"Plot 1","coordinateSource":"Muthu_Farms_Plot1_Trees_Affine_Corrected_2026.gpkg/Plot1_Trees_Affine_Corrected_2026","coordinateVersion":"plot1-affine-corrected-2026-08-12"},"geometry":{"type":"Point","coordinates":[77.076544712,10.4811421603]}},{"type":"Feature","properties":{"treeNo":"317","plot":"Plot 1","coordinateSource":"Muthu_Farms_Plot1_Trees_Affine_Corrected_2026.gpkg/Plot1_Trees_Affine_Corrected_2026","coordinateVersion":"plot1-affine-corrected-2026-08-12"},"geometry":{"type":"Point","coordinates":[77.0766230353,10.4811249389]}},{"type":"Feature","properties":{"treeNo":"316","plot":"Plot 1","coordinateSource":"Muthu_Farms_Plot1_Trees_Affine_Corrected_2026.gpkg/Plot1_Trees_Affine_Corrected_2026","coordinateVersion":"plot1-affine-corrected-2026-08-12"},"geometry":{"type":"Point","coordinates":[77.0766888215,10.4811194058]}},{"type":"Feature","properties":{"treeNo":"315","plot":"Plot 1","coordinateSource":"Muthu_Farms_Plot1_Trees_Affine_Corrected_2026.gpkg/Plot1_Trees_Affine_Corrected_2026","coordinateVersion":"plot1-affine-corrected-2026-08-12"},"geometry":{"type":"Point","coordinates":[77.0767486218,10.4811090491]}},{"type":"Feature","properties":{"treeNo":"269","plot":"Plot 1","coordinateSource":"Muthu_Farms_Plot1_Trees_Affine_Corrected_2026.gpkg/Plot1_Trees_Affine_Corrected_2026","coordinateVersion":"plot1-affine-corrected-2026-08-12"},"geometry":{"type":"Point","coordinates":[77.076827951,10.4812732498]}},{"type":"Feature","properties":{"treeNo":"314","plot":"Plot 1","coordinateSource":"Muthu_Farms_Plot1_Trees_Affine_Corrected_2026.gpkg/Plot1_Trees_Affine_Corrected_2026","coordinateVersion":"plot1-affine-corrected-2026-08-12"},"geometry":{"type":"Point","coordinates":[77.0767974765,10.4810620516]}},{"type":"Feature","properties":{"treeNo":"337","plot":"Plot 1","coordinateSource":"Muthu_Farms_Plot1_Trees_Affine_Corrected_2026.gpkg/Plot1_Trees_Affine_Corrected_2026","coordinateVersion":"plot1-affine-corrected-2026-08-12"},"geometry":{"type":"Point","coordinates":[77.0767367639,10.4810320706]}},{"type":"Feature","properties":{"treeNo":"338","plot":"Plot 1","coordinateSource":"Muthu_Farms_Plot1_Trees_Affine_Corrected_2026.gpkg/Plot1_Trees_Affine_Corrected_2026","coordinateVersion":"plot1-affine-corrected-2026-08-12"},"geometry":{"type":"Point","coordinates":[77.0766810994,10.4810429003]}},{"type":"Feature","properties":{"treeNo":"339","plot":"Plot 1","coordinateSource":"Muthu_Farms_Plot1_Trees_Affine_Corrected_2026.gpkg/Plot1_Trees_Affine_Corrected_2026","coordinateVersion":"plot1-affine-corrected-2026-08-12"},"geometry":{"type":"Point","coordinates":[77.0766089269,10.4810554352]}},{"type":"Feature","properties":{"treeNo":"340","plot":"Plot 1","coordinateSource":"Muthu_Farms_Plot1_Trees_Affine_Corrected_2026.gpkg/Plot1_Trees_Affine_Corrected_2026","coordinateVersion":"plot1-affine-corrected-2026-08-12"},"geometry":{"type":"Point","coordinates":[77.0765371749,10.4810582004]}},{"type":"Feature","properties":{"treeNo":"341","plot":"Plot 1","coordinateSource":"Muthu_Farms_Plot1_Trees_Affine_Corrected_2026.gpkg/Plot1_Trees_Affine_Corrected_2026","coordinateVersion":"plot1-affine-corrected-2026-08-12"},"geometry":{"type":"Point","coordinates":[77.0764665969,10.4810753453]}},{"type":"Feature","properties":{"treeNo":"342","plot":"Plot 1","coordinateSource":"Muthu_Farms_Plot1_Trees_Affine_Corrected_2026.gpkg/Plot1_Trees_Affine_Corrected_2026","coordinateVersion":"plot1-affine-corrected-2026-08-12"},"geometry":{"type":"Point","coordinates":[77.0763913313,10.4810884246]}},{"type":"Feature","properties":{"treeNo":"343","plot":"Plot 1","coordinateSource":"Muthu_Farms_Plot1_Trees_Affine_Corrected_2026.gpkg/Plot1_Trees_Affine_Corrected_2026","coordinateVersion":"plot1-affine-corrected-2026-08-12"},"geometry":{"type":"Point","coordinates":[77.076313474,10.4811005017]}},{"type":"Feature","properties":{"treeNo":"344","plot":"Plot 1","coordinateSource":"Muthu_Farms_Plot1_Trees_Affine_Corrected_2026.gpkg/Plot1_Trees_Affine_Corrected_2026","coordinateVersion":"plot1-affine-corrected-2026-08-12"},"geometry":{"type":"Point","coordinates":[77.0762407347,10.4811079024]}},{"type":"Feature","properties":{"treeNo":"345","plot":"Plot 1","coordinateSource":"Muthu_Farms_Plot1_Trees_Affine_Corrected_2026.gpkg/Plot1_Trees_Affine_Corrected_2026","coordinateVersion":"plot1-affine-corrected-2026-08-12"},"geometry":{"type":"Point","coordinates":[77.0761685924,10.4811235207]}},{"type":"Feature","properties":{"treeNo":"346","plot":"Plot 1","coordinateSource":"Muthu_Farms_Plot1_Trees_Affine_Corrected_2026.gpkg/Plot1_Trees_Affine_Corrected_2026","coordinateVersion":"plot1-affine-corrected-2026-08-12"},"geometry":{"type":"Point","coordinates":[77.0760922589,10.4811330127]}},{"type":"Feature","properties":{"treeNo":"347","plot":"Plot 1","coordinateSource":"Muthu_Farms_Plot1_Trees_Affine_Corrected_2026.gpkg/Plot1_Trees_Affine_Corrected_2026","coordinateVersion":"plot1-affine-corrected-2026-08-12"},"geometry":{"type":"Point","coordinates":[77.0760236251,10.4811378029]}},{"type":"Feature","properties":{"treeNo":"348","plot":"Plot 1","coordinateSource":"Muthu_Farms_Plot1_Trees_Affine_Corrected_2026.gpkg/Plot1_Trees_Affine_Corrected_2026","coordinateVersion":"plot1-affine-corrected-2026-08-12"},"geometry":{"type":"Point","coordinates":[77.0759519588,10.4811493047]}},{"type":"Feature","properties":{"treeNo":"349","plot":"Plot 1","coordinateSource":"Muthu_Farms_Plot1_Trees_Affine_Corrected_2026.gpkg/Plot1_Trees_Affine_Corrected_2026","coordinateVersion":"plot1-affine-corrected-2026-08-12"},"geometry":{"type":"Point","coordinates":[77.0758741014,10.4811613816]}},{"type":"Feature","properties":{"treeNo":"350","plot":"Plot 1","coordinateSource":"Muthu_Farms_Plot1_Trees_Affine_Corrected_2026.gpkg/Plot1_Trees_Affine_Corrected_2026","coordinateVersion":"plot1-affine-corrected-2026-08-12"},"geometry":{"type":"Point","coordinates":[77.0757977981,10.4811739572]}},{"type":"Feature","properties":{"treeNo":"336","plot":"Plot 1","coordinateSource":"Muthu_Farms_Plot1_Trees_Affine_Corrected_2026.gpkg/Plot1_Trees_Affine_Corrected_2026","coordinateVersion":"plot1-affine-corrected-2026-08-12"},"geometry":{"type":"Point","coordinates":[77.0767783211,10.4809913129]}},{"type":"Feature","properties":{"treeNo":"358","plot":"Plot 1","coordinateSource":"Muthu_Farms_Plot1_Trees_Affine_Corrected_2026.gpkg/Plot1_Trees_Affine_Corrected_2026","coordinateVersion":"plot1-affine-corrected-2026-08-12"},"geometry":{"type":"Point","coordinates":[77.0767694712,10.4809182879]}},{"type":"Feature","properties":{"treeNo":"359","plot":"Plot 1","coordinateSource":"Muthu_Farms_Plot1_Trees_Affine_Corrected_2026.gpkg/Plot1_Trees_Affine_Corrected_2026","coordinateVersion":"plot1-affine-corrected-2026-08-12"},"geometry":{"type":"Point","coordinates":[77.0767275394,10.4809603342]}},{"type":"Feature","properties":{"treeNo":"360","plot":"Plot 1","coordinateSource":"Muthu_Farms_Plot1_Trees_Affine_Corrected_2026.gpkg/Plot1_Trees_Affine_Corrected_2026","coordinateVersion":"plot1-affine-corrected-2026-08-12"},"geometry":{"type":"Point","coordinates":[77.0766633476,10.4809704773]}},{"type":"Feature","properties":{"treeNo":"361","plot":"Plot 1","coordinateSource":"Muthu_Farms_Plot1_Trees_Affine_Corrected_2026.gpkg/Plot1_Trees_Affine_Corrected_2026","coordinateVersion":"plot1-affine-corrected-2026-08-12"},"geometry":{"type":"Point","coordinates":[77.0765976143,10.4809814066]}},{"type":"Feature","properties":{"treeNo":"362","plot":"Plot 1","coordinateSource":"Muthu_Farms_Plot1_Trees_Affine_Corrected_2026.gpkg/Plot1_Trees_Affine_Corrected_2026","coordinateVersion":"plot1-affine-corrected-2026-08-12"},"geometry":{"type":"Point","coordinates":[77.076530808,10.4809882347]}},{"type":"Feature","properties":{"treeNo":"363","plot":"Plot 1","coordinateSource":"Muthu_Farms_Plot1_Trees_Affine_Corrected_2026.gpkg/Plot1_Trees_Affine_Corrected_2026","coordinateVersion":"plot1-affine-corrected-2026-08-12"},"geometry":{"type":"Point","coordinates":[77.0764537529,10.4810031307]}},{"type":"Feature","properties":{"treeNo":"364","plot":"Plot 1","coordinateSource":"Muthu_Farms_Plot1_Trees_Affine_Corrected_2026.gpkg/Plot1_Trees_Affine_Corrected_2026","coordinateVersion":"plot1-affine-corrected-2026-08-12"},"geometry":{"type":"Point","coordinates":[77.0763794999,10.4810141442]}},{"type":"Feature","properties":{"treeNo":"365","plot":"Plot 1","coordinateSource":"Muthu_Farms_Plot1_Trees_Affine_Corrected_2026.gpkg/Plot1_Trees_Affine_Corrected_2026","coordinateVersion":"plot1-affine-corrected-2026-08-12"},"geometry":{"type":"Point","coordinates":[77.0763065857,10.4810300271]}},{"type":"Feature","properties":{"treeNo":"366","plot":"Plot 1","coordinateSource":"Muthu_Farms_Plot1_Trees_Affine_Corrected_2026.gpkg/Plot1_Trees_Affine_Corrected_2026","coordinateVersion":"plot1-affine-corrected-2026-08-12"},"geometry":{"type":"Point","coordinates":[77.0762323277,10.4810405266]}},{"type":"Feature","properties":{"treeNo":"367","plot":"Plot 1","coordinateSource":"Muthu_Farms_Plot1_Trees_Affine_Corrected_2026.gpkg/Plot1_Trees_Affine_Corrected_2026","coordinateVersion":"plot1-affine-corrected-2026-08-12"},"geometry":{"type":"Point","coordinates":[77.0761585456,10.4810469097]}},{"type":"Feature","properties":{"treeNo":"368","plot":"Plot 1","coordinateSource":"Muthu_Farms_Plot1_Trees_Affine_Corrected_2026.gpkg/Plot1_Trees_Affine_Corrected_2026","coordinateVersion":"plot1-affine-corrected-2026-08-12"},"geometry":{"type":"Point","coordinates":[77.0760848089,10.481057918]}},{"type":"Feature","properties":{"treeNo":"369","plot":"Plot 1","coordinateSource":"Muthu_Farms_Plot1_Trees_Affine_Corrected_2026.gpkg/Plot1_Trees_Affine_Corrected_2026","coordinateVersion":"plot1-affine-corrected-2026-08-12"},"geometry":{"type":"Point","coordinates":[77.0760115936,10.4810694351]}},{"type":"Feature","properties":{"treeNo":"370","plot":"Plot 1","coordinateSource":"Muthu_Farms_Plot1_Trees_Affine_Corrected_2026.gpkg/Plot1_Trees_Affine_Corrected_2026","coordinateVersion":"plot1-affine-corrected-2026-08-12"},"geometry":{"type":"Point","coordinates":[77.0759408945,10.4810742456]}},{"type":"Feature","properties":{"treeNo":"371","plot":"Plot 1","coordinateSource":"Muthu_Farms_Plot1_Trees_Affine_Corrected_2026.gpkg/Plot1_Trees_Affine_Corrected_2026","coordinateVersion":"plot1-affine-corrected-2026-08-12"},"geometry":{"type":"Point","coordinates":[77.0758615486,10.481092505]}},{"type":"Feature","properties":{"treeNo":"372","plot":"Plot 1","coordinateSource":"Muthu_Farms_Plot1_Trees_Affine_Corrected_2026.gpkg/Plot1_Trees_Affine_Corrected_2026","coordinateVersion":"plot1-affine-corrected-2026-08-12"},"geometry":{"type":"Point","coordinates":[77.0757888042,10.4810993916]}},{"type":"Feature","properties":{"treeNo":"378","plot":"Plot 1","coordinateSource":"Muthu_Farms_Plot1_Trees_Affine_Corrected_2026.gpkg/Plot1_Trees_Affine_Corrected_2026","coordinateVersion":"plot1-affine-corrected-2026-08-12"},"geometry":{"type":"Point","coordinates":[77.0767563854,10.4808477461]}},{"type":"Feature","properties":{"treeNo":"379","plot":"Plot 1","coordinateSource":"Muthu_Farms_Plot1_Trees_Affine_Corrected_2026.gpkg/Plot1_Trees_Affine_Corrected_2026","coordinateVersion":"plot1-affine-corrected-2026-08-12"},"geometry":{"type":"Point","coordinates":[77.076714917,10.4808843911]}},{"type":"Feature","properties":{"treeNo":"380","plot":"Plot 1","coordinateSource":"Muthu_Farms_Plot1_Trees_Affine_Corrected_2026.gpkg/Plot1_Trees_Affine_Corrected_2026","coordinateVersion":"plot1-affine-corrected-2026-08-12"},"geometry":{"type":"Point","coordinates":[77.0766538208,10.4808942467]}},{"type":"Feature","properties":{"treeNo":"381","plot":"Plot 1","coordinateSource":"Muthu_Farms_Plot1_Trees_Affine_Corrected_2026.gpkg/Plot1_Trees_Affine_Corrected_2026","coordinateVersion":"plot1-affine-corrected-2026-08-12"},"geometry":{"type":"Point","coordinates":[77.0765898922,10.4809049011]}},{"type":"Feature","properties":{"treeNo":"382","plot":"Plot 1","coordinateSource":"Muthu_Farms_Plot1_Trees_Affine_Corrected_2026.gpkg/Plot1_Trees_Affine_Corrected_2026","coordinateVersion":"plot1-affine-corrected-2026-08-12"},"geometry":{"type":"Point","coordinates":[77.0765146469,10.4809200362]}},{"type":"Feature","properties":{"treeNo":"383","plot":"Plot 1","coordinateSource":"Muthu_Farms_Plot1_Trees_Affine_Corrected_2026.gpkg/Plot1_Trees_Affine_Corrected_2026","coordinateVersion":"plot1-affine-corrected-2026-08-12"},"geometry":{"type":"Point","coordinates":[77.0764440058,10.480930757]}},{"type":"Feature","properties":{"treeNo":"384","plot":"Plot 1","coordinateSource":"Muthu_Farms_Plot1_Trees_Affine_Corrected_2026.gpkg/Plot1_Trees_Affine_Corrected_2026","coordinateVersion":"plot1-affine-corrected-2026-08-12"},"geometry":{"type":"Point","coordinates":[77.0763589323,10.4809441903]}},{"type":"Feature","properties":{"treeNo":"385","plot":"Plot 1","coordinateSource":"Muthu_Farms_Plot1_Trees_Affine_Corrected_2026.gpkg/Plot1_Trees_Affine_Corrected_2026","coordinateVersion":"plot1-affine-corrected-2026-08-12"},"geometry":{"type":"Point","coordinates":[77.0763001646,10.4809545367]}},{"type":"Feature","properties":{"treeNo":"386","plot":"Plot 1","coordinateSource":"Muthu_Farms_Plot1_Trees_Affine_Corrected_2026.gpkg/Plot1_Trees_Affine_Corrected_2026","coordinateVersion":"plot1-affine-corrected-2026-08-12"},"geometry":{"type":"Point","coordinates":[77.0762227934,10.4809635251]}},{"type":"Feature","properties":{"treeNo":"386.1","plot":"Plot 1","coordinateSource":"Muthu_Farms_Plot1_Trees_Affine_Corrected_2026.gpkg/Plot1_Trees_Affine_Corrected_2026","coordinateVersion":"plot1-affine-corrected-2026-08-12"},"geometry":{"type":"Point","coordinates":[77.0761449108,10.4809730324]}},{"type":"Feature","properties":{"treeNo":"387","plot":"Plot 1","coordinateSource":"Muthu_Farms_Plot1_Trees_Affine_Corrected_2026.gpkg/Plot1_Trees_Affine_Corrected_2026","coordinateVersion":"plot1-affine-corrected-2026-08-12"},"geometry":{"type":"Point","coordinates":[77.076073771,10.480985557]}},{"type":"Feature","properties":{"treeNo":"388","plot":"Plot 1","coordinateSource":"Muthu_Farms_Plot1_Trees_Affine_Corrected_2026.gpkg/Plot1_Trees_Affine_Corrected_2026","coordinateVersion":"plot1-affine-corrected-2026-08-12"},"geometry":{"type":"Point","coordinates":[77.076004621,10.4809903523]}},{"type":"Feature","properties":{"treeNo":"389","plot":"Plot 1","coordinateSource":"Muthu_Farms_Plot1_Trees_Affine_Corrected_2026.gpkg/Plot1_Trees_Affine_Corrected_2026","coordinateVersion":"plot1-affine-corrected-2026-08-12"},"geometry":{"type":"Point","coordinates":[77.0759267485,10.4810008875]}},{"type":"Feature","properties":{"treeNo":"390","plot":"Plot 1","coordinateSource":"Muthu_Farms_Plot1_Trees_Affine_Corrected_2026.gpkg/Plot1_Trees_Affine_Corrected_2026","coordinateVersion":"plot1-affine-corrected-2026-08-12"},"geometry":{"type":"Point","coordinates":[77.0758452956,10.4810149273]}},{"type":"Feature","properties":{"treeNo":"391","plot":"Plot 1","coordinateSource":"Muthu_Farms_Plot1_Trees_Affine_Corrected_2026.gpkg/Plot1_Trees_Affine_Corrected_2026","coordinateVersion":"plot1-affine-corrected-2026-08-12"},"geometry":{"type":"Point","coordinates":[77.075782302,10.4810287847]}},{"type":"Feature","properties":{"treeNo":"399","plot":"Plot 1","coordinateSource":"Muthu_Farms_Plot1_Trees_Affine_Corrected_2026.gpkg/Plot1_Trees_Affine_Corrected_2026","coordinateVersion":"plot1-affine-corrected-2026-08-12"},"geometry":{"type":"Point","coordinates":[77.0767414761,10.480775552]}},{"type":"Feature","properties":{"treeNo":"400","plot":"Plot 1","coordinateSource":"Muthu_Farms_Plot1_Trees_Affine_Corrected_2026.gpkg/Plot1_Trees_Affine_Corrected_2026","coordinateVersion":"plot1-affine-corrected-2026-08-12"},"geometry":{"type":"Point","coordinates":[77.0767077906,10.4808159748]}},{"type":"Feature","properties":{"treeNo":"401","plot":"Plot 1","coordinateSource":"Muthu_Farms_Plot1_Trees_Affine_Corrected_2026.gpkg/Plot1_Trees_Affine_Corrected_2026","coordinateVersion":"plot1-affine-corrected-2026-08-12"},"geometry":{"type":"Point","coordinates":[77.0766504712,10.4808160275]}},{"type":"Feature","properties":{"treeNo":"402","plot":"Plot 1","coordinateSource":"Muthu_Farms_Plot1_Trees_Affine_Corrected_2026.gpkg/Plot1_Trees_Affine_Corrected_2026","coordinateVersion":"plot1-affine-corrected-2026-08-12"},"geometry":{"type":"Point","coordinates":[77.0765783543,10.4808342155]}},{"type":"Feature","properties":{"treeNo":"403","plot":"Plot 1","coordinateSource":"Muthu_Farms_Plot1_Trees_Affine_Corrected_2026.gpkg/Plot1_Trees_Affine_Corrected_2026","coordinateVersion":"plot1-affine-corrected-2026-08-12"},"geometry":{"type":"Point","coordinates":[77.0765061717,10.4808457225]}},{"type":"Feature","properties":{"treeNo":"404","plot":"Plot 1","coordinateSource":"Muthu_Farms_Plot1_Trees_Affine_Corrected_2026.gpkg/Plot1_Trees_Affine_Corrected_2026","coordinateVersion":"plot1-affine-corrected-2026-08-12"},"geometry":{"type":"Point","coordinates":[77.0764365911,10.4808592597]}},{"type":"Feature","properties":{"treeNo":"405","plot":"Plot 1","coordinateSource":"Muthu_Farms_Plot1_Trees_Affine_Corrected_2026.gpkg/Plot1_Trees_Affine_Corrected_2026","coordinateVersion":"plot1-affine-corrected-2026-08-12"},"geometry":{"type":"Point","coordinates":[77.0763582275,10.4808723697]}},{"type":"Feature","properties":{"treeNo":"406","plot":"Plot 1","coordinateSource":"Muthu_Farms_Plot1_Trees_Affine_Corrected_2026.gpkg/Plot1_Trees_Affine_Corrected_2026","coordinateVersion":"plot1-affine-corrected-2026-08-12"},"geometry":{"type":"Point","coordinates":[77.0762860147,10.4808807931]}},{"type":"Feature","properties":{"treeNo":"407","plot":"Plot 1","coordinateSource":"Muthu_Farms_Plot1_Trees_Affine_Corrected_2026.gpkg/Plot1_Trees_Affine_Corrected_2026","coordinateVersion":"plot1-affine-corrected-2026-08-12"},"geometry":{"type":"Point","coordinates":[77.0762107039,10.4808892471]}},{"type":"Feature","properties":{"treeNo":"408","plot":"Plot 1","coordinateSource":"Muthu_Farms_Plot1_Trees_Affine_Corrected_2026.gpkg/Plot1_Trees_Affine_Corrected_2026","coordinateVersion":"plot1-affine-corrected-2026-08-12"},"geometry":{"type":"Point","coordinates":[77.0761297081,10.4808972433]}},{"type":"Feature","properties":{"treeNo":"409","plot":"Plot 1","coordinateSource":"Muthu_Farms_Plot1_Trees_Affine_Corrected_2026.gpkg/Plot1_Trees_Affine_Corrected_2026","coordinateVersion":"plot1-affine-corrected-2026-08-12"},"geometry":{"type":"Point","coordinates":[77.0760719984,10.4809101491]}},{"type":"Feature","properties":{"treeNo":"410","plot":"Plot 1","coordinateSource":"Muthu_Farms_Plot1_Trees_Affine_Corrected_2026.gpkg/Plot1_Trees_Affine_Corrected_2026","coordinateVersion":"plot1-affine-corrected-2026-08-12"},"geometry":{"type":"Point","coordinates":[77.0759935995,10.4809196616]}},{"type":"Feature","properties":{"treeNo":"411","plot":"Plot 1","coordinateSource":"Muthu_Farms_Plot1_Trees_Affine_Corrected_2026.gpkg/Plot1_Trees_Affine_Corrected_2026","coordinateVersion":"plot1-affine-corrected-2026-08-12"},"geometry":{"type":"Point","coordinates":[77.0759208602,10.4809270622]}},{"type":"Feature","properties":{"treeNo":"412","plot":"Plot 1","coordinateSource":"Muthu_Farms_Plot1_Trees_Affine_Corrected_2026.gpkg/Plot1_Trees_Affine_Corrected_2026","coordinateVersion":"plot1-affine-corrected-2026-08-12"},"geometry":{"type":"Point","coordinates":[77.0758445922,10.4809432351]}},{"type":"Feature","properties":{"treeNo":"413","plot":"Plot 1","coordinateSource":"Muthu_Farms_Plot1_Trees_Affine_Corrected_2026.gpkg/Plot1_Trees_Affine_Corrected_2026","coordinateVersion":"plot1-affine-corrected-2026-08-12"},"geometry":{"type":"Point","coordinates":[77.0757703392,10.4809542485]}},{"type":"Feature","properties":{"treeNo":"420","plot":"Plot 1","coordinateSource":"Muthu_Farms_Plot1_Trees_Affine_Corrected_2026.gpkg/Plot1_Trees_Affine_Corrected_2026","coordinateVersion":"plot1-affine-corrected-2026-08-12"},"geometry":{"type":"Point","coordinates":[77.0767318408,10.480688272]}},{"type":"Feature","properties":{"treeNo":"421","plot":"Plot 1","coordinateSource":"Muthu_Farms_Plot1_Trees_Affine_Corrected_2026.gpkg/Plot1_Trees_Affine_Corrected_2026","coordinateVersion":"plot1-affine-corrected-2026-08-12"},"geometry":{"type":"Point","coordinates":[77.0766915337,10.4807380118]}},{"type":"Feature","properties":{"treeNo":"422","plot":"Plot 1","coordinateSource":"Muthu_Farms_Plot1_Trees_Affine_Corrected_2026.gpkg/Plot1_Trees_Affine_Corrected_2026","coordinateVersion":"plot1-affine-corrected-2026-08-12"},"geometry":{"type":"Point","coordinates":[77.0766358642,10.4807483276]}},{"type":"Feature","properties":{"treeNo":"423","plot":"Plot 1","coordinateSource":"Muthu_Farms_Plot1_Trees_Affine_Corrected_2026.gpkg/Plot1_Trees_Affine_Corrected_2026","coordinateVersion":"plot1-affine-corrected-2026-08-12"},"geometry":{"type":"Point","coordinates":[77.0765634512,10.4807626638]}},{"type":"Feature","properties":{"treeNo":"424","plot":"Plot 1","coordinateSource":"Muthu_Farms_Plot1_Trees_Affine_Corrected_2026.gpkg/Plot1_Trees_Affine_Corrected_2026","coordinateVersion":"plot1-affine-corrected-2026-08-12"},"geometry":{"type":"Point","coordinates":[77.0764856192,10.4807773105]}},{"type":"Feature","properties":{"treeNo":"425","plot":"Plot 1","coordinateSource":"Muthu_Farms_Plot1_Trees_Affine_Corrected_2026.gpkg/Plot1_Trees_Affine_Corrected_2026","coordinateVersion":"plot1-affine-corrected-2026-08-12"},"geometry":{"type":"Point","coordinates":[77.0764237686,10.4807892293]}},{"type":"Feature","properties":{"treeNo":"426","plot":"Plot 1","coordinateSource":"Muthu_Farms_Plot1_Trees_Affine_Corrected_2026.gpkg/Plot1_Trees_Affine_Corrected_2026","coordinateVersion":"plot1-affine-corrected-2026-08-12"},"geometry":{"type":"Point","coordinates":[77.0763474654,10.4808018049]}},{"type":"Feature","properties":{"treeNo":"427","plot":"Plot 1","coordinateSource":"Muthu_Farms_Plot1_Trees_Affine_Corrected_2026.gpkg/Plot1_Trees_Affine_Corrected_2026","coordinateVersion":"plot1-affine-corrected-2026-08-12"},"geometry":{"type":"Point","coordinates":[77.0762732074,10.4808123044]}},{"type":"Feature","properties":{"treeNo":"428","plot":"Plot 1","coordinateSource":"Muthu_Farms_Plot1_Trees_Affine_Corrected_2026.gpkg/Plot1_Trees_Affine_Corrected_2026","coordinateVersion":"plot1-affine-corrected-2026-08-12"},"geometry":{"type":"Point","coordinates":[77.0761947733,10.4808182195]}},{"type":"Feature","properties":{"treeNo":"429","plot":"Plot 1","coordinateSource":"Muthu_Farms_Plot1_Trees_Affine_Corrected_2026.gpkg/Plot1_Trees_Affine_Corrected_2026","coordinateVersion":"plot1-affine-corrected-2026-08-12"},"geometry":{"type":"Point","coordinates":[77.0761261799,10.480827121]}},{"type":"Feature","properties":{"treeNo":"430","plot":"Plot 1","coordinateSource":"Muthu_Farms_Plot1_Trees_Affine_Corrected_2026.gpkg/Plot1_Trees_Affine_Corrected_2026","coordinateVersion":"plot1-affine-corrected-2026-08-12"},"geometry":{"type":"Point","coordinates":[77.0760498364,10.4808355852]}},{"type":"Feature","properties":{"treeNo":"431","plot":"Plot 1","coordinateSource":"Muthu_Farms_Plot1_Trees_Affine_Corrected_2026.gpkg/Plot1_Trees_Affine_Corrected_2026","coordinateVersion":"plot1-affine-corrected-2026-08-12"},"geometry":{"type":"Point","coordinates":[77.0759781248,10.4808424617]}},{"type":"Feature","properties":{"treeNo":"432","plot":"Plot 1","coordinateSource":"Muthu_Farms_Plot1_Trees_Affine_Corrected_2026.gpkg/Plot1_Trees_Affine_Corrected_2026","coordinateVersion":"plot1-affine-corrected-2026-08-12"},"geometry":{"type":"Point","coordinates":[77.0759085441,10.4808559987]}},{"type":"Feature","properties":{"treeNo":"433","plot":"Plot 1","coordinateSource":"Muthu_Farms_Plot1_Trees_Affine_Corrected_2026.gpkg/Plot1_Trees_Affine_Corrected_2026","coordinateVersion":"plot1-affine-corrected-2026-08-12"},"geometry":{"type":"Point","coordinates":[77.0758312485,10.4808726959]}},{"type":"Feature","properties":{"treeNo":"434","plot":"Plot 1","coordinateSource":"Muthu_Farms_Plot1_Trees_Affine_Corrected_2026.gpkg/Plot1_Trees_Affine_Corrected_2026","coordinateVersion":"plot1-affine-corrected-2026-08-12"},"geometry":{"type":"Point","coordinates":[77.0757569954,10.4808837092]}},{"type":"Feature","properties":{"treeNo":"440","plot":"Plot 1","coordinateSource":"Muthu_Farms_Plot1_Trees_Affine_Corrected_2026.gpkg/Plot1_Trees_Affine_Corrected_2026","coordinateVersion":"plot1-affine-corrected-2026-08-12"},"geometry":{"type":"Point","coordinates":[77.0767245257,10.4806269247]}},{"type":"Feature","properties":{"treeNo":"441","plot":"Plot 1","coordinateSource":"Muthu_Farms_Plot1_Trees_Affine_Corrected_2026.gpkg/Plot1_Trees_Affine_Corrected_2026","coordinateVersion":"plot1-affine-corrected-2026-08-12"},"geometry":{"type":"Point","coordinates":[77.0766830698,10.4806648545]}},{"type":"Feature","properties":{"treeNo":"442","plot":"Plot 1","coordinateSource":"Muthu_Farms_Plot1_Trees_Affine_Corrected_2026.gpkg/Plot1_Trees_Affine_Corrected_2026","coordinateVersion":"plot1-affine-corrected-2026-08-12"},"geometry":{"type":"Point","coordinates":[77.0766274508,10.4806803095]}},{"type":"Feature","properties":{"treeNo":"443","plot":"Plot 1","coordinateSource":"Muthu_Farms_Plot1_Trees_Affine_Corrected_2026.gpkg/Plot1_Trees_Affine_Corrected_2026","coordinateVersion":"plot1-affine-corrected-2026-08-12"},"geometry":{"type":"Point","coordinates":[77.0765619203,10.4806855831]}},{"type":"Feature","properties":{"treeNo":"444","plot":"Plot 1","coordinateSource":"Muthu_Farms_Plot1_Trees_Affine_Corrected_2026.gpkg/Plot1_Trees_Affine_Corrected_2026","coordinateVersion":"plot1-affine-corrected-2026-08-12"},"geometry":{"type":"Point","coordinates":[77.0764810103,10.4807023161]}},{"type":"Feature","properties":{"treeNo":"445","plot":"Plot 1","coordinateSource":"Muthu_Farms_Plot1_Trees_Affine_Corrected_2026.gpkg/Plot1_Trees_Affine_Corrected_2026","coordinateVersion":"plot1-affine-corrected-2026-08-12"},"geometry":{"type":"Point","coordinates":[77.0764109134,10.4807158583]}},{"type":"Feature","properties":{"treeNo":"446","plot":"Plot 1","coordinateSource":"Muthu_Farms_Plot1_Trees_Affine_Corrected_2026.gpkg/Plot1_Trees_Affine_Corrected_2026","coordinateVersion":"plot1-affine-corrected-2026-08-12"},"geometry":{"type":"Point","coordinates":[77.0763381944,10.4807253147]}},{"type":"Feature","properties":{"treeNo":"447","plot":"Plot 1","coordinateSource":"Muthu_Farms_Plot1_Trees_Affine_Corrected_2026.gpkg/Plot1_Trees_Affine_Corrected_2026","coordinateVersion":"plot1-affine-corrected-2026-08-12"},"geometry":{"type":"Point","coordinates":[77.0762603421,10.4807379056]}},{"type":"Feature","properties":{"treeNo":"448","plot":"Plot 1","coordinateSource":"Muthu_Farms_Plot1_Trees_Affine_Corrected_2026.gpkg/Plot1_Trees_Affine_Corrected_2026","coordinateVersion":"plot1-affine-corrected-2026-08-12"},"geometry":{"type":"Point","coordinates":[77.076190706,10.4807457896]}},{"type":"Feature","properties":{"treeNo":"449","plot":"Plot 1","coordinateSource":"Muthu_Farms_Plot1_Trees_Affine_Corrected_2026.gpkg/Plot1_Trees_Affine_Corrected_2026","coordinateVersion":"plot1-affine-corrected-2026-08-12"},"geometry":{"type":"Point","coordinates":[77.0761086978,10.4807558517]}},{"type":"Feature","properties":{"treeNo":"450","plot":"Plot 1","coordinateSource":"Muthu_Farms_Plot1_Trees_Affine_Corrected_2026.gpkg/Plot1_Trees_Affine_Corrected_2026","coordinateVersion":"plot1-affine-corrected-2026-08-12"},"geometry":{"type":"Point","coordinates":[77.0760380643,10.4807673433]}},{"type":"Feature","properties":{"treeNo":"451","plot":"Plot 1","coordinateSource":"Muthu_Farms_Plot1_Trees_Affine_Corrected_2026.gpkg/Plot1_Trees_Affine_Corrected_2026","coordinateVersion":"plot1-affine-corrected-2026-08-12"},"geometry":{"type":"Point","coordinates":[77.0759704684,10.4807726372]}},{"type":"Feature","properties":{"treeNo":"452","plot":"Plot 1","coordinateSource":"Muthu_Farms_Plot1_Trees_Affine_Corrected_2026.gpkg/Plot1_Trees_Affine_Corrected_2026","coordinateVersion":"plot1-affine-corrected-2026-08-12"},"geometry":{"type":"Point","coordinates":[77.0758966964,10.480780048]}},{"type":"Feature","properties":{"treeNo":"453","plot":"Plot 1","coordinateSource":"Muthu_Farms_Plot1_Trees_Affine_Corrected_2026.gpkg/Plot1_Trees_Affine_Corrected_2026","coordinateVersion":"plot1-affine-corrected-2026-08-12"},"geometry":{"type":"Point","coordinates":[77.0758183278,10.4807926439]}},{"type":"Feature","properties":{"treeNo":"454","plot":"Plot 1","coordinateSource":"Muthu_Farms_Plot1_Trees_Affine_Corrected_2026.gpkg/Plot1_Trees_Affine_Corrected_2026","coordinateVersion":"plot1-affine-corrected-2026-08-12"},"geometry":{"type":"Point","coordinates":[77.0757497546,10.4808036011]}},{"type":"Feature","properties":{"treeNo":"461","plot":"Plot 1","coordinateSource":"Muthu_Farms_Plot1_Trees_Affine_Corrected_2026.gpkg/Plot1_Trees_Affine_Corrected_2026","coordinateVersion":"plot1-affine-corrected-2026-08-12"},"geometry":{"type":"Point","coordinates":[77.0767103744,10.4805530526]}},{"type":"Feature","properties":{"treeNo":"462","plot":"Plot 1","coordinateSource":"Muthu_Farms_Plot1_Trees_Affine_Corrected_2026.gpkg/Plot1_Trees_Affine_Corrected_2026","coordinateVersion":"plot1-affine-corrected-2026-08-12"},"geometry":{"type":"Point","coordinates":[77.0766682198,10.4805986989]}},{"type":"Feature","properties":{"treeNo":"463","plot":"Plot 1","coordinateSource":"Muthu_Farms_Plot1_Trees_Affine_Corrected_2026.gpkg/Plot1_Trees_Affine_Corrected_2026","coordinateVersion":"plot1-affine-corrected-2026-08-12"},"geometry":{"type":"Point","coordinates":[77.076611981,10.4806036237]}},{"type":"Feature","properties":{"treeNo":"464","plot":"Plot 1","coordinateSource":"Muthu_Farms_Plot1_Trees_Affine_Corrected_2026.gpkg/Plot1_Trees_Affine_Corrected_2026","coordinateVersion":"plot1-affine-corrected-2026-08-12"},"geometry":{"type":"Point","coordinates":[77.0765418437,10.4806130546]}},{"type":"Feature","properties":{"treeNo":"465","plot":"Plot 1","coordinateSource":"Muthu_Farms_Plot1_Trees_Affine_Corrected_2026.gpkg/Plot1_Trees_Affine_Corrected_2026","coordinateVersion":"plot1-affine-corrected-2026-08-12"},"geometry":{"type":"Point","coordinates":[77.0764671325,10.4806299832]}},{"type":"Feature","properties":{"treeNo":"466","plot":"Plot 1","coordinateSource":"Muthu_Farms_Plot1_Trees_Affine_Corrected_2026.gpkg/Plot1_Trees_Affine_Corrected_2026","coordinateVersion":"plot1-affine-corrected-2026-08-12"},"geometry":{"type":"Point","coordinates":[77.0763985442,10.4806393988]}},{"type":"Feature","properties":{"treeNo":"467","plot":"Plot 1","coordinateSource":"Muthu_Farms_Plot1_Trees_Affine_Corrected_2026.gpkg/Plot1_Trees_Affine_Corrected_2026","coordinateVersion":"plot1-affine-corrected-2026-08-12"},"geometry":{"type":"Point","coordinates":[77.0763263315,10.4806478222]}},{"type":"Feature","properties":{"treeNo":"468","plot":"Plot 1","coordinateSource":"Muthu_Farms_Plot1_Trees_Affine_Corrected_2026.gpkg/Plot1_Trees_Affine_Corrected_2026","coordinateVersion":"plot1-affine-corrected-2026-08-12"},"geometry":{"type":"Point","coordinates":[77.0762443182,10.4806573704]}},{"type":"Feature","properties":{"treeNo":"469","plot":"Plot 1","coordinateSource":"Muthu_Farms_Plot1_Trees_Affine_Corrected_2026.gpkg/Plot1_Trees_Affine_Corrected_2026","coordinateVersion":"plot1-affine-corrected-2026-08-12"},"geometry":{"type":"Point","coordinates":[77.0761834752,10.4806667094]}},{"type":"Feature","properties":{"treeNo":"470","plot":"Plot 1","coordinateSource":"Muthu_Farms_Plot1_Trees_Affine_Corrected_2026.gpkg/Plot1_Trees_Affine_Corrected_2026","coordinateVersion":"plot1-affine-corrected-2026-08-12"},"geometry":{"type":"Point","coordinates":[77.0761031219,10.4806875485]}},{"type":"Feature","properties":{"treeNo":"471","plot":"Plot 1","coordinateSource":"Muthu_Farms_Plot1_Trees_Affine_Corrected_2026.gpkg/Plot1_Trees_Affine_Corrected_2026","coordinateVersion":"plot1-affine-corrected-2026-08-12"},"geometry":{"type":"Point","coordinates":[77.0760282971,10.4806929139]}},{"type":"Feature","properties":{"treeNo":"472","plot":"Plot 1","coordinateSource":"Muthu_Farms_Plot1_Trees_Affine_Corrected_2026.gpkg/Plot1_Trees_Affine_Corrected_2026","coordinateVersion":"plot1-affine-corrected-2026-08-12"},"geometry":{"type":"Point","coordinates":[77.0759550869,10.4807049449]}},{"type":"Feature","properties":{"treeNo":"473","plot":"Plot 1","coordinateSource":"Muthu_Farms_Plot1_Trees_Affine_Corrected_2026.gpkg/Plot1_Trees_Affine_Corrected_2026","coordinateVersion":"plot1-affine-corrected-2026-08-12"},"geometry":{"type":"Point","coordinates":[77.0758833855,10.4807128492]}},{"type":"Feature","properties":{"treeNo":"474","plot":"Plot 1","coordinateSource":"Muthu_Farms_Plot1_Trees_Affine_Corrected_2026.gpkg/Plot1_Trees_Affine_Corrected_2026","coordinateVersion":"plot1-affine-corrected-2026-08-12"},"geometry":{"type":"Point","coordinates":[77.0758080746,10.4807213031]}},{"type":"Feature","properties":{"treeNo":"475","plot":"Plot 1","coordinateSource":"Muthu_Farms_Plot1_Trees_Affine_Corrected_2026.gpkg/Plot1_Trees_Affine_Corrected_2026","coordinateVersion":"plot1-affine-corrected-2026-08-12"},"geometry":{"type":"Point","coordinates":[77.0757338468,10.480734886]}},{"type":"Feature","properties":{"treeNo":"483","plot":"Plot 1","coordinateSource":"Muthu_Farms_Plot1_Trees_Affine_Corrected_2026.gpkg/Plot1_Trees_Affine_Corrected_2026","coordinateVersion":"plot1-affine-corrected-2026-08-12"},"geometry":{"type":"Point","coordinates":[77.0766997721,10.4804724639]}},{"type":"Feature","properties":{"treeNo":"484","plot":"Plot 1","coordinateSource":"Muthu_Farms_Plot1_Trees_Affine_Corrected_2026.gpkg/Plot1_Trees_Affine_Corrected_2026","coordinateVersion":"plot1-affine-corrected-2026-08-12"},"geometry":{"type":"Point","coordinates":[77.0766525397,10.4805268979]}},{"type":"Feature","properties":{"treeNo":"485","plot":"Plot 1","coordinateSource":"Muthu_Farms_Plot1_Trees_Affine_Corrected_2026.gpkg/Plot1_Trees_Affine_Corrected_2026","coordinateVersion":"plot1-affine-corrected-2026-08-12"},"geometry":{"type":"Point","coordinates":[77.076600171,10.4805315274]}},{"type":"Feature","properties":{"treeNo":"486","plot":"Plot 1","coordinateSource":"Muthu_Farms_Plot1_Trees_Affine_Corrected_2026.gpkg/Plot1_Trees_Affine_Corrected_2026","coordinateVersion":"plot1-affine-corrected-2026-08-12"},"geometry":{"type":"Point","coordinates":[77.0765280138,10.480545604]}},{"type":"Feature","properties":{"treeNo":"487","plot":"Plot 1","coordinateSource":"Muthu_Farms_Plot1_Trees_Affine_Corrected_2026.gpkg/Plot1_Trees_Affine_Corrected_2026","coordinateVersion":"plot1-affine-corrected-2026-08-12"},"geometry":{"type":"Point","coordinates":[77.0764429151,10.4805564677]}},{"type":"Feature","properties":{"treeNo":"488","plot":"Plot 1","coordinateSource":"Muthu_Farms_Plot1_Trees_Affine_Corrected_2026.gpkg/Plot1_Trees_Affine_Corrected_2026","coordinateVersion":"plot1-affine-corrected-2026-08-12"},"geometry":{"type":"Point","coordinates":[77.0763846134,10.4805616697]}},{"type":"Feature","properties":{"treeNo":"489","plot":"Plot 1","coordinateSource":"Muthu_Farms_Plot1_Trees_Affine_Corrected_2026.gpkg/Plot1_Trees_Affine_Corrected_2026","coordinateVersion":"plot1-affine-corrected-2026-08-12"},"geometry":{"type":"Point","coordinates":[77.0763103958,10.4805762806]}},{"type":"Feature","properties":{"treeNo":"490","plot":"Plot 1","coordinateSource":"Muthu_Farms_Plot1_Trees_Affine_Corrected_2026.gpkg/Plot1_Trees_Affine_Corrected_2026","coordinateVersion":"plot1-affine-corrected-2026-08-12"},"geometry":{"type":"Point","coordinates":[77.0762377197,10.4805901053]}},{"type":"Feature","properties":{"treeNo":"491","plot":"Plot 1","coordinateSource":"Muthu_Farms_Plot1_Trees_Affine_Corrected_2026.gpkg/Plot1_Trees_Affine_Corrected_2026","coordinateVersion":"plot1-affine-corrected-2026-08-12"},"geometry":{"type":"Point","coordinates":[77.0761676177,10.4806031336]}},{"type":"Feature","properties":{"treeNo":"492","plot":"Plot 1","coordinateSource":"Muthu_Farms_Plot1_Trees_Affine_Corrected_2026.gpkg/Plot1_Trees_Affine_Corrected_2026","coordinateVersion":"plot1-affine-corrected-2026-08-12"},"geometry":{"type":"Point","coordinates":[77.0760923271,10.4806136433]}},{"type":"Feature","properties":{"treeNo":"493","plot":"Plot 1","coordinateSource":"Muthu_Farms_Plot1_Trees_Affine_Corrected_2026.gpkg/Plot1_Trees_Affine_Corrected_2026","coordinateVersion":"plot1-affine-corrected-2026-08-12"},"geometry":{"type":"Point","coordinates":[77.0760133665,10.4806185355]}},{"type":"Feature","properties":{"treeNo":"494","plot":"Plot 1","coordinateSource":"Muthu_Farms_Plot1_Trees_Affine_Corrected_2026.gpkg/Plot1_Trees_Affine_Corrected_2026","coordinateVersion":"plot1-affine-corrected-2026-08-12"},"geometry":{"type":"Point","coordinates":[77.0759489342,10.4806304797]}},{"type":"Feature","properties":{"treeNo":"495","plot":"Plot 1","coordinateSource":"Muthu_Farms_Plot1_Trees_Affine_Corrected_2026.gpkg/Plot1_Trees_Affine_Corrected_2026","coordinateVersion":"plot1-affine-corrected-2026-08-12"},"geometry":{"type":"Point","coordinates":[77.0758663794,10.4806374633]}},{"type":"Feature","properties":{"treeNo":"496","plot":"Plot 1","coordinateSource":"Muthu_Farms_Plot1_Trees_Affine_Corrected_2026.gpkg/Plot1_Trees_Affine_Corrected_2026","coordinateVersion":"plot1-affine-corrected-2026-08-12"},"geometry":{"type":"Point","coordinates":[77.0757988642,10.4806509799]}},{"type":"Feature","properties":{"treeNo":"497","plot":"Plot 1","coordinateSource":"Muthu_Farms_Plot1_Trees_Affine_Corrected_2026.gpkg/Plot1_Trees_Affine_Corrected_2026","coordinateVersion":"plot1-affine-corrected-2026-08-12"},"geometry":{"type":"Point","coordinates":[77.075727208,10.4806635095]}},{"type":"Feature","properties":{"treeNo":"506","plot":"Plot 1","coordinateSource":"Muthu_Farms_Plot1_Trees_Affine_Corrected_2026.gpkg/Plot1_Trees_Affine_Corrected_2026","coordinateVersion":"plot1-affine-corrected-2026-08-12"},"geometry":{"type":"Point","coordinates":[77.0766854636,10.4804088728]}},{"type":"Feature","properties":{"treeNo":"507","plot":"Plot 1","coordinateSource":"Muthu_Farms_Plot1_Trees_Affine_Corrected_2026.gpkg/Plot1_Trees_Affine_Corrected_2026","coordinateVersion":"plot1-affine-corrected-2026-08-12"},"geometry":{"type":"Point","coordinates":[77.0766399098,10.4804501839]}},{"type":"Feature","properties":{"treeNo":"508","plot":"Plot 1","coordinateSource":"Muthu_Farms_Plot1_Trees_Affine_Corrected_2026.gpkg/Plot1_Trees_Affine_Corrected_2026","coordinateVersion":"plot1-affine-corrected-2026-08-12"},"geometry":{"type":"Point","coordinates":[77.0765932285,10.4804555281]}},{"type":"Feature","properties":{"treeNo":"509","plot":"Plot 1","coordinateSource":"Muthu_Farms_Plot1_Trees_Affine_Corrected_2026.gpkg/Plot1_Trees_Affine_Corrected_2026","coordinateVersion":"plot1-affine-corrected-2026-08-12"},"geometry":{"type":"Point","coordinates":[77.0765226304,10.4804706173]}},{"type":"Feature","properties":{"treeNo":"510","plot":"Plot 1","coordinateSource":"Muthu_Farms_Plot1_Trees_Affine_Corrected_2026.gpkg/Plot1_Trees_Affine_Corrected_2026","coordinateVersion":"plot1-affine-corrected-2026-08-12"},"geometry":{"type":"Point","coordinates":[77.076435188,10.4804794482]}},{"type":"Feature","properties":{"treeNo":"512","plot":"Plot 1","coordinateSource":"Muthu_Farms_Plot1_Trees_Affine_Corrected_2026.gpkg/Plot1_Trees_Affine_Corrected_2026","coordinateVersion":"plot1-affine-corrected-2026-08-12"},"geometry":{"type":"Point","coordinates":[77.0763748513,10.4804877543]}},{"type":"Feature","properties":{"treeNo":"513","plot":"Plot 1","coordinateSource":"Muthu_Farms_Plot1_Trees_Affine_Corrected_2026.gpkg/Plot1_Trees_Affine_Corrected_2026","coordinateVersion":"plot1-affine-corrected-2026-08-12"},"geometry":{"type":"Point","coordinates":[77.0762995657,10.4804987779]}},{"type":"Feature","properties":{"treeNo":"514","plot":"Plot 1","coordinateSource":"Muthu_Farms_Plot1_Trees_Affine_Corrected_2026.gpkg/Plot1_Trees_Affine_Corrected_2026","coordinateVersion":"plot1-affine-corrected-2026-08-12"},"geometry":{"type":"Point","coordinates":[77.0762274286,10.4805149101]}},{"type":"Feature","properties":{"treeNo":"515","plot":"Plot 1","coordinateSource":"Muthu_Farms_Plot1_Trees_Affine_Corrected_2026.gpkg/Plot1_Trees_Affine_Corrected_2026","coordinateVersion":"plot1-affine-corrected-2026-08-12"},"geometry":{"type":"Point","coordinates":[77.0761588353,10.4805238117]}},{"type":"Feature","properties":{"treeNo":"516","plot":"Plot 1","coordinateSource":"Muthu_Farms_Plot1_Trees_Affine_Corrected_2026.gpkg/Plot1_Trees_Affine_Corrected_2026","coordinateVersion":"plot1-affine-corrected-2026-08-12"},"geometry":{"type":"Point","coordinates":[77.0760815297,10.480539481]}},{"type":"Feature","properties":{"treeNo":"517","plot":"Plot 1","coordinateSource":"Muthu_Farms_Plot1_Trees_Affine_Corrected_2026.gpkg/Plot1_Trees_Affine_Corrected_2026","coordinateVersion":"plot1-affine-corrected-2026-08-12"},"geometry":{"type":"Point","coordinates":[77.0760041485,10.4805474415]}},{"type":"Feature","properties":{"treeNo":"518","plot":"Plot 1","coordinateSource":"Muthu_Farms_Plot1_Trees_Affine_Corrected_2026.gpkg/Plot1_Trees_Affine_Corrected_2026","coordinateVersion":"plot1-affine-corrected-2026-08-12"},"geometry":{"type":"Point","coordinates":[77.0759355653,10.4805573708]}},{"type":"Feature","properties":{"treeNo":"519","plot":"Plot 1","coordinateSource":"Muthu_Farms_Plot1_Trees_Affine_Corrected_2026.gpkg/Plot1_Trees_Affine_Corrected_2026","coordinateVersion":"plot1-affine-corrected-2026-08-12"},"geometry":{"type":"Point","coordinates":[77.075859252,10.4805689185]}},{"type":"Feature","properties":{"treeNo":"520","plot":"Plot 1","coordinateSource":"Muthu_Farms_Plot1_Trees_Affine_Corrected_2026.gpkg/Plot1_Trees_Affine_Corrected_2026","coordinateVersion":"plot1-affine-corrected-2026-08-12"},"geometry":{"type":"Point","coordinates":[77.0757793243,10.4805805019]}},{"type":"Feature","properties":{"treeNo":"521","plot":"Plot 1","coordinateSource":"Muthu_Farms_Plot1_Trees_Affine_Corrected_2026.gpkg/Plot1_Trees_Affine_Corrected_2026","coordinateVersion":"plot1-affine-corrected-2026-08-12"},"geometry":{"type":"Point","coordinates":[77.075713343,10.4805924614]}},{"type":"Feature","properties":{"treeNo":"529","plot":"Plot 1","coordinateSource":"Muthu_Farms_Plot1_Trees_Affine_Corrected_2026.gpkg/Plot1_Trees_Affine_Corrected_2026","coordinateVersion":"plot1-affine-corrected-2026-08-12"},"geometry":{"type":"Point","coordinates":[77.0766314031,10.4803726583]}},{"type":"Feature","properties":{"treeNo":"530","plot":"Plot 1","coordinateSource":"Muthu_Farms_Plot1_Trees_Affine_Corrected_2026.gpkg/Plot1_Trees_Affine_Corrected_2026","coordinateVersion":"plot1-affine-corrected-2026-08-12"},"geometry":{"type":"Point","coordinates":[77.07657625,10.480382969]}},{"type":"Feature","properties":{"treeNo":"531","plot":"Plot 1","coordinateSource":"Muthu_Farms_Plot1_Trees_Affine_Corrected_2026.gpkg/Plot1_Trees_Affine_Corrected_2026","coordinateVersion":"plot1-affine-corrected-2026-08-12"},"geometry":{"type":"Point","coordinates":[77.0765071606,10.4803939314]}},{"type":"Feature","properties":{"treeNo":"532","plot":"Plot 1","coordinateSource":"Muthu_Farms_Plot1_Trees_Affine_Corrected_2026.gpkg/Plot1_Trees_Affine_Corrected_2026","coordinateVersion":"plot1-affine-corrected-2026-08-12"},"geometry":{"type":"Point","coordinates":[77.0764277746,10.4804080794]}},{"type":"Feature","properties":{"treeNo":"533","plot":"Plot 1","coordinateSource":"Muthu_Farms_Plot1_Trees_Affine_Corrected_2026.gpkg/Plot1_Trees_Affine_Corrected_2026","coordinateVersion":"plot1-affine-corrected-2026-08-12"},"geometry":{"type":"Point","coordinates":[77.0763684604,10.4804153474]}},{"type":"Feature","properties":{"treeNo":"534","plot":"Plot 1","coordinateSource":"Muthu_Farms_Plot1_Trees_Affine_Corrected_2026.gpkg/Plot1_Trees_Affine_Corrected_2026","coordinateVersion":"plot1-affine-corrected-2026-08-12"},"geometry":{"type":"Point","coordinates":[77.0762921271,10.4804248395]}},{"type":"Feature","properties":{"treeNo":"535","plot":"Plot 1","coordinateSource":"Muthu_Farms_Plot1_Trees_Affine_Corrected_2026.gpkg/Plot1_Trees_Affine_Corrected_2026","coordinateVersion":"plot1-affine-corrected-2026-08-12"},"geometry":{"type":"Point","coordinates":[77.0762189876,10.4804440654]}},{"type":"Feature","properties":{"treeNo":"537","plot":"Plot 1","coordinateSource":"Muthu_Farms_Plot1_Trees_Affine_Corrected_2026.gpkg/Plot1_Trees_Affine_Corrected_2026","coordinateVersion":"plot1-affine-corrected-2026-08-12"},"geometry":{"type":"Point","coordinates":[77.0761657954,10.4804700328]}},{"type":"Feature","properties":{"treeNo":"538","plot":"Plot 1","coordinateSource":"Muthu_Farms_Plot1_Trees_Affine_Corrected_2026.gpkg/Plot1_Trees_Affine_Corrected_2026","coordinateVersion":"plot1-affine-corrected-2026-08-12"},"geometry":{"type":"Point","coordinates":[77.0761036539,10.4804786136]}},{"type":"Feature","properties":{"treeNo":"539","plot":"Plot 1","coordinateSource":"Muthu_Farms_Plot1_Trees_Affine_Corrected_2026.gpkg/Plot1_Trees_Affine_Corrected_2026","coordinateVersion":"plot1-affine-corrected-2026-08-12"},"geometry":{"type":"Point","coordinates":[77.0760332585,10.4804880469]}},{"type":"Feature","properties":{"treeNo":"540","plot":"Plot 1","coordinateSource":"Muthu_Farms_Plot1_Trees_Affine_Corrected_2026.gpkg/Plot1_Trees_Affine_Corrected_2026","coordinateVersion":"plot1-affine-corrected-2026-08-12"},"geometry":{"type":"Point","coordinates":[77.0759600559,10.4805008488]}},{"type":"Feature","properties":{"treeNo":"541","plot":"Plot 1","coordinateSource":"Muthu_Farms_Plot1_Trees_Affine_Corrected_2026.gpkg/Plot1_Trees_Affine_Corrected_2026","coordinateVersion":"plot1-affine-corrected-2026-08-12"},"geometry":{"type":"Point","coordinates":[77.0758904728,10.4805141289]}},{"type":"Feature","properties":{"treeNo":"542","plot":"Plot 1","coordinateSource":"Muthu_Farms_Plot1_Trees_Affine_Corrected_2026.gpkg/Plot1_Trees_Affine_Corrected_2026","coordinateVersion":"plot1-affine-corrected-2026-08-12"},"geometry":{"type":"Point","coordinates":[77.0758095074,10.4805252085]}},{"type":"Feature","properties":{"treeNo":"543","plot":"Plot 1","coordinateSource":"Muthu_Farms_Plot1_Trees_Affine_Corrected_2026.gpkg/Plot1_Trees_Affine_Corrected_2026","coordinateVersion":"plot1-affine-corrected-2026-08-12"},"geometry":{"type":"Point","coordinates":[77.0757440096,10.4805338224]}},{"type":"Feature","properties":{"treeNo":"544","plot":"Plot 1","coordinateSource":"Muthu_Farms_Plot1_Trees_Affine_Corrected_2026.gpkg/Plot1_Trees_Affine_Corrected_2026","coordinateVersion":"plot1-affine-corrected-2026-08-12"},"geometry":{"type":"Point","coordinates":[77.0755912406,10.4805423994]}},{"type":"Feature","properties":{"treeNo":"545","plot":"Plot 1","coordinateSource":"Muthu_Farms_Plot1_Trees_Affine_Corrected_2026.gpkg/Plot1_Trees_Affine_Corrected_2026","coordinateVersion":"plot1-affine-corrected-2026-08-12"},"geometry":{"type":"Point","coordinates":[77.0754495027,10.4805700127]}},{"type":"Feature","properties":{"treeNo":"546","plot":"Plot 1","coordinateSource":"Muthu_Farms_Plot1_Trees_Affine_Corrected_2026.gpkg/Plot1_Trees_Affine_Corrected_2026","coordinateVersion":"plot1-affine-corrected-2026-08-12"},"geometry":{"type":"Point","coordinates":[77.075368036,10.4805826391]}},{"type":"Feature","properties":{"treeNo":"547","plot":"Plot 1","coordinateSource":"Muthu_Farms_Plot1_Trees_Affine_Corrected_2026.gpkg/Plot1_Trees_Affine_Corrected_2026","coordinateVersion":"plot1-affine-corrected-2026-08-12"},"geometry":{"type":"Point","coordinates":[77.0752943346,10.4805972447]}},{"type":"Feature","properties":{"treeNo":"548","plot":"Plot 1","coordinateSource":"Muthu_Farms_Plot1_Trees_Affine_Corrected_2026.gpkg/Plot1_Trees_Affine_Corrected_2026","coordinateVersion":"plot1-affine-corrected-2026-08-12"},"geometry":{"type":"Point","coordinates":[77.0752221521,10.4806087514]}},{"type":"Feature","properties":{"treeNo":"528","plot":"Plot 1","coordinateSource":"Muthu_Farms_Plot1_Trees_Affine_Corrected_2026.gpkg/Plot1_Trees_Affine_Corrected_2026","coordinateVersion":"plot1-affine-corrected-2026-08-12"},"geometry":{"type":"Point","coordinates":[77.0752004835,10.4806634466]}},{"type":"Feature","properties":{"treeNo":"527","plot":"Plot 1","coordinateSource":"Muthu_Farms_Plot1_Trees_Affine_Corrected_2026.gpkg/Plot1_Trees_Affine_Corrected_2026","coordinateVersion":"plot1-affine-corrected-2026-08-12"},"geometry":{"type":"Point","coordinates":[77.0752722153,10.480658626]}},{"type":"Feature","properties":{"treeNo":"526","plot":"Plot 1","coordinateSource":"Muthu_Farms_Plot1_Trees_Affine_Corrected_2026.gpkg/Plot1_Trees_Affine_Corrected_2026","coordinateVersion":"plot1-affine-corrected-2026-08-12"},"geometry":{"type":"Point","coordinates":[77.0753407481,10.4806435575]}},{"type":"Feature","properties":{"treeNo":"525","plot":"Plot 1","coordinateSource":"Muthu_Farms_Plot1_Trees_Affine_Corrected_2026.gpkg/Plot1_Trees_Affine_Corrected_2026","coordinateVersion":"plot1-affine-corrected-2026-08-12"},"geometry":{"type":"Point","coordinates":[77.0754150062,10.4806330582]}},{"type":"Feature","properties":{"treeNo":"523","plot":"Plot 1","coordinateSource":"Muthu_Farms_Plot1_Trees_Affine_Corrected_2026.gpkg/Plot1_Trees_Affine_Corrected_2026","coordinateVersion":"plot1-affine-corrected-2026-08-12"},"geometry":{"type":"Point","coordinates":[77.0755724141,10.4806104298]}},{"type":"Feature","properties":{"treeNo":"522","plot":"Plot 1","coordinateSource":"Muthu_Farms_Plot1_Trees_Affine_Corrected_2026.gpkg/Plot1_Trees_Affine_Corrected_2026","coordinateVersion":"plot1-affine-corrected-2026-08-12"},"geometry":{"type":"Point","coordinates":[77.075641253,10.480600241]}},{"type":"Feature","properties":{"treeNo":"498","plot":"Plot 1","coordinateSource":"Muthu_Farms_Plot1_Trees_Affine_Corrected_2026.gpkg/Plot1_Trees_Affine_Corrected_2026","coordinateVersion":"plot1-affine-corrected-2026-08-12"},"geometry":{"type":"Point","coordinates":[77.075654875,10.4806728334]}},{"type":"Feature","properties":{"treeNo":"499","plot":"Plot 1","coordinateSource":"Muthu_Farms_Plot1_Trees_Affine_Corrected_2026.gpkg/Plot1_Trees_Affine_Corrected_2026","coordinateVersion":"plot1-affine-corrected-2026-08-12"},"geometry":{"type":"Point","coordinates":[77.0755749976,10.480689556]}},{"type":"Feature","properties":{"treeNo":"505","plot":"Plot 1","coordinateSource":"Muthu_Farms_Plot1_Trees_Affine_Corrected_2026.gpkg/Plot1_Trees_Affine_Corrected_2026","coordinateVersion":"plot1-affine-corrected-2026-08-12"},"geometry":{"type":"Point","coordinates":[77.0752026369,10.4807382083]}},{"type":"Feature","properties":{"treeNo":"504","plot":"Plot 1","coordinateSource":"Muthu_Farms_Plot1_Trees_Affine_Corrected_2026.gpkg/Plot1_Trees_Affine_Corrected_2026","coordinateVersion":"plot1-affine-corrected-2026-08-12"},"geometry":{"type":"Point","coordinates":[77.0752807751,10.4807284416]}},{"type":"Feature","properties":{"treeNo":"503","plot":"Plot 1","coordinateSource":"Muthu_Farms_Plot1_Trees_Affine_Corrected_2026.gpkg/Plot1_Trees_Affine_Corrected_2026","coordinateVersion":"plot1-affine-corrected-2026-08-12"},"geometry":{"type":"Point","coordinates":[77.0753496015,10.4807169681]}},{"type":"Feature","properties":{"treeNo":"502","plot":"Plot 1","coordinateSource":"Muthu_Farms_Plot1_Trees_Affine_Corrected_2026.gpkg/Plot1_Trees_Affine_Corrected_2026","coordinateVersion":"plot1-affine-corrected-2026-08-12"},"geometry":{"type":"Point","coordinates":[77.0754272359,10.4807084913]}},{"type":"Feature","properties":{"treeNo":"501","plot":"Plot 1","coordinateSource":"Muthu_Farms_Plot1_Trees_Affine_Corrected_2026.gpkg/Plot1_Trees_Affine_Corrected_2026","coordinateVersion":"plot1-affine-corrected-2026-08-12"},"geometry":{"type":"Point","coordinates":[77.0754742684,10.4806599701]}},{"type":"Feature","properties":{"treeNo":"478","plot":"Plot 1","coordinateSource":"Muthu_Farms_Plot1_Trees_Affine_Corrected_2026.gpkg/Plot1_Trees_Affine_Corrected_2026","coordinateVersion":"plot1-affine-corrected-2026-08-12"},"geometry":{"type":"Point","coordinates":[77.0754881057,10.4807281916]}},{"type":"Feature","properties":{"treeNo":"476","plot":"Plot 1","coordinateSource":"Muthu_Farms_Plot1_Trees_Affine_Corrected_2026.gpkg/Plot1_Trees_Affine_Corrected_2026","coordinateVersion":"plot1-affine-corrected-2026-08-12"},"geometry":{"type":"Point","coordinates":[77.0756672313,10.4807480082]}},{"type":"Feature","properties":{"treeNo":"477","plot":"Plot 1","coordinateSource":"Muthu_Farms_Plot1_Trees_Affine_Corrected_2026.gpkg/Plot1_Trees_Affine_Corrected_2026","coordinateVersion":"plot1-affine-corrected-2026-08-12"},"geometry":{"type":"Point","coordinates":[77.0755891007,10.4807585459]}},{"type":"Feature","properties":{"treeNo":"482","plot":"Plot 1","coordinateSource":"Muthu_Farms_Plot1_Trees_Affine_Corrected_2026.gpkg/Plot1_Trees_Affine_Corrected_2026","coordinateVersion":"plot1-affine-corrected-2026-08-12"},"geometry":{"type":"Point","coordinates":[77.0752172499,10.4808065507]}},{"type":"Feature","properties":{"treeNo":"481","plot":"Plot 1","coordinateSource":"Muthu_Farms_Plot1_Trees_Affine_Corrected_2026.gpkg/Plot1_Trees_Affine_Corrected_2026","coordinateVersion":"plot1-affine-corrected-2026-08-12"},"geometry":{"type":"Point","coordinates":[77.0752810709,10.4807980819]}},{"type":"Feature","properties":{"treeNo":"480","plot":"Plot 1","coordinateSource":"Muthu_Farms_Plot1_Trees_Affine_Corrected_2026.gpkg/Plot1_Trees_Affine_Corrected_2026","coordinateVersion":"plot1-affine-corrected-2026-08-12"},"geometry":{"type":"Point","coordinates":[77.0753600152,10.4807915196]}},{"type":"Feature","properties":{"treeNo":"479","plot":"Plot 1","coordinateSource":"Muthu_Farms_Plot1_Trees_Affine_Corrected_2026.gpkg/Plot1_Trees_Affine_Corrected_2026","coordinateVersion":"plot1-affine-corrected-2026-08-12"},"geometry":{"type":"Point","coordinates":[77.0754394153,10.4807787851]}},{"type":"Feature","properties":{"treeNo":"500","plot":"Plot 1","coordinateSource":"Muthu_Farms_Plot1_Trees_Affine_Corrected_2026.gpkg/Plot1_Trees_Affine_Corrected_2026","coordinateVersion":"plot1-affine-corrected-2026-08-12"},"geometry":{"type":"Point","coordinates":[77.0754990345,10.4808026096]}},{"type":"Feature","properties":{"treeNo":"460","plot":"Plot 1","coordinateSource":"Muthu_Farms_Plot1_Trees_Affine_Corrected_2026.gpkg/Plot1_Trees_Affine_Corrected_2026","coordinateVersion":"plot1-affine-corrected-2026-08-12"},"geometry":{"type":"Point","coordinates":[77.0753042705,10.4808731496]}},{"type":"Feature","properties":{"treeNo":"459","plot":"Plot 1","coordinateSource":"Muthu_Farms_Plot1_Trees_Affine_Corrected_2026.gpkg/Plot1_Trees_Affine_Corrected_2026","coordinateVersion":"plot1-affine-corrected-2026-08-12"},"geometry":{"type":"Point","coordinates":[77.0753699635,10.4808581092]}},{"type":"Feature","properties":{"treeNo":"458","plot":"Plot 1","coordinateSource":"Muthu_Farms_Plot1_Trees_Affine_Corrected_2026.gpkg/Plot1_Trees_Affine_Corrected_2026","coordinateVersion":"plot1-affine-corrected-2026-08-12"},"geometry":{"type":"Point","coordinates":[77.0754504379,10.4808496044]}},{"type":"Feature","properties":{"treeNo":"455","plot":"Plot 1","coordinateSource":"Muthu_Farms_Plot1_Trees_Affine_Corrected_2026.gpkg/Plot1_Trees_Affine_Corrected_2026","coordinateVersion":"plot1-affine-corrected-2026-08-12"},"geometry":{"type":"Point","coordinates":[77.075673197,10.4808165646]}},{"type":"Feature","properties":{"treeNo":"456","plot":"Plot 1","coordinateSource":"Muthu_Farms_Plot1_Trees_Affine_Corrected_2026.gpkg/Plot1_Trees_Affine_Corrected_2026","coordinateVersion":"plot1-affine-corrected-2026-08-12"},"geometry":{"type":"Point","coordinates":[77.0755958484,10.4808278654]}},{"type":"Feature","properties":{"treeNo":"457","plot":"Plot 1","coordinateSource":"Muthu_Farms_Plot1_Trees_Affine_Corrected_2026.gpkg/Plot1_Trees_Affine_Corrected_2026","coordinateVersion":"plot1-affine-corrected-2026-08-12"},"geometry":{"type":"Point","coordinates":[77.0754987505,10.4808789373]}},{"type":"Feature","properties":{"treeNo":"435","plot":"Plot 1","coordinateSource":"Muthu_Farms_Plot1_Trees_Affine_Corrected_2026.gpkg/Plot1_Trees_Affine_Corrected_2026","coordinateVersion":"plot1-affine-corrected-2026-08-12"},"geometry":{"type":"Point","coordinates":[77.0756840572,10.4808971509]}},{"type":"Feature","properties":{"treeNo":"436","plot":"Plot 1","coordinateSource":"Muthu_Farms_Plot1_Trees_Affine_Corrected_2026.gpkg/Plot1_Trees_Affine_Corrected_2026","coordinateVersion":"plot1-affine-corrected-2026-08-12"},"geometry":{"type":"Point","coordinates":[77.0756087488,10.4809058617]}},{"type":"Feature","properties":{"treeNo":"439","plot":"Plot 1","coordinateSource":"Muthu_Farms_Plot1_Trees_Affine_Corrected_2026.gpkg/Plot1_Trees_Affine_Corrected_2026","coordinateVersion":"plot1-affine-corrected-2026-08-12"},"geometry":{"type":"Point","coordinates":[77.0753087732,10.4809373517]}},{"type":"Feature","properties":{"treeNo":"438","plot":"Plot 1","coordinateSource":"Muthu_Farms_Plot1_Trees_Affine_Corrected_2026.gpkg/Plot1_Trees_Affine_Corrected_2026","coordinateVersion":"plot1-affine-corrected-2026-08-12"},"geometry":{"type":"Point","coordinates":[77.0753840968,10.4809301827]}},{"type":"Feature","properties":{"treeNo":"437","plot":"Plot 1","coordinateSource":"Muthu_Farms_Plot1_Trees_Affine_Corrected_2026.gpkg/Plot1_Trees_Affine_Corrected_2026","coordinateVersion":"plot1-affine-corrected-2026-08-12"},"geometry":{"type":"Point","coordinates":[77.0754597113,10.4809263516]}},{"type":"Feature","properties":{"treeNo":"414","plot":"Plot 1","coordinateSource":"Muthu_Farms_Plot1_Trees_Affine_Corrected_2026.gpkg/Plot1_Trees_Affine_Corrected_2026","coordinateVersion":"plot1-affine-corrected-2026-08-12"},"geometry":{"type":"Point","coordinates":[77.0756898207,10.4809582566]}},{"type":"Feature","properties":{"treeNo":"415","plot":"Plot 1","coordinateSource":"Muthu_Farms_Plot1_Trees_Affine_Corrected_2026.gpkg/Plot1_Trees_Affine_Corrected_2026","coordinateVersion":"plot1-affine-corrected-2026-08-12"},"geometry":{"type":"Point","coordinates":[77.075612049,10.4809790701]}},{"type":"Feature","properties":{"treeNo":"416","plot":"Plot 1","coordinateSource":"Muthu_Farms_Plot1_Trees_Affine_Corrected_2026.gpkg/Plot1_Trees_Affine_Corrected_2026","coordinateVersion":"plot1-affine-corrected-2026-08-12"},"geometry":{"type":"Point","coordinates":[77.0755103802,10.4809590021]}},{"type":"Feature","properties":{"treeNo":"417","plot":"Plot 1","coordinateSource":"Muthu_Farms_Plot1_Trees_Affine_Corrected_2026.gpkg/Plot1_Trees_Affine_Corrected_2026","coordinateVersion":"plot1-affine-corrected-2026-08-12"},"geometry":{"type":"Point","coordinates":[77.0754686862,10.48099899]}},{"type":"Feature","properties":{"treeNo":"418","plot":"Plot 1","coordinateSource":"Muthu_Farms_Plot1_Trees_Affine_Corrected_2026.gpkg/Plot1_Trees_Affine_Corrected_2026","coordinateVersion":"plot1-affine-corrected-2026-08-12"},"geometry":{"type":"Point","coordinates":[77.0753974858,10.4810053473]}},{"type":"Feature","properties":{"treeNo":"419","plot":"Plot 1","coordinateSource":"Muthu_Farms_Plot1_Trees_Affine_Corrected_2026.gpkg/Plot1_Trees_Affine_Corrected_2026","coordinateVersion":"plot1-affine-corrected-2026-08-12"},"geometry":{"type":"Point","coordinates":[77.0753278924,10.4810175994]}},{"type":"Feature","properties":{"treeNo":"398","plot":"Plot 1","coordinateSource":"Muthu_Farms_Plot1_Trees_Affine_Corrected_2026.gpkg/Plot1_Trees_Affine_Corrected_2026","coordinateVersion":"plot1-affine-corrected-2026-08-12"},"geometry":{"type":"Point","coordinates":[77.0752702958,10.4811078568]}},{"type":"Feature","properties":{"treeNo":"397","plot":"Plot 1","coordinateSource":"Muthu_Farms_Plot1_Trees_Affine_Corrected_2026.gpkg/Plot1_Trees_Affine_Corrected_2026","coordinateVersion":"plot1-affine-corrected-2026-08-12"},"geometry":{"type":"Point","coordinates":[77.075337305,10.4810953732]}},{"type":"Feature","properties":{"treeNo":"396","plot":"Plot 1","coordinateSource":"Muthu_Farms_Plot1_Trees_Affine_Corrected_2026.gpkg/Plot1_Trees_Affine_Corrected_2026","coordinateVersion":"plot1-affine-corrected-2026-08-12"},"geometry":{"type":"Point","coordinates":[77.0754120492,10.4810817853]}},{"type":"Feature","properties":{"treeNo":"395","plot":"Plot 1","coordinateSource":"Muthu_Farms_Plot1_Trees_Affine_Corrected_2026.gpkg/Plot1_Trees_Affine_Corrected_2026","coordinateVersion":"plot1-affine-corrected-2026-08-12"},"geometry":{"type":"Point","coordinates":[77.0754884332,10.4810774326]}},{"type":"Feature","properties":{"treeNo":"394","plot":"Plot 1","coordinateSource":"Muthu_Farms_Plot1_Trees_Affine_Corrected_2026.gpkg/Plot1_Trees_Affine_Corrected_2026","coordinateVersion":"plot1-affine-corrected-2026-08-12"},"geometry":{"type":"Point","coordinates":[77.075621454,10.481056073]}},{"type":"Feature","properties":{"treeNo":"393","plot":"Plot 1","coordinateSource":"Muthu_Farms_Plot1_Trees_Affine_Corrected_2026.gpkg/Plot1_Trees_Affine_Corrected_2026","coordinateVersion":"plot1-affine-corrected-2026-08-12"},"geometry":{"type":"Point","coordinates":[77.0757112479,10.4810500458]}},{"type":"Feature","properties":{"treeNo":"372.1","plot":"Plot 1","coordinateSource":"Muthu_Farms_Plot1_Trees_Affine_Corrected_2026.gpkg/Plot1_Trees_Affine_Corrected_2026","coordinateVersion":"plot1-affine-corrected-2026-08-12"},"geometry":{"type":"Point","coordinates":[77.0757227214,10.481114179]}},{"type":"Feature","properties":{"treeNo":"373","plot":"Plot 1","coordinateSource":"Muthu_Farms_Plot1_Trees_Affine_Corrected_2026.gpkg/Plot1_Trees_Affine_Corrected_2026","coordinateVersion":"plot1-affine-corrected-2026-08-12"},"geometry":{"type":"Point","coordinates":[77.0756402471,10.4811293853]}},{"type":"Feature","properties":{"treeNo":"374","plot":"Plot 1","coordinateSource":"Muthu_Farms_Plot1_Trees_Affine_Corrected_2026.gpkg/Plot1_Trees_Affine_Corrected_2026","coordinateVersion":"plot1-affine-corrected-2026-08-12"},"geometry":{"type":"Point","coordinates":[77.0754952646,10.4811421256]}},{"type":"Feature","properties":{"treeNo":"375","plot":"Plot 1","coordinateSource":"Muthu_Farms_Plot1_Trees_Affine_Corrected_2026.gpkg/Plot1_Trees_Affine_Corrected_2026","coordinateVersion":"plot1-affine-corrected-2026-08-12"},"geometry":{"type":"Point","coordinates":[77.0754246158,10.4811520753]}},{"type":"Feature","properties":{"treeNo":"376","plot":"Plot 1","coordinateSource":"Muthu_Farms_Plot1_Trees_Affine_Corrected_2026.gpkg/Plot1_Trees_Affine_Corrected_2026","coordinateVersion":"plot1-affine-corrected-2026-08-12"},"geometry":{"type":"Point","coordinates":[77.0753472646,10.4811631191]}},{"type":"Feature","properties":{"treeNo":"377","plot":"Plot 1","coordinateSource":"Muthu_Farms_Plot1_Trees_Affine_Corrected_2026.gpkg/Plot1_Trees_Affine_Corrected_2026","coordinateVersion":"plot1-affine-corrected-2026-08-12"},"geometry":{"type":"Point","coordinates":[77.0752756235,10.4811771904]}},{"type":"Feature","properties":{"treeNo":"351","plot":"Plot 1","coordinateSource":"Muthu_Farms_Plot1_Trees_Affine_Corrected_2026.gpkg/Plot1_Trees_Affine_Corrected_2026","coordinateVersion":"plot1-affine-corrected-2026-08-12"},"geometry":{"type":"Point","coordinates":[77.0757275933,10.4811896847]}},{"type":"Feature","properties":{"treeNo":"352","plot":"Plot 1","coordinateSource":"Muthu_Farms_Plot1_Trees_Affine_Corrected_2026.gpkg/Plot1_Trees_Affine_Corrected_2026","coordinateVersion":"plot1-affine-corrected-2026-08-12"},"geometry":{"type":"Point","coordinates":[77.0756476705,10.481201782]}},{"type":"Feature","properties":{"treeNo":"357","plot":"Plot 1","coordinateSource":"Muthu_Farms_Plot1_Trees_Affine_Corrected_2026.gpkg/Plot1_Trees_Affine_Corrected_2026","coordinateVersion":"plot1-affine-corrected-2026-08-12"},"geometry":{"type":"Point","coordinates":[77.0752783442,10.4812439799]}},{"type":"Feature","properties":{"treeNo":"356","plot":"Plot 1","coordinateSource":"Muthu_Farms_Plot1_Trees_Affine_Corrected_2026.gpkg/Plot1_Trees_Affine_Corrected_2026","coordinateVersion":"plot1-affine-corrected-2026-08-12"},"geometry":{"type":"Point","coordinates":[77.0753595807,10.4812341826]}},{"type":"Feature","properties":{"treeNo":"355","plot":"Plot 1","coordinateSource":"Muthu_Farms_Plot1_Trees_Affine_Corrected_2026.gpkg/Plot1_Trees_Affine_Corrected_2026","coordinateVersion":"plot1-affine-corrected-2026-08-12"},"geometry":{"type":"Point","coordinates":[77.0754333099,10.4812224036]}},{"type":"Feature","properties":{"treeNo":"353","plot":"Plot 1","coordinateSource":"Muthu_Farms_Plot1_Trees_Affine_Corrected_2026.gpkg/Plot1_Trees_Affine_Corrected_2026","coordinateVersion":"plot1-affine-corrected-2026-08-12"},"geometry":{"type":"Point","coordinates":[77.0755109823,10.4812177811]}},{"type":"Feature","properties":{"treeNo":"335","plot":"Plot 1","coordinateSource":"Muthu_Farms_Plot1_Trees_Affine_Corrected_2026.gpkg/Plot1_Trees_Affine_Corrected_2026","coordinateVersion":"plot1-affine-corrected-2026-08-12"},"geometry":{"type":"Point","coordinates":[77.0752906905,10.4813181269]}},{"type":"Feature","properties":{"treeNo":"334","plot":"Plot 1","coordinateSource":"Muthu_Farms_Plot1_Trees_Affine_Corrected_2026.gpkg/Plot1_Trees_Affine_Corrected_2026","coordinateVersion":"plot1-affine-corrected-2026-08-12"},"geometry":{"type":"Point","coordinates":[77.075369616,10.4813096373]}},{"type":"Feature","properties":{"treeNo":"332","plot":"Plot 1","coordinateSource":"Muthu_Farms_Plot1_Trees_Affine_Corrected_2026.gpkg/Plot1_Trees_Affine_Corrected_2026","coordinateVersion":"plot1-affine-corrected-2026-08-12"},"geometry":{"type":"Point","coordinates":[77.0754422747,10.4812940141]}},{"type":"Feature","properties":{"treeNo":"331","plot":"Plot 1","coordinateSource":"Muthu_Farms_Plot1_Trees_Affine_Corrected_2026.gpkg/Plot1_Trees_Affine_Corrected_2026","coordinateVersion":"plot1-affine-corrected-2026-08-12"},"geometry":{"type":"Point","coordinates":[77.075517383,10.4812912159]}},{"type":"Feature","properties":{"treeNo":"312","plot":"Plot 1","coordinateSource":"Muthu_Farms_Plot1_Trees_Affine_Corrected_2026.gpkg/Plot1_Trees_Affine_Corrected_2026","coordinateVersion":"plot1-affine-corrected-2026-08-12"},"geometry":{"type":"Point","coordinates":[77.0753002044,10.4813930728]}},{"type":"Feature","properties":{"treeNo":"311","plot":"Plot 1","coordinateSource":"Muthu_Farms_Plot1_Trees_Affine_Corrected_2026.gpkg/Plot1_Trees_Affine_Corrected_2026","coordinateVersion":"plot1-affine-corrected-2026-08-12"},"geometry":{"type":"Point","coordinates":[77.075373683,10.4813820672]}},{"type":"Feature","properties":{"treeNo":"310","plot":"Plot 1","coordinateSource":"Muthu_Farms_Plot1_Trees_Affine_Corrected_2026.gpkg/Plot1_Trees_Affine_Corrected_2026","coordinateVersion":"plot1-affine-corrected-2026-08-12"},"geometry":{"type":"Point","coordinates":[77.0754487006,10.4813700185]}},{"type":"Feature","properties":{"treeNo":"309","plot":"Plot 1","coordinateSource":"Muthu_Farms_Plot1_Trees_Affine_Corrected_2026.gpkg/Plot1_Trees_Affine_Corrected_2026","coordinateVersion":"plot1-affine-corrected-2026-08-12"},"geometry":{"type":"Point","coordinates":[77.075531529,10.4813645742]}},{"type":"Feature","properties":{"treeNo":"290","plot":"Plot 1","coordinateSource":"Muthu_Farms_Plot1_Trees_Affine_Corrected_2026.gpkg/Plot1_Trees_Affine_Corrected_2026","coordinateVersion":"plot1-affine-corrected-2026-08-12"},"geometry":{"type":"Point","coordinates":[77.0753133126,10.4814659274]}},{"type":"Feature","properties":{"treeNo":"289","plot":"Plot 1","coordinateSource":"Muthu_Farms_Plot1_Trees_Affine_Corrected_2026.gpkg/Plot1_Trees_Affine_Corrected_2026","coordinateVersion":"plot1-affine-corrected-2026-08-12"},"geometry":{"type":"Point","coordinates":[77.0753811543,10.4814593462]}},{"type":"Feature","properties":{"treeNo":"288","plot":"Plot 1","coordinateSource":"Muthu_Farms_Plot1_Trees_Affine_Corrected_2026.gpkg/Plot1_Trees_Affine_Corrected_2026","coordinateVersion":"plot1-affine-corrected-2026-08-12"},"geometry":{"type":"Point","coordinates":[77.075462596,10.4814441502]}},{"type":"Feature","properties":{"treeNo":"287","plot":"Plot 1","coordinateSource":"Muthu_Farms_Plot1_Trees_Affine_Corrected_2026.gpkg/Plot1_Trees_Affine_Corrected_2026","coordinateVersion":"plot1-affine-corrected-2026-08-12"},"geometry":{"type":"Point","coordinates":[77.0755399346,10.4814318214]}},{"type":"Feature","properties":{"treeNo":"306","plot":"Plot 1","coordinateSource":"Muthu_Farms_Plot1_Trees_Affine_Corrected_2026.gpkg/Plot1_Trees_Affine_Corrected_2026","coordinateVersion":"plot1-affine-corrected-2026-08-12"},"geometry":{"type":"Point","coordinates":[77.0757396103,10.4813355341]}},{"type":"Feature","properties":{"treeNo":"307","plot":"Plot 1","coordinateSource":"Muthu_Farms_Plot1_Trees_Affine_Corrected_2026.gpkg/Plot1_Trees_Affine_Corrected_2026","coordinateVersion":"plot1-affine-corrected-2026-08-12"},"geometry":{"type":"Point","coordinates":[77.0756720697,10.4813464811]}},{"type":"Feature","properties":{"treeNo":"286","plot":"Plot 1","coordinateSource":"Muthu_Farms_Plot1_Trees_Affine_Corrected_2026.gpkg/Plot1_Trees_Affine_Corrected_2026","coordinateVersion":"plot1-affine-corrected-2026-08-12"},"geometry":{"type":"Point","coordinates":[77.0756350127,10.4813853952]}},{"type":"Feature","properties":{"treeNo":"329","plot":"Plot 1","coordinateSource":"Muthu_Farms_Plot1_Trees_Affine_Corrected_2026.gpkg/Plot1_Trees_Affine_Corrected_2026","coordinateVersion":"plot1-affine-corrected-2026-08-12"},"geometry":{"type":"Point","coordinates":[77.0757399346,10.4812633178]}},{"type":"Feature","properties":{"treeNo":"330","plot":"Plot 1","coordinateSource":"Muthu_Farms_Plot1_Trees_Affine_Corrected_2026.gpkg/Plot1_Trees_Affine_Corrected_2026","coordinateVersion":"plot1-affine-corrected-2026-08-12"},"geometry":{"type":"Point","coordinates":[77.0756540461,10.4812726472]}},{"type":"Feature","properties":{"treeNo":"308","plot":"Plot 1","coordinateSource":"Muthu_Farms_Plot1_Trees_Affine_Corrected_2026.gpkg/Plot1_Trees_Affine_Corrected_2026","coordinateVersion":"plot1-affine-corrected-2026-08-12"},"geometry":{"type":"Point","coordinates":[77.0756286875,10.4813196693]}},{"type":"Feature","properties":{"treeNo":"284","plot":"Plot 1","coordinateSource":"Muthu_Farms_Plot1_Trees_Affine_Corrected_2026.gpkg/Plot1_Trees_Affine_Corrected_2026","coordinateVersion":"plot1-affine-corrected-2026-08-12"},"geometry":{"type":"Point","coordinates":[77.0757528805,10.4814117278]}},{"type":"Feature","properties":{"treeNo":"285","plot":"Plot 1","coordinateSource":"Muthu_Farms_Plot1_Trees_Affine_Corrected_2026.gpkg/Plot1_Trees_Affine_Corrected_2026","coordinateVersion":"plot1-affine-corrected-2026-08-12"},"geometry":{"type":"Point","coordinates":[77.0756801436,10.4814193853]}},{"type":"Feature","properties":{"treeNo":"262","plot":"Plot 1","coordinateSource":"Muthu_Farms_Plot1_Trees_Affine_Corrected_2026.gpkg/Plot1_Trees_Affine_Corrected_2026","coordinateVersion":"plot1-affine-corrected-2026-08-12"},"geometry":{"type":"Point","coordinates":[77.0757694847,10.4814724694]}},{"type":"Feature","properties":{"treeNo":"263","plot":"Plot 1","coordinateSource":"Muthu_Farms_Plot1_Trees_Affine_Corrected_2026.gpkg/Plot1_Trees_Affine_Corrected_2026","coordinateVersion":"plot1-affine-corrected-2026-08-12"},"geometry":{"type":"Point","coordinates":[77.0757013899,10.4814795671]}},{"type":"Feature","properties":{"treeNo":"264","plot":"Plot 1","coordinateSource":"Muthu_Farms_Plot1_Trees_Affine_Corrected_2026.gpkg/Plot1_Trees_Affine_Corrected_2026","coordinateVersion":"plot1-affine-corrected-2026-08-12"},"geometry":{"type":"Point","coordinates":[77.0756353907,10.4814897279]}},{"type":"Feature","properties":{"treeNo":"265","plot":"Plot 1","coordinateSource":"Muthu_Farms_Plot1_Trees_Affine_Corrected_2026.gpkg/Plot1_Trees_Affine_Corrected_2026","coordinateVersion":"plot1-affine-corrected-2026-08-12"},"geometry":{"type":"Point","coordinates":[77.0755335634,10.4815061534]}},{"type":"Feature","properties":{"treeNo":"266","plot":"Plot 1","coordinateSource":"Muthu_Farms_Plot1_Trees_Affine_Corrected_2026.gpkg/Plot1_Trees_Affine_Corrected_2026","coordinateVersion":"plot1-affine-corrected-2026-08-12"},"geometry":{"type":"Point","coordinates":[77.0754721433,10.4815093303]}},{"type":"Feature","properties":{"treeNo":"267","plot":"Plot 1","coordinateSource":"Muthu_Farms_Plot1_Trees_Affine_Corrected_2026.gpkg/Plot1_Trees_Affine_Corrected_2026","coordinateVersion":"plot1-affine-corrected-2026-08-12"},"geometry":{"type":"Point","coordinates":[77.0754061667,10.4815218037]}},{"type":"Feature","properties":{"treeNo":"268","plot":"Plot 1","coordinateSource":"Muthu_Farms_Plot1_Trees_Affine_Corrected_2026.gpkg/Plot1_Trees_Affine_Corrected_2026","coordinateVersion":"plot1-affine-corrected-2026-08-12"},"geometry":{"type":"Point","coordinates":[77.0753338831,10.481523032]}},{"type":"Feature","properties":{"treeNo":"243","plot":"Plot 1","coordinateSource":"Muthu_Farms_Plot1_Trees_Affine_Corrected_2026.gpkg/Plot1_Trees_Affine_Corrected_2026","coordinateVersion":"plot1-affine-corrected-2026-08-12"},"geometry":{"type":"Point","coordinates":[77.0757885738,10.4815496335]}},{"type":"Feature","properties":{"treeNo":"244","plot":"Plot 1","coordinateSource":"Muthu_Farms_Plot1_Trees_Affine_Corrected_2026.gpkg/Plot1_Trees_Affine_Corrected_2026","coordinateVersion":"plot1-affine-corrected-2026-08-12"},"geometry":{"type":"Point","coordinates":[77.075719469,10.4815590541]}},{"type":"Feature","properties":{"treeNo":"245","plot":"Plot 1","coordinateSource":"Muthu_Farms_Plot1_Trees_Affine_Corrected_2026.gpkg/Plot1_Trees_Affine_Corrected_2026","coordinateVersion":"plot1-affine-corrected-2026-08-12"},"geometry":{"type":"Point","coordinates":[77.0756369644,10.4815711769]}},{"type":"Feature","properties":{"treeNo":"246","plot":"Plot 1","coordinateSource":"Muthu_Farms_Plot1_Trees_Affine_Corrected_2026.gpkg/Plot1_Trees_Affine_Corrected_2026","coordinateVersion":"plot1-affine-corrected-2026-08-12"},"geometry":{"type":"Point","coordinates":[77.0754936416,10.4815952082]}},{"type":"Feature","properties":{"treeNo":"247","plot":"Plot 1","coordinateSource":"Muthu_Farms_Plot1_Trees_Affine_Corrected_2026.gpkg/Plot1_Trees_Affine_Corrected_2026","coordinateVersion":"plot1-affine-corrected-2026-08-12"},"geometry":{"type":"Point","coordinates":[77.0754188065,10.4815995456]}},{"type":"Feature","properties":{"treeNo":"248","plot":"Plot 1","coordinateSource":"Muthu_Farms_Plot1_Trees_Affine_Corrected_2026.gpkg/Plot1_Trees_Affine_Corrected_2026","coordinateVersion":"plot1-affine-corrected-2026-08-12"},"geometry":{"type":"Point","coordinates":[77.0753466389,10.4816125941]}},{"type":"Feature","properties":{"treeNo":"222","plot":"Plot 1","coordinateSource":"Muthu_Farms_Plot1_Trees_Affine_Corrected_2026.gpkg/Plot1_Trees_Affine_Corrected_2026","coordinateVersion":"plot1-affine-corrected-2026-08-12"},"geometry":{"type":"Point","coordinates":[77.0758022288,10.4816255664]}},{"type":"Feature","properties":{"treeNo":"223","plot":"Plot 1","coordinateSource":"Muthu_Farms_Plot1_Trees_Affine_Corrected_2026.gpkg/Plot1_Trees_Affine_Corrected_2026","coordinateVersion":"plot1-affine-corrected-2026-08-12"},"geometry":{"type":"Point","coordinates":[77.0757274794,10.4816386406]}},{"type":"Feature","properties":{"treeNo":"224","plot":"Plot 1","coordinateSource":"Muthu_Farms_Plot1_Trees_Affine_Corrected_2026.gpkg/Plot1_Trees_Affine_Corrected_2026","coordinateVersion":"plot1-affine-corrected-2026-08-12"},"geometry":{"type":"Point","coordinates":[77.0756547551,10.4816475829]}},{"type":"Feature","properties":{"treeNo":"225","plot":"Plot 1","coordinateSource":"Muthu_Farms_Plot1_Trees_Affine_Corrected_2026.gpkg/Plot1_Trees_Affine_Corrected_2026","coordinateVersion":"plot1-affine-corrected-2026-08-12"},"geometry":{"type":"Point","coordinates":[77.075554261,10.4816156819]}},{"type":"Feature","properties":{"treeNo":"226","plot":"Plot 1","coordinateSource":"Muthu_Farms_Plot1_Trees_Affine_Corrected_2026.gpkg/Plot1_Trees_Affine_Corrected_2026","coordinateVersion":"plot1-affine-corrected-2026-08-12"},"geometry":{"type":"Point","coordinates":[77.0754979568,10.4816666077]}},{"type":"Feature","properties":{"treeNo":"227","plot":"Plot 1","coordinateSource":"Muthu_Farms_Plot1_Trees_Affine_Corrected_2026.gpkg/Plot1_Trees_Affine_Corrected_2026","coordinateVersion":"plot1-affine-corrected-2026-08-12"},"geometry":{"type":"Point","coordinates":[77.0754308669,10.4816708685]}},{"type":"Feature","properties":{"treeNo":"228.1","plot":"Plot 1","coordinateSource":"Muthu_Farms_Plot1_Trees_Affine_Corrected_2026.gpkg/Plot1_Trees_Affine_Corrected_2026","coordinateVersion":"plot1-affine-corrected-2026-08-12"},"geometry":{"type":"Point","coordinates":[77.0753571956,10.4816885577]}},{"type":"Feature","properties":{"treeNo":"201","plot":"Plot 1","coordinateSource":"Muthu_Farms_Plot1_Trees_Affine_Corrected_2026.gpkg/Plot1_Trees_Affine_Corrected_2026","coordinateVersion":"plot1-affine-corrected-2026-08-12"},"geometry":{"type":"Point","coordinates":[77.0758143094,10.4816989451]}},{"type":"Feature","properties":{"treeNo":"202","plot":"Plot 1","coordinateSource":"Muthu_Farms_Plot1_Trees_Affine_Corrected_2026.gpkg/Plot1_Trees_Affine_Corrected_2026","coordinateVersion":"plot1-affine-corrected-2026-08-12"},"geometry":{"type":"Point","coordinates":[77.0757354444,10.4817136018]}},{"type":"Feature","properties":{"treeNo":"203","plot":"Plot 1","coordinateSource":"Muthu_Farms_Plot1_Trees_Affine_Corrected_2026.gpkg/Plot1_Trees_Affine_Corrected_2026","coordinateVersion":"plot1-affine-corrected-2026-08-12"},"geometry":{"type":"Point","coordinates":[77.0756632263,10.4817215112]}},{"type":"Feature","properties":{"treeNo":"206","plot":"Plot 1","coordinateSource":"Muthu_Farms_Plot1_Trees_Affine_Corrected_2026.gpkg/Plot1_Trees_Affine_Corrected_2026","coordinateVersion":"plot1-affine-corrected-2026-08-12"},"geometry":{"type":"Point","coordinates":[77.0753720631,10.4817565121]}},{"type":"Feature","properties":{"treeNo":"205","plot":"Plot 1","coordinateSource":"Muthu_Farms_Plot1_Trees_Affine_Corrected_2026.gpkg/Plot1_Trees_Affine_Corrected_2026","coordinateVersion":"plot1-affine-corrected-2026-08-12"},"geometry":{"type":"Point","coordinates":[77.0754378345,10.4817494374]}},{"type":"Feature","properties":{"treeNo":"204","plot":"Plot 1","coordinateSource":"Muthu_Farms_Plot1_Trees_Affine_Corrected_2026.gpkg/Plot1_Trees_Affine_Corrected_2026","coordinateVersion":"plot1-affine-corrected-2026-08-12"},"geometry":{"type":"Point","coordinates":[77.0755167298,10.4817378643]}},{"type":"Feature","properties":{"treeNo":"204.1","plot":"Plot 1","coordinateSource":"Muthu_Farms_Plot1_Trees_Affine_Corrected_2026.gpkg/Plot1_Trees_Affine_Corrected_2026","coordinateVersion":"plot1-affine-corrected-2026-08-12"},"geometry":{"type":"Point","coordinates":[77.0755521244,10.4816874022]}},{"type":"Feature","properties":{"treeNo":"178","plot":"Plot 1","coordinateSource":"Muthu_Farms_Plot1_Trees_Affine_Corrected_2026.gpkg/Plot1_Trees_Affine_Corrected_2026","coordinateVersion":"plot1-affine-corrected-2026-08-12"},"geometry":{"type":"Point","coordinates":[77.0758240413,10.481769777]}},{"type":"Feature","properties":{"treeNo":"179","plot":"Plot 1","coordinateSource":"Muthu_Farms_Plot1_Trees_Affine_Corrected_2026.gpkg/Plot1_Trees_Affine_Corrected_2026","coordinateVersion":"plot1-affine-corrected-2026-08-12"},"geometry":{"type":"Point","coordinates":[77.0757472265,10.4817828716]}},{"type":"Feature","properties":{"treeNo":"180","plot":"Plot 1","coordinateSource":"Muthu_Farms_Plot1_Trees_Affine_Corrected_2026.gpkg/Plot1_Trees_Affine_Corrected_2026","coordinateVersion":"plot1-affine-corrected-2026-08-12"},"geometry":{"type":"Point","coordinates":[77.0756781242,10.4817925491]}},{"type":"Feature","properties":{"treeNo":"181","plot":"Plot 1","coordinateSource":"Muthu_Farms_Plot1_Trees_Affine_Corrected_2026.gpkg/Plot1_Trees_Affine_Corrected_2026","coordinateVersion":"plot1-affine-corrected-2026-08-12"},"geometry":{"type":"Point","coordinates":[77.0755663687,10.4817707819]}},{"type":"Feature","properties":{"treeNo":"182","plot":"Plot 1","coordinateSource":"Muthu_Farms_Plot1_Trees_Affine_Corrected_2026.gpkg/Plot1_Trees_Affine_Corrected_2026","coordinateVersion":"plot1-affine-corrected-2026-08-12"},"geometry":{"type":"Point","coordinates":[77.0755199871,10.4818067044]}},{"type":"Feature","properties":{"treeNo":"183","plot":"Plot 1","coordinateSource":"Muthu_Farms_Plot1_Trees_Affine_Corrected_2026.gpkg/Plot1_Trees_Affine_Corrected_2026","coordinateVersion":"plot1-affine-corrected-2026-08-12"},"geometry":{"type":"Point","coordinates":[77.0754520006,10.4818248513]}},{"type":"Feature","properties":{"treeNo":"184","plot":"Plot 1","coordinateSource":"Muthu_Farms_Plot1_Trees_Affine_Corrected_2026.gpkg/Plot1_Trees_Affine_Corrected_2026","coordinateVersion":"plot1-affine-corrected-2026-08-12"},"geometry":{"type":"Point","coordinates":[77.0753872746,10.4818332006]}},{"type":"Feature","properties":{"treeNo":"162","plot":"Plot 1","coordinateSource":"Muthu_Farms_Plot1_Trees_Affine_Corrected_2026.gpkg/Plot1_Trees_Affine_Corrected_2026","coordinateVersion":"plot1-affine-corrected-2026-08-12"},"geometry":{"type":"Point","coordinates":[77.0753972545,10.4819030022]}},{"type":"Feature","properties":{"treeNo":"161","plot":"Plot 1","coordinateSource":"Muthu_Farms_Plot1_Trees_Affine_Corrected_2026.gpkg/Plot1_Trees_Affine_Corrected_2026","coordinateVersion":"plot1-affine-corrected-2026-08-12"},"geometry":{"type":"Point","coordinates":[77.0754671692,10.4818971715]}},{"type":"Feature","properties":{"treeNo":"160","plot":"Plot 1","coordinateSource":"Muthu_Farms_Plot1_Trees_Affine_Corrected_2026.gpkg/Plot1_Trees_Affine_Corrected_2026","coordinateVersion":"plot1-affine-corrected-2026-08-12"},"geometry":{"type":"Point","coordinates":[77.0755372791,10.4818849142]}},{"type":"Feature","properties":{"treeNo":"159","plot":"Plot 1","coordinateSource":"Muthu_Farms_Plot1_Trees_Affine_Corrected_2026.gpkg/Plot1_Trees_Affine_Corrected_2026","coordinateVersion":"plot1-affine-corrected-2026-08-12"},"geometry":{"type":"Point","coordinates":[77.075576098,10.4818413569]}},{"type":"Feature","properties":{"treeNo":"158","plot":"Plot 1","coordinateSource":"Muthu_Farms_Plot1_Trees_Affine_Corrected_2026.gpkg/Plot1_Trees_Affine_Corrected_2026","coordinateVersion":"plot1-affine-corrected-2026-08-12"},"geometry":{"type":"Point","coordinates":[77.0756904403,10.4818636125]}},{"type":"Feature","properties":{"treeNo":"157","plot":"Plot 1","coordinateSource":"Muthu_Farms_Plot1_Trees_Affine_Corrected_2026.gpkg/Plot1_Trees_Affine_Corrected_2026","coordinateVersion":"plot1-affine-corrected-2026-08-12"},"geometry":{"type":"Point","coordinates":[77.0757662703,10.4818554104]}},{"type":"Feature","properties":{"treeNo":"156","plot":"Plot 1","coordinateSource":"Muthu_Farms_Plot1_Trees_Affine_Corrected_2026.gpkg/Plot1_Trees_Affine_Corrected_2026","coordinateVersion":"plot1-affine-corrected-2026-08-12"},"geometry":{"type":"Point","coordinates":[77.0758309863,10.4818460332]}},{"type":"Feature","properties":{"treeNo":"135","plot":"Plot 1","coordinateSource":"Muthu_Farms_Plot1_Trees_Affine_Corrected_2026.gpkg/Plot1_Trees_Affine_Corrected_2026","coordinateVersion":"plot1-affine-corrected-2026-08-12"},"geometry":{"type":"Point","coordinates":[77.0758483293,10.481916276]}},{"type":"Feature","properties":{"treeNo":"136","plot":"Plot 1","coordinateSource":"Muthu_Farms_Plot1_Trees_Affine_Corrected_2026.gpkg/Plot1_Trees_Affine_Corrected_2026","coordinateVersion":"plot1-affine-corrected-2026-08-12"},"geometry":{"type":"Point","coordinates":[77.0757747416,10.4819293387]}},{"type":"Feature","properties":{"treeNo":"137","plot":"Plot 1","coordinateSource":"Muthu_Farms_Plot1_Trees_Affine_Corrected_2026.gpkg/Plot1_Trees_Affine_Corrected_2026","coordinateVersion":"plot1-affine-corrected-2026-08-12"},"geometry":{"type":"Point","coordinates":[77.0756971182,10.4819389719]}},{"type":"Feature","properties":{"treeNo":"141.1","plot":"Plot 1","coordinateSource":"Muthu_Farms_Plot1_Trees_Affine_Corrected_2026.gpkg/Plot1_Trees_Affine_Corrected_2026","coordinateVersion":"plot1-affine-corrected-2026-08-12"},"geometry":{"type":"Point","coordinates":[77.0754136686,10.4819706843]}},{"type":"Feature","properties":{"treeNo":"140","plot":"Plot 1","coordinateSource":"Muthu_Farms_Plot1_Trees_Affine_Corrected_2026.gpkg/Plot1_Trees_Affine_Corrected_2026","coordinateVersion":"plot1-affine-corrected-2026-08-12"},"geometry":{"type":"Point","coordinates":[77.0754781566,10.4819643933]}},{"type":"Feature","properties":{"treeNo":"139","plot":"Plot 1","coordinateSource":"Muthu_Farms_Plot1_Trees_Affine_Corrected_2026.gpkg/Plot1_Trees_Affine_Corrected_2026","coordinateVersion":"plot1-affine-corrected-2026-08-12"},"geometry":{"type":"Point","coordinates":[77.0755437379,10.4819642591]}},{"type":"Feature","properties":{"treeNo":"120","plot":"Plot 1","coordinateSource":"Muthu_Farms_Plot1_Trees_Affine_Corrected_2026.gpkg/Plot1_Trees_Affine_Corrected_2026","coordinateVersion":"plot1-affine-corrected-2026-08-12"},"geometry":{"type":"Point","coordinates":[77.0754180292,10.4820467091]}},{"type":"Feature","properties":{"treeNo":"119","plot":"Plot 1","coordinateSource":"Muthu_Farms_Plot1_Trees_Affine_Corrected_2026.gpkg/Plot1_Trees_Affine_Corrected_2026","coordinateVersion":"plot1-affine-corrected-2026-08-12"},"geometry":{"type":"Point","coordinates":[77.0754936137,10.4820397944]}},{"type":"Feature","properties":{"treeNo":"118","plot":"Plot 1","coordinateSource":"Muthu_Farms_Plot1_Trees_Affine_Corrected_2026.gpkg/Plot1_Trees_Affine_Corrected_2026","coordinateVersion":"plot1-affine-corrected-2026-08-12"},"geometry":{"type":"Point","coordinates":[77.0755632577,10.4820326815]}},{"type":"Feature","properties":{"treeNo":"114","plot":"Plot 1","coordinateSource":"Muthu_Farms_Plot1_Trees_Affine_Corrected_2026.gpkg/Plot1_Trees_Affine_Corrected_2026","coordinateVersion":"plot1-affine-corrected-2026-08-12"},"geometry":{"type":"Point","coordinates":[77.0758638373,10.4819837101]}},{"type":"Feature","properties":{"treeNo":"115","plot":"Plot 1","coordinateSource":"Muthu_Farms_Plot1_Trees_Affine_Corrected_2026.gpkg/Plot1_Trees_Affine_Corrected_2026","coordinateVersion":"plot1-affine-corrected-2026-08-12"},"geometry":{"type":"Point","coordinates":[77.0757842229,10.4820009441]}},{"type":"Feature","properties":{"treeNo":"116","plot":"Plot 1","coordinateSource":"Muthu_Farms_Plot1_Trees_Affine_Corrected_2026.gpkg/Plot1_Trees_Affine_Corrected_2026","coordinateVersion":"plot1-affine-corrected-2026-08-12"},"geometry":{"type":"Point","coordinates":[77.0757153131,10.4820039381]}},{"type":"Feature","properties":{"treeNo":"92","plot":"Plot 1","coordinateSource":"Muthu_Farms_Plot1_Trees_Affine_Corrected_2026.gpkg/Plot1_Trees_Affine_Corrected_2026","coordinateVersion":"plot1-affine-corrected-2026-08-12"},"geometry":{"type":"Point","coordinates":[77.0758749307,10.4820617242]}},{"type":"Feature","properties":{"treeNo":"93","plot":"Plot 1","coordinateSource":"Muthu_Farms_Plot1_Trees_Affine_Corrected_2026.gpkg/Plot1_Trees_Affine_Corrected_2026","coordinateVersion":"plot1-affine-corrected-2026-08-12"},"geometry":{"type":"Point","coordinates":[77.0757990982,10.4820696693]}},{"type":"Feature","properties":{"treeNo":"94","plot":"Plot 1","coordinateSource":"Muthu_Farms_Plot1_Trees_Affine_Corrected_2026.gpkg/Plot1_Trees_Affine_Corrected_2026","coordinateVersion":"plot1-affine-corrected-2026-08-12"},"geometry":{"type":"Point","coordinates":[77.0757263838,10.4820796395]}},{"type":"Feature","properties":{"treeNo":"95","plot":"Plot 1","coordinateSource":"Muthu_Farms_Plot1_Trees_Affine_Corrected_2026.gpkg/Plot1_Trees_Affine_Corrected_2026","coordinateVersion":"plot1-affine-corrected-2026-08-12"},"geometry":{"type":"Point","coordinates":[77.0756978969,10.4821236087]}},{"type":"Feature","properties":{"treeNo":"96","plot":"Plot 1","coordinateSource":"Muthu_Farms_Plot1_Trees_Affine_Corrected_2026.gpkg/Plot1_Trees_Affine_Corrected_2026","coordinateVersion":"plot1-affine-corrected-2026-08-12"},"geometry":{"type":"Point","coordinates":[77.0756821917,10.482049238]}},{"type":"Feature","properties":{"treeNo":"97","plot":"Plot 1","coordinateSource":"Muthu_Farms_Plot1_Trees_Affine_Corrected_2026.gpkg/Plot1_Trees_Affine_Corrected_2026","coordinateVersion":"plot1-affine-corrected-2026-08-12"},"geometry":{"type":"Point","coordinates":[77.0755758572,10.482106312]}},{"type":"Feature","properties":{"treeNo":"98","plot":"Plot 1","coordinateSource":"Muthu_Farms_Plot1_Trees_Affine_Corrected_2026.gpkg/Plot1_Trees_Affine_Corrected_2026","coordinateVersion":"plot1-affine-corrected-2026-08-12"},"geometry":{"type":"Point","coordinates":[77.0755010976,10.4821183582]}},{"type":"Feature","properties":{"treeNo":"99","plot":"Plot 1","coordinateSource":"Muthu_Farms_Plot1_Trees_Affine_Corrected_2026.gpkg/Plot1_Trees_Affine_Corrected_2026","coordinateVersion":"plot1-affine-corrected-2026-08-12"},"geometry":{"type":"Point","coordinates":[77.075431441,10.4821241864]}},{"type":"Feature","properties":{"treeNo":"72","plot":"Plot 1","coordinateSource":"Muthu_Farms_Plot1_Trees_Affine_Corrected_2026.gpkg/Plot1_Trees_Affine_Corrected_2026","coordinateVersion":"plot1-affine-corrected-2026-08-12"},"geometry":{"type":"Point","coordinates":[77.0758864901,10.4821345939]}},{"type":"Feature","properties":{"treeNo":"73","plot":"Plot 1","coordinateSource":"Muthu_Farms_Plot1_Trees_Affine_Corrected_2026.gpkg/Plot1_Trees_Affine_Corrected_2026","coordinateVersion":"plot1-affine-corrected-2026-08-12"},"geometry":{"type":"Point","coordinates":[77.075812262,10.482148177]}},{"type":"Feature","properties":{"treeNo":"74","plot":"Plot 1","coordinateSource":"Muthu_Farms_Plot1_Trees_Affine_Corrected_2026.gpkg/Plot1_Trees_Affine_Corrected_2026","coordinateVersion":"plot1-affine-corrected-2026-08-12"},"geometry":{"type":"Point","coordinates":[77.0757386007,10.4821668941]}},{"type":"Feature","properties":{"treeNo":"75","plot":"Plot 1","coordinateSource":"Muthu_Farms_Plot1_Trees_Affine_Corrected_2026.gpkg/Plot1_Trees_Affine_Corrected_2026","coordinateVersion":"plot1-affine-corrected-2026-08-12"},"geometry":{"type":"Point","coordinates":[77.075583802,10.4821792175]}},{"type":"Feature","properties":{"treeNo":"76","plot":"Plot 1","coordinateSource":"Muthu_Farms_Plot1_Trees_Affine_Corrected_2026.gpkg/Plot1_Trees_Affine_Corrected_2026","coordinateVersion":"plot1-affine-corrected-2026-08-12"},"geometry":{"type":"Point","coordinates":[77.0755147323,10.4821922355]}},{"type":"Feature","properties":{"treeNo":"77","plot":"Plot 1","coordinateSource":"Muthu_Farms_Plot1_Trees_Affine_Corrected_2026.gpkg/Plot1_Trees_Affine_Corrected_2026","coordinateVersion":"plot1-affine-corrected-2026-08-12"},"geometry":{"type":"Point","coordinates":[77.075437872,10.4822007047]}},{"type":"Feature","properties":{"treeNo":"51","plot":"Plot 1","coordinateSource":"Muthu_Farms_Plot1_Trees_Affine_Corrected_2026.gpkg/Plot1_Trees_Affine_Corrected_2026","coordinateVersion":"plot1-affine-corrected-2026-08-12"},"geometry":{"type":"Point","coordinates":[77.075894435,10.4822074995]}},{"type":"Feature","properties":{"treeNo":"52","plot":"Plot 1","coordinateSource":"Muthu_Farms_Plot1_Trees_Affine_Corrected_2026.gpkg/Plot1_Trees_Affine_Corrected_2026","coordinateVersion":"plot1-affine-corrected-2026-08-12"},"geometry":{"type":"Point","coordinates":[77.0758161013,10.4822236929]}},{"type":"Feature","properties":{"treeNo":"57","plot":"Plot 1","coordinateSource":"Muthu_Farms_Plot1_Trees_Affine_Corrected_2026.gpkg/Plot1_Trees_Affine_Corrected_2026","coordinateVersion":"plot1-affine-corrected-2026-08-12"},"geometry":{"type":"Point","coordinates":[77.0754587854,10.4822631384]}},{"type":"Feature","properties":{"treeNo":"56","plot":"Plot 1","coordinateSource":"Muthu_Farms_Plot1_Trees_Affine_Corrected_2026.gpkg/Plot1_Trees_Affine_Corrected_2026","coordinateVersion":"plot1-affine-corrected-2026-08-12"},"geometry":{"type":"Point","coordinates":[77.075519168,10.4822594578]}},{"type":"Feature","properties":{"treeNo":"55","plot":"Plot 1","coordinateSource":"Muthu_Farms_Plot1_Trees_Affine_Corrected_2026.gpkg/Plot1_Trees_Affine_Corrected_2026","coordinateVersion":"plot1-affine-corrected-2026-08-12"},"geometry":{"type":"Point","coordinates":[77.0755954968,10.4822494519]}},{"type":"Feature","properties":{"treeNo":"15","plot":"Plot 1","coordinateSource":"Muthu_Farms_Plot1_Trees_Affine_Corrected_2026.gpkg/Plot1_Trees_Affine_Corrected_2026","coordinateVersion":"plot1-affine-corrected-2026-08-12"},"geometry":{"type":"Point","coordinates":[77.0759041098,10.4822823795]}},{"type":"Feature","properties":{"treeNo":"16","plot":"Plot 1","coordinateSource":"Muthu_Farms_Plot1_Trees_Affine_Corrected_2026.gpkg/Plot1_Trees_Affine_Corrected_2026","coordinateVersion":"plot1-affine-corrected-2026-08-12"},"geometry":{"type":"Point","coordinates":[77.0758295857,10.4822921107]}},{"type":"Feature","properties":{"treeNo":"17","plot":"Plot 1","coordinateSource":"Muthu_Farms_Plot1_Trees_Affine_Corrected_2026.gpkg/Plot1_Trees_Affine_Corrected_2026","coordinateVersion":"plot1-affine-corrected-2026-08-12"},"geometry":{"type":"Point","coordinates":[77.0757614958,10.4822997223]}},{"type":"Feature","properties":{"treeNo":"53","plot":"Plot 1","coordinateSource":"Muthu_Farms_Plot1_Trees_Affine_Corrected_2026.gpkg/Plot1_Trees_Affine_Corrected_2026","coordinateVersion":"plot1-affine-corrected-2026-08-12"},"geometry":{"type":"Point","coordinates":[77.0757581955,10.4822265139]}},{"type":"Feature","properties":{"treeNo":"54","plot":"Plot 1","coordinateSource":"Muthu_Farms_Plot1_Trees_Affine_Corrected_2026.gpkg/Plot1_Trees_Affine_Corrected_2026","coordinateVersion":"plot1-affine-corrected-2026-08-12"},"geometry":{"type":"Point","coordinates":[77.075715299,10.4822031667]}},{"type":"Feature","properties":{"treeNo":"21","plot":"Plot 1","coordinateSource":"Muthu_Farms_Plot1_Trees_Affine_Corrected_2026.gpkg/Plot1_Trees_Affine_Corrected_2026","coordinateVersion":"plot1-affine-corrected-2026-08-12"},"geometry":{"type":"Point","coordinates":[77.0755253493,10.4823302606]}},{"type":"Feature","properties":{"treeNo":"20","plot":"Plot 1","coordinateSource":"Muthu_Farms_Plot1_Trees_Affine_Corrected_2026.gpkg/Plot1_Trees_Affine_Corrected_2026","coordinateVersion":"plot1-affine-corrected-2026-08-12"},"geometry":{"type":"Point","coordinates":[77.07559655,10.4823239032]}},{"type":"Feature","properties":{"treeNo":"19","plot":"Plot 1","coordinateSource":"Muthu_Farms_Plot1_Trees_Affine_Corrected_2026.gpkg/Plot1_Trees_Affine_Corrected_2026","coordinateVersion":"plot1-affine-corrected-2026-08-12"},"geometry":{"type":"Point","coordinates":[77.0756898679,10.4823085896]}},{"type":"Feature","properties":{"treeNo":"18","plot":"Plot 1","coordinateSource":"Muthu_Farms_Plot1_Trees_Affine_Corrected_2026.gpkg/Plot1_Trees_Affine_Corrected_2026","coordinateVersion":"plot1-affine-corrected-2026-08-12"},"geometry":{"type":"Point","coordinates":[77.0757080128,10.4822631807]}},{"type":"Feature","properties":{"treeNo":"953","plot":"Plot 1","coordinateSource":"Muthu_Farms_Plot1_Trees_Affine_Corrected_2026.gpkg/Plot1_Trees_Affine_Corrected_2026","coordinateVersion":"plot1-affine-corrected-2026-08-12"},"geometry":{"type":"Point","coordinates":[77.075612593,10.4824327067]}},{"type":"Feature","properties":{"treeNo":"954","plot":"Plot 1","coordinateSource":"Muthu_Farms_Plot1_Trees_Affine_Corrected_2026.gpkg/Plot1_Trees_Affine_Corrected_2026","coordinateVersion":"plot1-affine-corrected-2026-08-12"},"geometry":{"type":"Point","coordinates":[77.0755438984,10.4824313298]}},{"type":"Feature","properties":{"treeNo":"955","plot":"Plot 1","coordinateSource":"Muthu_Farms_Plot1_Trees_Affine_Corrected_2026.gpkg/Plot1_Trees_Affine_Corrected_2026","coordinateVersion":"plot1-affine-corrected-2026-08-12"},"geometry":{"type":"Point","coordinates":[77.0756196161,10.4825169287]}},{"type":"Feature","properties":{"treeNo":"956","plot":"Plot 1","coordinateSource":"Muthu_Farms_Plot1_Trees_Affine_Corrected_2026.gpkg/Plot1_Trees_Affine_Corrected_2026","coordinateVersion":"plot1-affine-corrected-2026-08-12"},"geometry":{"type":"Point","coordinates":[77.0755551431,10.4825247616]}},{"type":"Feature","properties":{"treeNo":"957","plot":"Plot 1","coordinateSource":"Muthu_Farms_Plot1_Trees_Affine_Corrected_2026.gpkg/Plot1_Trees_Affine_Corrected_2026","coordinateVersion":"plot1-affine-corrected-2026-08-12"},"geometry":{"type":"Point","coordinates":[77.0754797511,10.4825249928]}},{"type":"Feature","properties":{"treeNo":"958","plot":"Plot 1","coordinateSource":"Muthu_Farms_Plot1_Trees_Affine_Corrected_2026.gpkg/Plot1_Trees_Affine_Corrected_2026","coordinateVersion":"plot1-affine-corrected-2026-08-12"},"geometry":{"type":"Point","coordinates":[77.0754039688,10.4825380771]}},{"type":"Feature","properties":{"treeNo":"959","plot":"Plot 1","coordinateSource":"Muthu_Farms_Plot1_Trees_Affine_Corrected_2026.gpkg/Plot1_Trees_Affine_Corrected_2026","coordinateVersion":"plot1-affine-corrected-2026-08-12"},"geometry":{"type":"Point","coordinates":[77.0753312392,10.4825465055]}},{"type":"Feature","properties":{"treeNo":"960","plot":"Plot 1","coordinateSource":"Muthu_Farms_Plot1_Trees_Affine_Corrected_2026.gpkg/Plot1_Trees_Affine_Corrected_2026","coordinateVersion":"plot1-affine-corrected-2026-08-12"},"geometry":{"type":"Point","coordinates":[77.0752595826,10.482559035]}},{"type":"Feature","properties":{"treeNo":"961","plot":"Plot 1","coordinateSource":"Muthu_Farms_Plot1_Trees_Affine_Corrected_2026.gpkg/Plot1_Trees_Affine_Corrected_2026","coordinateVersion":"plot1-affine-corrected-2026-08-12"},"geometry":{"type":"Point","coordinates":[77.0751874197,10.4825725975]}},{"type":"Feature","properties":{"treeNo":"962","plot":"Plot 1","coordinateSource":"Muthu_Farms_Plot1_Trees_Affine_Corrected_2026.gpkg/Plot1_Trees_Affine_Corrected_2026","coordinateVersion":"plot1-affine-corrected-2026-08-12"},"geometry":{"type":"Point","coordinates":[77.0751222791,10.4825650177]}},{"type":"Feature","properties":{"treeNo":"963","plot":"Plot 1","coordinateSource":"Muthu_Farms_Plot1_Trees_Affine_Corrected_2026.gpkg/Plot1_Trees_Affine_Corrected_2026","coordinateVersion":"plot1-affine-corrected-2026-08-12"},"geometry":{"type":"Point","coordinates":[77.0750412828,10.4825730137]}},{"type":"Feature","properties":{"treeNo":"964","plot":"Plot 1","coordinateSource":"Muthu_Farms_Plot1_Trees_Affine_Corrected_2026.gpkg/Plot1_Trees_Affine_Corrected_2026","coordinateVersion":"plot1-affine-corrected-2026-08-12"},"geometry":{"type":"Point","coordinates":[77.0749649841,10.482586103]}},{"type":"Feature","properties":{"treeNo":"965","plot":"Plot 1","coordinateSource":"Muthu_Farms_Plot1_Trees_Affine_Corrected_2026.gpkg/Plot1_Trees_Affine_Corrected_2026","coordinateVersion":"plot1-affine-corrected-2026-08-12"},"geometry":{"type":"Point","coordinates":[77.0748859827,10.4825868837]}},{"type":"Feature","properties":{"treeNo":"966","plot":"Plot 1","coordinateSource":"Muthu_Farms_Plot1_Trees_Affine_Corrected_2026.gpkg/Plot1_Trees_Affine_Corrected_2026","coordinateVersion":"plot1-affine-corrected-2026-08-12"},"geometry":{"type":"Point","coordinates":[77.0748204416,10.4825911292]}},{"type":"Feature","properties":{"treeNo":"967","plot":"Plot 1","coordinateSource":"Muthu_Farms_Plot1_Trees_Affine_Corrected_2026.gpkg/Plot1_Trees_Affine_Corrected_2026","coordinateVersion":"plot1-affine-corrected-2026-08-12"},"geometry":{"type":"Point","coordinates":[77.0747414049,10.4825883124]}},{"type":"Feature","properties":{"treeNo":"968","plot":"Plot 1","coordinateSource":"Muthu_Farms_Plot1_Trees_Affine_Corrected_2026.gpkg/Plot1_Trees_Affine_Corrected_2026","coordinateVersion":"plot1-affine-corrected-2026-08-12"},"geometry":{"type":"Point","coordinates":[77.074670189,10.4825931278]}},{"type":"Feature","properties":{"treeNo":"969","plot":"Plot 1","coordinateSource":"Muthu_Farms_Plot1_Trees_Affine_Corrected_2026.gpkg/Plot1_Trees_Affine_Corrected_2026","coordinateVersion":"plot1-affine-corrected-2026-08-12"},"geometry":{"type":"Point","coordinates":[77.0745803492,10.4825945295]}},{"type":"Feature","properties":{"treeNo":"970","plot":"Plot 1","coordinateSource":"Muthu_Farms_Plot1_Trees_Affine_Corrected_2026.gpkg/Plot1_Trees_Affine_Corrected_2026","coordinateVersion":"plot1-affine-corrected-2026-08-12"},"geometry":{"type":"Point","coordinates":[77.0744966956,10.4825948421]}},{"type":"Feature","properties":{"treeNo":"971","plot":"Plot 1","coordinateSource":"Muthu_Farms_Plot1_Trees_Affine_Corrected_2026.gpkg/Plot1_Trees_Affine_Corrected_2026","coordinateVersion":"plot1-affine-corrected-2026-08-12"},"geometry":{"type":"Point","coordinates":[77.0744342778,10.4826016264]}},{"type":"Feature","properties":{"treeNo":"972","plot":"Plot 1","coordinateSource":"Muthu_Farms_Plot1_Trees_Affine_Corrected_2026.gpkg/Plot1_Trees_Affine_Corrected_2026","coordinateVersion":"plot1-affine-corrected-2026-08-12"},"geometry":{"type":"Point","coordinates":[77.0743573316,10.4826013587]}},{"type":"Feature","properties":{"treeNo":"945","plot":"Plot 1","coordinateSource":"Muthu_Farms_Plot1_Trees_Affine_Corrected_2026.gpkg/Plot1_Trees_Affine_Corrected_2026","coordinateVersion":"plot1-affine-corrected-2026-08-12"},"geometry":{"type":"Point","coordinates":[77.0748720708,10.4824847407]}},{"type":"Feature","properties":{"treeNo":"944","plot":"Plot 1","coordinateSource":"Muthu_Farms_Plot1_Trees_Affine_Corrected_2026.gpkg/Plot1_Trees_Affine_Corrected_2026","coordinateVersion":"plot1-affine-corrected-2026-08-12"},"geometry":{"type":"Point","coordinates":[77.0749515785,10.4824829271]}},{"type":"Feature","properties":{"treeNo":"943","plot":"Plot 1","coordinateSource":"Muthu_Farms_Plot1_Trees_Affine_Corrected_2026.gpkg/Plot1_Trees_Affine_Corrected_2026","coordinateVersion":"plot1-affine-corrected-2026-08-12"},"geometry":{"type":"Point","coordinates":[77.0750212705,10.4824806965]}},{"type":"Feature","properties":{"treeNo":"942","plot":"Plot 1","coordinateSource":"Muthu_Farms_Plot1_Trees_Affine_Corrected_2026.gpkg/Plot1_Trees_Affine_Corrected_2026","coordinateVersion":"plot1-affine-corrected-2026-08-12"},"geometry":{"type":"Point","coordinates":[77.075092325,10.4824594354]}},{"type":"Feature","properties":{"treeNo":"941","plot":"Plot 1","coordinateSource":"Muthu_Farms_Plot1_Trees_Affine_Corrected_2026.gpkg/Plot1_Trees_Affine_Corrected_2026","coordinateVersion":"plot1-affine-corrected-2026-08-12"},"geometry":{"type":"Point","coordinates":[77.0751717772,10.4824519686]}},{"type":"Feature","properties":{"treeNo":"940","plot":"Plot 1","coordinateSource":"Muthu_Farms_Plot1_Trees_Affine_Corrected_2026.gpkg/Plot1_Trees_Affine_Corrected_2026","coordinateVersion":"plot1-affine-corrected-2026-08-12"},"geometry":{"type":"Point","coordinates":[77.075240371,10.4824430671]}},{"type":"Feature","properties":{"treeNo":"939","plot":"Plot 1","coordinateSource":"Muthu_Farms_Plot1_Trees_Affine_Corrected_2026.gpkg/Plot1_Trees_Affine_Corrected_2026","coordinateVersion":"plot1-affine-corrected-2026-08-12"},"geometry":{"type":"Point","coordinates":[77.0753151811,10.4824361601]}},{"type":"Feature","properties":{"treeNo":"938","plot":"Plot 1","coordinateSource":"Muthu_Farms_Plot1_Trees_Affine_Corrected_2026.gpkg/Plot1_Trees_Affine_Corrected_2026","coordinateVersion":"plot1-affine-corrected-2026-08-12"},"geometry":{"type":"Point","coordinates":[77.0753656472,10.4824217841]}},{"type":"Feature","properties":{"treeNo":"922","plot":"Plot 1","coordinateSource":"Muthu_Farms_Plot1_Trees_Affine_Corrected_2026.gpkg/Plot1_Trees_Affine_Corrected_2026","coordinateVersion":"plot1-affine-corrected-2026-08-12"},"geometry":{"type":"Point","coordinates":[77.075374939,10.4823556468]}},{"type":"Feature","properties":{"treeNo":"923","plot":"Plot 1","coordinateSource":"Muthu_Farms_Plot1_Trees_Affine_Corrected_2026.gpkg/Plot1_Trees_Affine_Corrected_2026","coordinateVersion":"plot1-affine-corrected-2026-08-12"},"geometry":{"type":"Point","coordinates":[77.0753116543,10.4823661663]}},{"type":"Feature","properties":{"treeNo":"924","plot":"Plot 1","coordinateSource":"Muthu_Farms_Plot1_Trees_Affine_Corrected_2026.gpkg/Plot1_Trees_Affine_Corrected_2026","coordinateVersion":"plot1-affine-corrected-2026-08-12"},"geometry":{"type":"Point","coordinates":[77.075227021,10.4823718854]}},{"type":"Feature","properties":{"treeNo":"925","plot":"Plot 1","coordinateSource":"Muthu_Farms_Plot1_Trees_Affine_Corrected_2026.gpkg/Plot1_Trees_Affine_Corrected_2026","coordinateVersion":"plot1-affine-corrected-2026-08-12"},"geometry":{"type":"Point","coordinates":[77.075162563,10.4823812599]}},{"type":"Feature","properties":{"treeNo":"926","plot":"Plot 1","coordinateSource":"Muthu_Farms_Plot1_Trees_Affine_Corrected_2026.gpkg/Plot1_Trees_Affine_Corrected_2026","coordinateVersion":"plot1-affine-corrected-2026-08-12"},"geometry":{"type":"Point","coordinates":[77.0750748745,10.482391378]}},{"type":"Feature","properties":{"treeNo":"927","plot":"Plot 1","coordinateSource":"Muthu_Farms_Plot1_Trees_Affine_Corrected_2026.gpkg/Plot1_Trees_Affine_Corrected_2026","coordinateVersion":"plot1-affine-corrected-2026-08-12"},"geometry":{"type":"Point","coordinates":[77.075007802,10.4823974375]}},{"type":"Feature","properties":{"treeNo":"928","plot":"Plot 1","coordinateSource":"Muthu_Farms_Plot1_Trees_Affine_Corrected_2026.gpkg/Plot1_Trees_Affine_Corrected_2026","coordinateVersion":"plot1-affine-corrected-2026-08-12"},"geometry":{"type":"Point","coordinates":[77.0749358671,10.4824079139]}},{"type":"Feature","properties":{"treeNo":"930","plot":"Plot 1","coordinateSource":"Muthu_Farms_Plot1_Trees_Affine_Corrected_2026.gpkg/Plot1_Trees_Affine_Corrected_2026","coordinateVersion":"plot1-affine-corrected-2026-08-12"},"geometry":{"type":"Point","coordinates":[77.0747877707,10.4824191427]}},{"type":"Feature","properties":{"treeNo":"931","plot":"Plot 1","coordinateSource":"Muthu_Farms_Plot1_Trees_Affine_Corrected_2026.gpkg/Plot1_Trees_Affine_Corrected_2026","coordinateVersion":"plot1-affine-corrected-2026-08-12"},"geometry":{"type":"Point","coordinates":[77.0747192475,10.482435239]}},{"type":"Feature","properties":{"treeNo":"932","plot":"Plot 1","coordinateSource":"Muthu_Farms_Plot1_Trees_Affine_Corrected_2026.gpkg/Plot1_Trees_Affine_Corrected_2026","coordinateVersion":"plot1-affine-corrected-2026-08-12"},"geometry":{"type":"Point","coordinates":[77.0746542178,10.4824389654]}},{"type":"Feature","properties":{"treeNo":"933","plot":"Plot 1","coordinateSource":"Muthu_Farms_Plot1_Trees_Affine_Corrected_2026.gpkg/Plot1_Trees_Affine_Corrected_2026","coordinateVersion":"plot1-affine-corrected-2026-08-12"},"geometry":{"type":"Point","coordinates":[77.0745701436,10.4824490476]}},{"type":"Feature","properties":{"treeNo":"934","plot":"Plot 1","coordinateSource":"Muthu_Farms_Plot1_Trees_Affine_Corrected_2026.gpkg/Plot1_Trees_Affine_Corrected_2026","coordinateVersion":"plot1-affine-corrected-2026-08-12"},"geometry":{"type":"Point","coordinates":[77.074491719,10.4824559902]}},{"type":"Feature","properties":{"treeNo":"935","plot":"Plot 1","coordinateSource":"Muthu_Farms_Plot1_Trees_Affine_Corrected_2026.gpkg/Plot1_Trees_Affine_Corrected_2026","coordinateVersion":"plot1-affine-corrected-2026-08-12"},"geometry":{"type":"Point","coordinates":[77.0744173899,10.4824592944]}},{"type":"Feature","properties":{"treeNo":"936","plot":"Plot 1","coordinateSource":"Muthu_Farms_Plot1_Trees_Affine_Corrected_2026.gpkg/Plot1_Trees_Affine_Corrected_2026","coordinateVersion":"plot1-affine-corrected-2026-08-12"},"geometry":{"type":"Point","coordinates":[77.0743513526,10.4824656006]}},{"type":"Feature","properties":{"treeNo":"937","plot":"Plot 1","coordinateSource":"Muthu_Farms_Plot1_Trees_Affine_Corrected_2026.gpkg/Plot1_Trees_Affine_Corrected_2026","coordinateVersion":"plot1-affine-corrected-2026-08-12"},"geometry":{"type":"Point","coordinates":[77.0742746232,10.4824874315]}},{"type":"Feature","properties":{"treeNo":"946","plot":"Plot 1","coordinateSource":"Muthu_Farms_Plot1_Trees_Affine_Corrected_2026.gpkg/Plot1_Trees_Affine_Corrected_2026","coordinateVersion":"plot1-affine-corrected-2026-08-12"},"geometry":{"type":"Point","coordinates":[77.0747967884,10.4824961495]}},{"type":"Feature","properties":{"treeNo":"947","plot":"Plot 1","coordinateSource":"Muthu_Farms_Plot1_Trees_Affine_Corrected_2026.gpkg/Plot1_Trees_Affine_Corrected_2026","coordinateVersion":"plot1-affine-corrected-2026-08-12"},"geometry":{"type":"Point","coordinates":[77.0747255776,10.4825014789]}},{"type":"Feature","properties":{"treeNo":"948","plot":"Plot 1","coordinateSource":"Muthu_Farms_Plot1_Trees_Affine_Corrected_2026.gpkg/Plot1_Trees_Affine_Corrected_2026","coordinateVersion":"plot1-affine-corrected-2026-08-12"},"geometry":{"type":"Point","coordinates":[77.0746594647,10.4825000763]}},{"type":"Feature","properties":{"treeNo":"949","plot":"Plot 1","coordinateSource":"Muthu_Farms_Plot1_Trees_Affine_Corrected_2026.gpkg/Plot1_Trees_Affine_Corrected_2026","coordinateVersion":"plot1-affine-corrected-2026-08-12"},"geometry":{"type":"Point","coordinates":[77.0746073336,10.4825026473]}},{"type":"Feature","properties":{"treeNo":"950","plot":"Plot 1","coordinateSource":"Muthu_Farms_Plot1_Trees_Affine_Corrected_2026.gpkg/Plot1_Trees_Affine_Corrected_2026","coordinateVersion":"plot1-affine-corrected-2026-08-12"},"geometry":{"type":"Point","coordinates":[77.0745258361,10.48251219]}},{"type":"Feature","properties":{"treeNo":"951","plot":"Plot 1","coordinateSource":"Muthu_Farms_Plot1_Trees_Affine_Corrected_2026.gpkg/Plot1_Trees_Affine_Corrected_2026","coordinateVersion":"plot1-affine-corrected-2026-08-12"},"geometry":{"type":"Point","coordinates":[77.0744540535,10.4825118713]}},{"type":"Feature","properties":{"treeNo":"952","plot":"Plot 1","coordinateSource":"Muthu_Farms_Plot1_Trees_Affine_Corrected_2026.gpkg/Plot1_Trees_Affine_Corrected_2026","coordinateVersion":"plot1-affine-corrected-2026-08-12"},"geometry":{"type":"Point","coordinates":[77.0743874243,10.4825104738]}},{"type":"Feature","properties":{"treeNo":"952.1","plot":"Plot 1","coordinateSource":"Muthu_Farms_Plot1_Trees_Affine_Corrected_2026.gpkg/Plot1_Trees_Affine_Corrected_2026","coordinateVersion":"plot1-affine-corrected-2026-08-12"},"geometry":{"type":"Point","coordinates":[77.0743229763,10.482520876]}},{"type":"Feature","properties":{"treeNo":"904","plot":"Plot 1","coordinateSource":"Muthu_Farms_Plot1_Trees_Affine_Corrected_2026.gpkg/Plot1_Trees_Affine_Corrected_2026","coordinateVersion":"plot1-affine-corrected-2026-08-12"},"geometry":{"type":"Point","coordinates":[77.0753616525,10.4822777829]}},{"type":"Feature","properties":{"treeNo":"905","plot":"Plot 1","coordinateSource":"Muthu_Farms_Plot1_Trees_Affine_Corrected_2026.gpkg/Plot1_Trees_Affine_Corrected_2026","coordinateVersion":"plot1-affine-corrected-2026-08-12"},"geometry":{"type":"Point","coordinates":[77.0752957313,10.4822959094]}},{"type":"Feature","properties":{"treeNo":"906","plot":"Plot 1","coordinateSource":"Muthu_Farms_Plot1_Trees_Affine_Corrected_2026.gpkg/Plot1_Trees_Affine_Corrected_2026","coordinateVersion":"plot1-affine-corrected-2026-08-12"},"geometry":{"type":"Point","coordinates":[77.0752182487,10.4822935913]}},{"type":"Feature","properties":{"treeNo":"907","plot":"Plot 1","coordinateSource":"Muthu_Farms_Plot1_Trees_Affine_Corrected_2026.gpkg/Plot1_Trees_Affine_Corrected_2026","coordinateVersion":"plot1-affine-corrected-2026-08-12"},"geometry":{"type":"Point","coordinates":[77.0751543425,10.4823065582]}},{"type":"Feature","properties":{"treeNo":"908","plot":"Plot 1","coordinateSource":"Muthu_Farms_Plot1_Trees_Affine_Corrected_2026.gpkg/Plot1_Trees_Affine_Corrected_2026","coordinateVersion":"plot1-affine-corrected-2026-08-12"},"geometry":{"type":"Point","coordinates":[77.0750799983,10.4823083208]}},{"type":"Feature","properties":{"treeNo":"909","plot":"Plot 1","coordinateSource":"Muthu_Farms_Plot1_Trees_Affine_Corrected_2026.gpkg/Plot1_Trees_Affine_Corrected_2026","coordinateVersion":"plot1-affine-corrected-2026-08-12"},"geometry":{"type":"Point","coordinates":[77.0749970477,10.4823276436]}},{"type":"Feature","properties":{"treeNo":"910","plot":"Plot 1","coordinateSource":"Muthu_Farms_Plot1_Trees_Affine_Corrected_2026.gpkg/Plot1_Trees_Affine_Corrected_2026","coordinateVersion":"plot1-affine-corrected-2026-08-12"},"geometry":{"type":"Point","coordinates":[77.0749201722,10.4823345709]}},{"type":"Feature","properties":{"treeNo":"886","plot":"Plot 1","coordinateSource":"Muthu_Farms_Plot1_Trees_Affine_Corrected_2026.gpkg/Plot1_Trees_Affine_Corrected_2026","coordinateVersion":"plot1-affine-corrected-2026-08-12"},"geometry":{"type":"Point","coordinates":[77.0753573524,10.4822079251]}},{"type":"Feature","properties":{"treeNo":"887","plot":"Plot 1","coordinateSource":"Muthu_Farms_Plot1_Trees_Affine_Corrected_2026.gpkg/Plot1_Trees_Affine_Corrected_2026","coordinateVersion":"plot1-affine-corrected-2026-08-12"},"geometry":{"type":"Point","coordinates":[77.0752877109,10.482215295]}},{"type":"Feature","properties":{"treeNo":"888","plot":"Plot 1","coordinateSource":"Muthu_Farms_Plot1_Trees_Affine_Corrected_2026.gpkg/Plot1_Trees_Affine_Corrected_2026","coordinateVersion":"plot1-affine-corrected-2026-08-12"},"geometry":{"type":"Point","coordinates":[77.0752155229,10.4822262879]}},{"type":"Feature","properties":{"treeNo":"889","plot":"Plot 1","coordinateSource":"Muthu_Farms_Plot1_Trees_Affine_Corrected_2026.gpkg/Plot1_Trees_Affine_Corrected_2026","coordinateVersion":"plot1-affine-corrected-2026-08-12"},"geometry":{"type":"Point","coordinates":[77.0751422922,10.4822362631]}},{"type":"Feature","properties":{"treeNo":"890","plot":"Plot 1","coordinateSource":"Muthu_Farms_Plot1_Trees_Affine_Corrected_2026.gpkg/Plot1_Trees_Affine_Corrected_2026","coordinateVersion":"plot1-affine-corrected-2026-08-12"},"geometry":{"type":"Point","coordinates":[77.0750638374,10.4822401222]}},{"type":"Feature","properties":{"treeNo":"891","plot":"Plot 1","coordinateSource":"Muthu_Farms_Plot1_Trees_Affine_Corrected_2026.gpkg/Plot1_Trees_Affine_Corrected_2026","coordinateVersion":"plot1-affine-corrected-2026-08-12"},"geometry":{"type":"Point","coordinates":[77.0749942916,10.4822572566]}},{"type":"Feature","properties":{"treeNo":"892","plot":"Plot 1","coordinateSource":"Muthu_Farms_Plot1_Trees_Affine_Corrected_2026.gpkg/Plot1_Trees_Affine_Corrected_2026","coordinateVersion":"plot1-affine-corrected-2026-08-12"},"geometry":{"type":"Point","coordinates":[77.0749174111,10.48226367]}},{"type":"Feature","properties":{"treeNo":"868","plot":"Plot 1","coordinateSource":"Muthu_Farms_Plot1_Trees_Affine_Corrected_2026.gpkg/Plot1_Trees_Affine_Corrected_2026","coordinateVersion":"plot1-affine-corrected-2026-08-12"},"geometry":{"type":"Point","coordinates":[77.0753372608,10.4821338547]}},{"type":"Feature","properties":{"treeNo":"869","plot":"Plot 1","coordinateSource":"Muthu_Farms_Plot1_Trees_Affine_Corrected_2026.gpkg/Plot1_Trees_Affine_Corrected_2026","coordinateVersion":"plot1-affine-corrected-2026-08-12"},"geometry":{"type":"Point","coordinates":[77.0752761643,10.48214371]}},{"type":"Feature","properties":{"treeNo":"870","plot":"Plot 1","coordinateSource":"Muthu_Farms_Plot1_Trees_Affine_Corrected_2026.gpkg/Plot1_Trees_Affine_Corrected_2026","coordinateVersion":"plot1-affine-corrected-2026-08-12"},"geometry":{"type":"Point","coordinates":[77.0751936821,10.4821581454]}},{"type":"Feature","properties":{"treeNo":"871","plot":"Plot 1","coordinateSource":"Muthu_Farms_Plot1_Trees_Affine_Corrected_2026.gpkg/Plot1_Trees_Affine_Corrected_2026","coordinateVersion":"plot1-affine-corrected-2026-08-12"},"geometry":{"type":"Point","coordinates":[77.0751294396,10.482163149]}},{"type":"Feature","properties":{"treeNo":"872","plot":"Plot 1","coordinateSource":"Muthu_Farms_Plot1_Trees_Affine_Corrected_2026.gpkg/Plot1_Trees_Affine_Corrected_2026","coordinateVersion":"plot1-affine-corrected-2026-08-12"},"geometry":{"type":"Point","coordinates":[77.075046907,10.4821724452]}},{"type":"Feature","properties":{"treeNo":"873","plot":"Plot 1","coordinateSource":"Muthu_Farms_Plot1_Trees_Affine_Corrected_2026.gpkg/Plot1_Trees_Affine_Corrected_2026","coordinateVersion":"plot1-affine-corrected-2026-08-12"},"geometry":{"type":"Point","coordinates":[77.0749780526,10.4821810921]}},{"type":"Feature","properties":{"treeNo":"874","plot":"Plot 1","coordinateSource":"Muthu_Farms_Plot1_Trees_Affine_Corrected_2026.gpkg/Plot1_Trees_Affine_Corrected_2026","coordinateVersion":"plot1-affine-corrected-2026-08-12"},"geometry":{"type":"Point","coordinates":[77.0749006583,10.4821877676]}},{"type":"Feature","properties":{"treeNo":"857","plot":"Plot 1","coordinateSource":"Muthu_Farms_Plot1_Trees_Affine_Corrected_2026.gpkg/Plot1_Trees_Affine_Corrected_2026","coordinateVersion":"plot1-affine-corrected-2026-08-12"},"geometry":{"type":"Point","coordinates":[77.0748968041,10.4821107098]}},{"type":"Feature","properties":{"treeNo":"856","plot":"Plot 1","coordinateSource":"Muthu_Farms_Plot1_Trees_Affine_Corrected_2026.gpkg/Plot1_Trees_Affine_Corrected_2026","coordinateVersion":"plot1-affine-corrected-2026-08-12"},"geometry":{"type":"Point","coordinates":[77.0749644004,10.4821054161]}},{"type":"Feature","properties":{"treeNo":"851","plot":"Plot 1","coordinateSource":"Muthu_Farms_Plot1_Trees_Affine_Corrected_2026.gpkg/Plot1_Trees_Affine_Corrected_2026","coordinateVersion":"plot1-affine-corrected-2026-08-12"},"geometry":{"type":"Point","coordinates":[77.0753362641,10.4820585676]}},{"type":"Feature","properties":{"treeNo":"852","plot":"Plot 1","coordinateSource":"Muthu_Farms_Plot1_Trees_Affine_Corrected_2026.gpkg/Plot1_Trees_Affine_Corrected_2026","coordinateVersion":"plot1-affine-corrected-2026-08-12"},"geometry":{"type":"Point","coordinates":[77.0752599202,10.4820670317]}},{"type":"Feature","properties":{"treeNo":"853","plot":"Plot 1","coordinateSource":"Muthu_Farms_Plot1_Trees_Affine_Corrected_2026.gpkg/Plot1_Trees_Affine_Corrected_2026","coordinateVersion":"plot1-affine-corrected-2026-08-12"},"geometry":{"type":"Point","coordinates":[77.0751944447,10.4820779582]}},{"type":"Feature","properties":{"treeNo":"854","plot":"Plot 1","coordinateSource":"Muthu_Farms_Plot1_Trees_Affine_Corrected_2026.gpkg/Plot1_Trees_Affine_Corrected_2026","coordinateVersion":"plot1-affine-corrected-2026-08-12"},"geometry":{"type":"Point","coordinates":[77.07511967,10.4820884626]}},{"type":"Feature","properties":{"treeNo":"855","plot":"Plot 1","coordinateSource":"Muthu_Farms_Plot1_Trees_Affine_Corrected_2026.gpkg/Plot1_Trees_Affine_Corrected_2026","coordinateVersion":"plot1-affine-corrected-2026-08-12"},"geometry":{"type":"Point","coordinates":[77.0750469556,10.4820984327]}},{"type":"Feature","properties":{"treeNo":"912","plot":"Plot 1","coordinateSource":"Muthu_Farms_Plot1_Trees_Affine_Corrected_2026.gpkg/Plot1_Trees_Affine_Corrected_2026","coordinateVersion":"plot1-affine-corrected-2026-08-12"},"geometry":{"type":"Point","coordinates":[77.0747789754,10.4823516423]}},{"type":"Feature","properties":{"treeNo":"913","plot":"Plot 1","coordinateSource":"Muthu_Farms_Plot1_Trees_Affine_Corrected_2026.gpkg/Plot1_Trees_Affine_Corrected_2026","coordinateVersion":"plot1-affine-corrected-2026-08-12"},"geometry":{"type":"Point","coordinates":[77.0747072785,10.4823600603]}},{"type":"Feature","properties":{"treeNo":"914","plot":"Plot 1","coordinateSource":"Muthu_Farms_Plot1_Trees_Affine_Corrected_2026.gpkg/Plot1_Trees_Affine_Corrected_2026","coordinateVersion":"plot1-affine-corrected-2026-08-12"},"geometry":{"type":"Point","coordinates":[77.0746332681,10.4823695291]}},{"type":"Feature","properties":{"treeNo":"915","plot":"Plot 1","coordinateSource":"Muthu_Farms_Plot1_Trees_Affine_Corrected_2026.gpkg/Plot1_Trees_Affine_Corrected_2026","coordinateVersion":"plot1-affine-corrected-2026-08-12"},"geometry":{"type":"Point","coordinates":[77.0745571419,10.4823738791]}},{"type":"Feature","properties":{"treeNo":"916","plot":"Plot 1","coordinateSource":"Muthu_Farms_Plot1_Trees_Affine_Corrected_2026.gpkg/Plot1_Trees_Affine_Corrected_2026","coordinateVersion":"plot1-affine-corrected-2026-08-12"},"geometry":{"type":"Point","coordinates":[77.0744795069,10.4823823558]}},{"type":"Feature","properties":{"treeNo":"917","plot":"Plot 1","coordinateSource":"Muthu_Farms_Plot1_Trees_Affine_Corrected_2026.gpkg/Plot1_Trees_Affine_Corrected_2026","coordinateVersion":"plot1-affine-corrected-2026-08-12"},"geometry":{"type":"Point","coordinates":[77.0744083415,10.4823923104]}},{"type":"Feature","properties":{"treeNo":"918","plot":"Plot 1","coordinateSource":"Muthu_Farms_Plot1_Trees_Affine_Corrected_2026.gpkg/Plot1_Trees_Affine_Corrected_2026","coordinateVersion":"plot1-affine-corrected-2026-08-12"},"geometry":{"type":"Point","coordinates":[77.0743322959,10.4824048831]}},{"type":"Feature","properties":{"treeNo":"919","plot":"Plot 1","coordinateSource":"Muthu_Farms_Plot1_Trees_Affine_Corrected_2026.gpkg/Plot1_Trees_Affine_Corrected_2026","coordinateVersion":"plot1-affine-corrected-2026-08-12"},"geometry":{"type":"Point","coordinates":[77.0742629074,10.4824117363]}},{"type":"Feature","properties":{"treeNo":"920","plot":"Plot 1","coordinateSource":"Muthu_Farms_Plot1_Trees_Affine_Corrected_2026.gpkg/Plot1_Trees_Affine_Corrected_2026","coordinateVersion":"plot1-affine-corrected-2026-08-12"},"geometry":{"type":"Point","coordinates":[77.074186824,10.4824204545]}},{"type":"Feature","properties":{"treeNo":"921","plot":"Plot 1","coordinateSource":"Muthu_Farms_Plot1_Trees_Affine_Corrected_2026.gpkg/Plot1_Trees_Affine_Corrected_2026","coordinateVersion":"plot1-affine-corrected-2026-08-12"},"geometry":{"type":"Point","coordinates":[77.0741158915,10.4824278369]}},{"type":"Feature","properties":{"treeNo":"903","plot":"Plot 1","coordinateSource":"Muthu_Farms_Plot1_Trees_Affine_Corrected_2026.gpkg/Plot1_Trees_Affine_Corrected_2026","coordinateVersion":"plot1-affine-corrected-2026-08-12"},"geometry":{"type":"Point","coordinates":[77.0741198079,10.4823532722]}},{"type":"Feature","properties":{"treeNo":"902","plot":"Plot 1","coordinateSource":"Muthu_Farms_Plot1_Trees_Affine_Corrected_2026.gpkg/Plot1_Trees_Affine_Corrected_2026","coordinateVersion":"plot1-affine-corrected-2026-08-12"},"geometry":{"type":"Point","coordinates":[77.0741776012,10.4823488465]}},{"type":"Feature","properties":{"treeNo":"901","plot":"Plot 1","coordinateSource":"Muthu_Farms_Plot1_Trees_Affine_Corrected_2026.gpkg/Plot1_Trees_Affine_Corrected_2026","coordinateVersion":"plot1-affine-corrected-2026-08-12"},"geometry":{"type":"Point","coordinates":[77.0742531178,10.4823349941]}},{"type":"Feature","properties":{"treeNo":"900","plot":"Plot 1","coordinateSource":"Muthu_Farms_Plot1_Trees_Affine_Corrected_2026.gpkg/Plot1_Trees_Affine_Corrected_2026","coordinateVersion":"plot1-affine-corrected-2026-08-12"},"geometry":{"type":"Point","coordinates":[77.0743256044,10.4823281103]}},{"type":"Feature","properties":{"treeNo":"899","plot":"Plot 1","coordinateSource":"Muthu_Farms_Plot1_Trees_Affine_Corrected_2026.gpkg/Plot1_Trees_Affine_Corrected_2026","coordinateVersion":"plot1-affine-corrected-2026-08-12"},"geometry":{"type":"Point","coordinates":[77.0743983492,10.4823212239]}},{"type":"Feature","properties":{"treeNo":"898","plot":"Plot 1","coordinateSource":"Muthu_Farms_Plot1_Trees_Affine_Corrected_2026.gpkg/Plot1_Trees_Affine_Corrected_2026","coordinateVersion":"plot1-affine-corrected-2026-08-12"},"geometry":{"type":"Point","coordinates":[77.0744734074,10.4823132867]}},{"type":"Feature","properties":{"treeNo":"897","plot":"Plot 1","coordinateSource":"Muthu_Farms_Plot1_Trees_Affine_Corrected_2026.gpkg/Plot1_Trees_Affine_Corrected_2026","coordinateVersion":"plot1-affine-corrected-2026-08-12"},"geometry":{"type":"Point","coordinates":[77.0745422518,10.482303612]}},{"type":"Feature","properties":{"treeNo":"896","plot":"Plot 1","coordinateSource":"Muthu_Farms_Plot1_Trees_Affine_Corrected_2026.gpkg/Plot1_Trees_Affine_Corrected_2026","coordinateVersion":"plot1-affine-corrected-2026-08-12"},"geometry":{"type":"Point","coordinates":[77.0746240351,10.4822968932]}},{"type":"Feature","properties":{"treeNo":"895","plot":"Plot 1","coordinateSource":"Muthu_Farms_Plot1_Trees_Affine_Corrected_2026.gpkg/Plot1_Trees_Affine_Corrected_2026","coordinateVersion":"plot1-affine-corrected-2026-08-12"},"geometry":{"type":"Point","coordinates":[77.0746915558,10.4822838907]}},{"type":"Feature","properties":{"treeNo":"894","plot":"Plot 1","coordinateSource":"Muthu_Farms_Plot1_Trees_Affine_Corrected_2026.gpkg/Plot1_Trees_Affine_Corrected_2026","coordinateVersion":"plot1-affine-corrected-2026-08-12"},"geometry":{"type":"Point","coordinates":[77.0747720256,10.4822748721]}},{"type":"Feature","properties":{"treeNo":"876","plot":"Plot 1","coordinateSource":"Muthu_Farms_Plot1_Trees_Affine_Corrected_2026.gpkg/Plot1_Trees_Affine_Corrected_2026","coordinateVersion":"plot1-affine-corrected-2026-08-12"},"geometry":{"type":"Point","coordinates":[77.0747574163,10.4822069151]}},{"type":"Feature","properties":{"treeNo":"877","plot":"Plot 1","coordinateSource":"Muthu_Farms_Plot1_Trees_Affine_Corrected_2026.gpkg/Plot1_Trees_Affine_Corrected_2026","coordinateVersion":"plot1-affine-corrected-2026-08-12"},"geometry":{"type":"Point","coordinates":[77.0746828821,10.4822156181]}},{"type":"Feature","properties":{"treeNo":"878","plot":"Plot 1","coordinateSource":"Muthu_Farms_Plot1_Trees_Affine_Corrected_2026.gpkg/Plot1_Trees_Affine_Corrected_2026","coordinateVersion":"plot1-affine-corrected-2026-08-12"},"geometry":{"type":"Point","coordinates":[77.0746065103,10.4822212555]}},{"type":"Feature","properties":{"treeNo":"879","plot":"Plot 1","coordinateSource":"Muthu_Farms_Plot1_Trees_Affine_Corrected_2026.gpkg/Plot1_Trees_Affine_Corrected_2026","coordinateVersion":"plot1-affine-corrected-2026-08-12"},"geometry":{"type":"Point","coordinates":[77.0745299308,10.4822320346]}},{"type":"Feature","properties":{"treeNo":"880","plot":"Plot 1","coordinateSource":"Muthu_Farms_Plot1_Trees_Affine_Corrected_2026.gpkg/Plot1_Trees_Affine_Corrected_2026","coordinateVersion":"plot1-affine-corrected-2026-08-12"},"geometry":{"type":"Point","coordinates":[77.0744533084,10.4822384453]}},{"type":"Feature","properties":{"treeNo":"881","plot":"Plot 1","coordinateSource":"Muthu_Farms_Plot1_Trees_Affine_Corrected_2026.gpkg/Plot1_Trees_Affine_Corrected_2026","coordinateVersion":"plot1-affine-corrected-2026-08-12"},"geometry":{"type":"Point","coordinates":[77.0743839049,10.4822437568]}},{"type":"Feature","properties":{"treeNo":"882","plot":"Plot 1","coordinateSource":"Muthu_Farms_Plot1_Trees_Affine_Corrected_2026.gpkg/Plot1_Trees_Affine_Corrected_2026","coordinateVersion":"plot1-affine-corrected-2026-08-12"},"geometry":{"type":"Point","coordinates":[77.0743153212,10.4822536859]}},{"type":"Feature","properties":{"treeNo":"883","plot":"Plot 1","coordinateSource":"Muthu_Farms_Plot1_Trees_Affine_Corrected_2026.gpkg/Plot1_Trees_Affine_Corrected_2026","coordinateVersion":"plot1-affine-corrected-2026-08-12"},"geometry":{"type":"Point","coordinates":[77.074240035,10.4822647091]}},{"type":"Feature","properties":{"treeNo":"884","plot":"Plot 1","coordinateSource":"Muthu_Farms_Plot1_Trees_Affine_Corrected_2026.gpkg/Plot1_Trees_Affine_Corrected_2026","coordinateVersion":"plot1-affine-corrected-2026-08-12"},"geometry":{"type":"Point","coordinates":[77.0741683381,10.482273127]}},{"type":"Feature","properties":{"treeNo":"885","plot":"Plot 1","coordinateSource":"Muthu_Farms_Plot1_Trees_Affine_Corrected_2026.gpkg/Plot1_Trees_Affine_Corrected_2026","coordinateVersion":"plot1-affine-corrected-2026-08-12"},"geometry":{"type":"Point","coordinates":[77.0741152398,10.4822823891]}},{"type":"Feature","properties":{"treeNo":"867","plot":"Plot 1","coordinateSource":"Muthu_Farms_Plot1_Trees_Affine_Corrected_2026.gpkg/Plot1_Trees_Affine_Corrected_2026","coordinateVersion":"plot1-affine-corrected-2026-08-12"},"geometry":{"type":"Point","coordinates":[77.0741577866,10.4821976773]}},{"type":"Feature","properties":{"treeNo":"866","plot":"Plot 1","coordinateSource":"Muthu_Farms_Plot1_Trees_Affine_Corrected_2026.gpkg/Plot1_Trees_Affine_Corrected_2026","coordinateVersion":"plot1-affine-corrected-2026-08-12"},"geometry":{"type":"Point","coordinates":[77.0742326169,10.4821928262]}},{"type":"Feature","properties":{"treeNo":"865","plot":"Plot 1","coordinateSource":"Muthu_Farms_Plot1_Trees_Affine_Corrected_2026.gpkg/Plot1_Trees_Affine_Corrected_2026","coordinateVersion":"plot1-affine-corrected-2026-08-12"},"geometry":{"type":"Point","coordinates":[77.0743078174,10.4821730663]}},{"type":"Feature","properties":{"treeNo":"864","plot":"Plot 1","coordinateSource":"Muthu_Farms_Plot1_Trees_Affine_Corrected_2026.gpkg/Plot1_Trees_Affine_Corrected_2026","coordinateVersion":"plot1-affine-corrected-2026-08-12"},"geometry":{"type":"Point","coordinates":[77.0743800911,10.4821708103]}},{"type":"Feature","properties":{"treeNo":"863","plot":"Plot 1","coordinateSource":"Muthu_Farms_Plot1_Trees_Affine_Corrected_2026.gpkg/Plot1_Trees_Affine_Corrected_2026","coordinateVersion":"plot1-affine-corrected-2026-08-12"},"geometry":{"type":"Point","coordinates":[77.0744512918,10.4821644532]}},{"type":"Feature","properties":{"treeNo":"862","plot":"Plot 1","coordinateSource":"Muthu_Farms_Plot1_Trees_Affine_Corrected_2026.gpkg/Plot1_Trees_Affine_Corrected_2026","coordinateVersion":"plot1-affine-corrected-2026-08-12"},"geometry":{"type":"Point","coordinates":[77.074529681,10.4821539132]}},{"type":"Feature","properties":{"treeNo":"861","plot":"Plot 1","coordinateSource":"Muthu_Farms_Plot1_Trees_Affine_Corrected_2026.gpkg/Plot1_Trees_Affine_Corrected_2026","coordinateVersion":"plot1-affine-corrected-2026-08-12"},"geometry":{"type":"Point","coordinates":[77.0746055289,10.4821475101]}},{"type":"Feature","properties":{"treeNo":"860","plot":"Plot 1","coordinateSource":"Muthu_Farms_Plot1_Trees_Affine_Corrected_2026.gpkg/Plot1_Trees_Affine_Corrected_2026","coordinateVersion":"plot1-affine-corrected-2026-08-12"},"geometry":{"type":"Point","coordinates":[77.074675115,10.4821344872]}},{"type":"Feature","properties":{"treeNo":"859","plot":"Plot 1","coordinateSource":"Muthu_Farms_Plot1_Trees_Affine_Corrected_2026.gpkg/Plot1_Trees_Affine_Corrected_2026","coordinateVersion":"plot1-affine-corrected-2026-08-12"},"geometry":{"type":"Point","coordinates":[77.0747478748,10.4821291425]}},{"type":"Feature","properties":{"treeNo":"834","plot":"Plot 1","coordinateSource":"Muthu_Farms_Plot1_Trees_Affine_Corrected_2026.gpkg/Plot1_Trees_Affine_Corrected_2026","coordinateVersion":"plot1-affine-corrected-2026-08-12"},"geometry":{"type":"Point","coordinates":[77.0753165825,10.481986806]}},{"type":"Feature","properties":{"treeNo":"835","plot":"Plot 1","coordinateSource":"Muthu_Farms_Plot1_Trees_Affine_Corrected_2026.gpkg/Plot1_Trees_Affine_Corrected_2026","coordinateVersion":"plot1-affine-corrected-2026-08-12"},"geometry":{"type":"Point","coordinates":[77.075257268,10.4819940738]}},{"type":"Feature","properties":{"treeNo":"836","plot":"Plot 1","coordinateSource":"Muthu_Farms_Plot1_Trees_Affine_Corrected_2026.gpkg/Plot1_Trees_Affine_Corrected_2026","coordinateVersion":"plot1-affine-corrected-2026-08-12"},"geometry":{"type":"Point","coordinates":[77.0751660205,10.4820098808]}},{"type":"Feature","properties":{"treeNo":"837","plot":"Plot 1","coordinateSource":"Muthu_Farms_Plot1_Trees_Affine_Corrected_2026.gpkg/Plot1_Trees_Affine_Corrected_2026","coordinateVersion":"plot1-affine-corrected-2026-08-12"},"geometry":{"type":"Point","coordinates":[77.0751102801,10.4820130014]}},{"type":"Feature","properties":{"treeNo":"838","plot":"Plot 1","coordinateSource":"Muthu_Farms_Plot1_Trees_Affine_Corrected_2026.gpkg/Plot1_Trees_Affine_Corrected_2026","coordinateVersion":"plot1-affine-corrected-2026-08-12"},"geometry":{"type":"Point","coordinates":[77.0750365784,10.482027607]}},{"type":"Feature","properties":{"treeNo":"839","plot":"Plot 1","coordinateSource":"Muthu_Farms_Plot1_Trees_Affine_Corrected_2026.gpkg/Plot1_Trees_Affine_Corrected_2026","coordinateVersion":"plot1-affine-corrected-2026-08-12"},"geometry":{"type":"Point","coordinates":[77.0749576578,10.4820366104]}},{"type":"Feature","properties":{"treeNo":"840","plot":"Plot 1","coordinateSource":"Muthu_Farms_Plot1_Trees_Affine_Corrected_2026.gpkg/Plot1_Trees_Affine_Corrected_2026","coordinateVersion":"plot1-affine-corrected-2026-08-12"},"geometry":{"type":"Point","coordinates":[77.0748828427,10.4820430034]}},{"type":"Feature","properties":{"treeNo":"841","plot":"Plot 1","coordinateSource":"Muthu_Farms_Plot1_Trees_Affine_Corrected_2026.gpkg/Plot1_Trees_Affine_Corrected_2026","coordinateVersion":"plot1-affine-corrected-2026-08-12"},"geometry":{"type":"Point","coordinates":[77.0748110854,10.4820452544]}},{"type":"Feature","properties":{"treeNo":"842","plot":"Plot 1","coordinateSource":"Muthu_Farms_Plot1_Trees_Affine_Corrected_2026.gpkg/Plot1_Trees_Affine_Corrected_2026","coordinateVersion":"plot1-affine-corrected-2026-08-12"},"geometry":{"type":"Point","coordinates":[77.0747373937,10.4820608877]}},{"type":"Feature","properties":{"treeNo":"843","plot":"Plot 1","coordinateSource":"Muthu_Farms_Plot1_Trees_Affine_Corrected_2026.gpkg/Plot1_Trees_Affine_Corrected_2026","coordinateVersion":"plot1-affine-corrected-2026-08-12"},"geometry":{"type":"Point","coordinates":[77.074664644,10.4820672603]}},{"type":"Feature","properties":{"treeNo":"844","plot":"Plot 1","coordinateSource":"Muthu_Farms_Plot1_Trees_Affine_Corrected_2026.gpkg/Plot1_Trees_Affine_Corrected_2026","coordinateVersion":"plot1-affine-corrected-2026-08-12"},"geometry":{"type":"Point","coordinates":[77.0745924611,10.4820787669]}},{"type":"Feature","properties":{"treeNo":"845","plot":"Plot 1","coordinateSource":"Muthu_Farms_Plot1_Trees_Affine_Corrected_2026.gpkg/Plot1_Trees_Affine_Corrected_2026","coordinateVersion":"plot1-affine-corrected-2026-08-12"},"geometry":{"type":"Point","coordinates":[77.0745129737,10.4820826361]}},{"type":"Feature","properties":{"treeNo":"846","plot":"Plot 1","coordinateSource":"Muthu_Farms_Plot1_Trees_Affine_Corrected_2026.gpkg/Plot1_Trees_Affine_Corrected_2026","coordinateVersion":"plot1-affine-corrected-2026-08-12"},"geometry":{"type":"Point","coordinates":[77.0744402693,10.4820936339]}},{"type":"Feature","properties":{"treeNo":"847","plot":"Plot 1","coordinateSource":"Muthu_Farms_Plot1_Trees_Affine_Corrected_2026.gpkg/Plot1_Trees_Affine_Corrected_2026","coordinateVersion":"plot1-affine-corrected-2026-08-12"},"geometry":{"type":"Point","coordinates":[77.0743660108,10.482104133]}},{"type":"Feature","properties":{"treeNo":"848","plot":"Plot 1","coordinateSource":"Muthu_Farms_Plot1_Trees_Affine_Corrected_2026.gpkg/Plot1_Trees_Affine_Corrected_2026","coordinateVersion":"plot1-affine-corrected-2026-08-12"},"geometry":{"type":"Point","coordinates":[77.0742876014,10.4821126173]}},{"type":"Feature","properties":{"treeNo":"849","plot":"Plot 1","coordinateSource":"Muthu_Farms_Plot1_Trees_Affine_Corrected_2026.gpkg/Plot1_Trees_Affine_Corrected_2026","coordinateVersion":"plot1-affine-corrected-2026-08-12"},"geometry":{"type":"Point","coordinates":[77.0742143202,10.482117453]}},{"type":"Feature","properties":{"treeNo":"850","plot":"Plot 1","coordinateSource":"Muthu_Farms_Plot1_Trees_Affine_Corrected_2026.gpkg/Plot1_Trees_Affine_Corrected_2026","coordinateVersion":"plot1-affine-corrected-2026-08-12"},"geometry":{"type":"Point","coordinates":[77.0741472251,10.4821211997]}},{"type":"Feature","properties":{"treeNo":"833","plot":"Plot 1","coordinateSource":"Muthu_Farms_Plot1_Trees_Affine_Corrected_2026.gpkg/Plot1_Trees_Affine_Corrected_2026","coordinateVersion":"plot1-affine-corrected-2026-08-12"},"geometry":{"type":"Point","coordinates":[77.0741331248,10.4820524667]}},{"type":"Feature","properties":{"treeNo":"832","plot":"Plot 1","coordinateSource":"Muthu_Farms_Plot1_Trees_Affine_Corrected_2026.gpkg/Plot1_Trees_Affine_Corrected_2026","coordinateVersion":"plot1-affine-corrected-2026-08-12"},"geometry":{"type":"Point","coordinates":[77.0742130883,10.4820444811]}},{"type":"Feature","properties":{"treeNo":"831","plot":"Plot 1","coordinateSource":"Muthu_Farms_Plot1_Trees_Affine_Corrected_2026.gpkg/Plot1_Trees_Affine_Corrected_2026","coordinateVersion":"plot1-affine-corrected-2026-08-12"},"geometry":{"type":"Point","coordinates":[77.0742878782,10.4820355186]}},{"type":"Feature","properties":{"treeNo":"830","plot":"Plot 1","coordinateSource":"Muthu_Farms_Plot1_Trees_Affine_Corrected_2026.gpkg/Plot1_Trees_Affine_Corrected_2026","coordinateVersion":"plot1-affine-corrected-2026-08-12"},"geometry":{"type":"Point","coordinates":[77.0743580613,10.4820307135]}},{"type":"Feature","properties":{"treeNo":"829","plot":"Plot 1","coordinateSource":"Muthu_Farms_Plot1_Trees_Affine_Corrected_2026.gpkg/Plot1_Trees_Affine_Corrected_2026","coordinateVersion":"plot1-affine-corrected-2026-08-12"},"geometry":{"type":"Point","coordinates":[77.0744333625,10.482021232]}},{"type":"Feature","properties":{"treeNo":"828","plot":"Plot 1","coordinateSource":"Muthu_Farms_Plot1_Trees_Affine_Corrected_2026.gpkg/Plot1_Trees_Affine_Corrected_2026","coordinateVersion":"plot1-affine-corrected-2026-08-12"},"geometry":{"type":"Point","coordinates":[77.0744962915,10.4820139286]}},{"type":"Feature","properties":{"treeNo":"827","plot":"Plot 1","coordinateSource":"Muthu_Farms_Plot1_Trees_Affine_Corrected_2026.gpkg/Plot1_Trees_Affine_Corrected_2026","coordinateVersion":"plot1-affine-corrected-2026-08-12"},"geometry":{"type":"Point","coordinates":[77.0745741946,10.4820064772]}},{"type":"Feature","properties":{"treeNo":"826","plot":"Plot 1","coordinateSource":"Muthu_Farms_Plot1_Trees_Affine_Corrected_2026.gpkg/Plot1_Trees_Affine_Corrected_2026","coordinateVersion":"plot1-affine-corrected-2026-08-12"},"geometry":{"type":"Point","coordinates":[77.0746484328,10.4819939224]}},{"type":"Feature","properties":{"treeNo":"825","plot":"Plot 1","coordinateSource":"Muthu_Farms_Plot1_Trees_Affine_Corrected_2026.gpkg/Plot1_Trees_Affine_Corrected_2026","coordinateVersion":"plot1-affine-corrected-2026-08-12"},"geometry":{"type":"Point","coordinates":[77.0747289781,10.4819926126]}},{"type":"Feature","properties":{"treeNo":"824","plot":"Plot 1","coordinateSource":"Muthu_Farms_Plot1_Trees_Affine_Corrected_2026.gpkg/Plot1_Trees_Affine_Corrected_2026","coordinateVersion":"plot1-affine-corrected-2026-08-12"},"geometry":{"type":"Point","coordinates":[77.074803773,10.4819841639]}},{"type":"Feature","properties":{"treeNo":"823","plot":"Plot 1","coordinateSource":"Muthu_Farms_Plot1_Trees_Affine_Corrected_2026.gpkg/Plot1_Trees_Affine_Corrected_2026","coordinateVersion":"plot1-affine-corrected-2026-08-12"},"geometry":{"type":"Point","coordinates":[77.0748774697,10.4819690445]}},{"type":"Feature","properties":{"treeNo":"822","plot":"Plot 1","coordinateSource":"Muthu_Farms_Plot1_Trees_Affine_Corrected_2026.gpkg/Plot1_Trees_Affine_Corrected_2026","coordinateVersion":"plot1-affine-corrected-2026-08-12"},"geometry":{"type":"Point","coordinates":[77.0749378069,10.4819607387]}},{"type":"Feature","properties":{"treeNo":"821","plot":"Plot 1","coordinateSource":"Muthu_Farms_Plot1_Trees_Affine_Corrected_2026.gpkg/Plot1_Trees_Affine_Corrected_2026","coordinateVersion":"plot1-affine-corrected-2026-08-12"},"geometry":{"type":"Point","coordinates":[77.0750146621,10.4819517557]}},{"type":"Feature","properties":{"treeNo":"816","plot":"Plot 1","coordinateSource":"Muthu_Farms_Plot1_Trees_Affine_Corrected_2026.gpkg/Plot1_Trees_Affine_Corrected_2026","coordinateVersion":"plot1-affine-corrected-2026-08-12"},"geometry":{"type":"Point","coordinates":[77.0741292959,10.4819779784]}},{"type":"Feature","properties":{"treeNo":"815","plot":"Plot 1","coordinateSource":"Muthu_Farms_Plot1_Trees_Affine_Corrected_2026.gpkg/Plot1_Trees_Affine_Corrected_2026","coordinateVersion":"plot1-affine-corrected-2026-08-12"},"geometry":{"type":"Point","coordinates":[77.0741958696,10.481973723]}},{"type":"Feature","properties":{"treeNo":"814","plot":"Plot 1","coordinateSource":"Muthu_Farms_Plot1_Trees_Affine_Corrected_2026.gpkg/Plot1_Trees_Affine_Corrected_2026","coordinateVersion":"plot1-affine-corrected-2026-08-12"},"geometry":{"type":"Point","coordinates":[77.074271657,10.4819611529]}},{"type":"Feature","properties":{"treeNo":"813","plot":"Plot 1","coordinateSource":"Muthu_Farms_Plot1_Trees_Affine_Corrected_2026.gpkg/Plot1_Trees_Affine_Corrected_2026","coordinateVersion":"plot1-affine-corrected-2026-08-12"},"geometry":{"type":"Point","coordinates":[77.0743531997,10.4819562355]}},{"type":"Feature","properties":{"treeNo":"812","plot":"Plot 1","coordinateSource":"Muthu_Farms_Plot1_Trees_Affine_Corrected_2026.gpkg/Plot1_Trees_Affine_Corrected_2026","coordinateVersion":"plot1-affine-corrected-2026-08-12"},"geometry":{"type":"Point","coordinates":[77.0744094212,10.4819495124]}},{"type":"Feature","properties":{"treeNo":"811","plot":"Plot 1","coordinateSource":"Muthu_Farms_Plot1_Trees_Affine_Corrected_2026.gpkg/Plot1_Trees_Affine_Corrected_2026","coordinateVersion":"plot1-affine-corrected-2026-08-12"},"geometry":{"type":"Point","coordinates":[77.074496548,10.4819347743]}},{"type":"Feature","properties":{"treeNo":"810","plot":"Plot 1","coordinateSource":"Muthu_Farms_Plot1_Trees_Affine_Corrected_2026.gpkg/Plot1_Trees_Affine_Corrected_2026","coordinateVersion":"plot1-affine-corrected-2026-08-12"},"geometry":{"type":"Point","coordinates":[77.0745605097,10.4819274607]}},{"type":"Feature","properties":{"treeNo":"809","plot":"Plot 1","coordinateSource":"Muthu_Farms_Plot1_Trees_Affine_Corrected_2026.gpkg/Plot1_Trees_Affine_Corrected_2026","coordinateVersion":"plot1-affine-corrected-2026-08-12"},"geometry":{"type":"Point","coordinates":[77.0746306826,10.4819216276]}},{"type":"Feature","properties":{"treeNo":"808","plot":"Plot 1","coordinateSource":"Muthu_Farms_Plot1_Trees_Affine_Corrected_2026.gpkg/Plot1_Trees_Affine_Corrected_2026","coordinateVersion":"plot1-affine-corrected-2026-08-12"},"geometry":{"type":"Point","coordinates":[77.0747064951,10.4819116271]}},{"type":"Feature","properties":{"treeNo":"807","plot":"Plot 1","coordinateSource":"Muthu_Farms_Plot1_Trees_Affine_Corrected_2026.gpkg/Plot1_Trees_Affine_Corrected_2026","coordinateVersion":"plot1-affine-corrected-2026-08-12"},"geometry":{"type":"Point","coordinates":[77.0747936672,10.4819015142]}},{"type":"Feature","properties":{"treeNo":"806","plot":"Plot 1","coordinateSource":"Muthu_Farms_Plot1_Trees_Affine_Corrected_2026.gpkg/Plot1_Trees_Affine_Corrected_2026","coordinateVersion":"plot1-affine-corrected-2026-08-12"},"geometry":{"type":"Point","coordinates":[77.0748597144,10.4818962358]}},{"type":"Feature","properties":{"treeNo":"805","plot":"Plot 1","coordinateSource":"Muthu_Farms_Plot1_Trees_Affine_Corrected_2026.gpkg/Plot1_Trees_Affine_Corrected_2026","coordinateVersion":"plot1-affine-corrected-2026-08-12"},"geometry":{"type":"Point","coordinates":[77.0749298219,10.4818837217]}},{"type":"Feature","properties":{"treeNo":"804","plot":"Plot 1","coordinateSource":"Muthu_Farms_Plot1_Trees_Affine_Corrected_2026.gpkg/Plot1_Trees_Affine_Corrected_2026","coordinateVersion":"plot1-affine-corrected-2026-08-12"},"geometry":{"type":"Point","coordinates":[77.0750180619,10.4818771961]}},{"type":"Feature","properties":{"treeNo":"803","plot":"Plot 1","coordinateSource":"Muthu_Farms_Plot1_Trees_Affine_Corrected_2026.gpkg/Plot1_Trees_Affine_Corrected_2026","coordinateVersion":"plot1-affine-corrected-2026-08-12"},"geometry":{"type":"Point","coordinates":[77.0750836129,10.4818739785]}},{"type":"Feature","properties":{"treeNo":"799","plot":"Plot 1","coordinateSource":"Muthu_Farms_Plot1_Trees_Affine_Corrected_2026.gpkg/Plot1_Trees_Affine_Corrected_2026","coordinateVersion":"plot1-affine-corrected-2026-08-12"},"geometry":{"type":"Point","coordinates":[77.0741295929,10.4819029355]}},{"type":"Feature","properties":{"treeNo":"798","plot":"Plot 1","coordinateSource":"Muthu_Farms_Plot1_Trees_Affine_Corrected_2026.gpkg/Plot1_Trees_Affine_Corrected_2026","coordinateVersion":"plot1-affine-corrected-2026-08-12"},"geometry":{"type":"Point","coordinates":[77.0741920106,10.4818961512]}},{"type":"Feature","properties":{"treeNo":"797","plot":"Plot 1","coordinateSource":"Muthu_Farms_Plot1_Trees_Affine_Corrected_2026.gpkg/Plot1_Trees_Affine_Corrected_2026","coordinateVersion":"plot1-affine-corrected-2026-08-12"},"geometry":{"type":"Point","coordinates":[77.0742673017,10.4818856419]}},{"type":"Feature","properties":{"treeNo":"796","plot":"Plot 1","coordinateSource":"Muthu_Farms_Plot1_Trees_Affine_Corrected_2026.gpkg/Plot1_Trees_Affine_Corrected_2026","coordinateVersion":"plot1-affine-corrected-2026-08-12"},"geometry":{"type":"Point","coordinates":[77.0743318301,10.4818834625]}},{"type":"Feature","properties":{"treeNo":"795","plot":"Plot 1","coordinateSource":"Muthu_Farms_Plot1_Trees_Affine_Corrected_2026.gpkg/Plot1_Trees_Affine_Corrected_2026","coordinateVersion":"plot1-affine-corrected-2026-08-12"},"geometry":{"type":"Point","coordinates":[77.0744066099,10.4818734722]}},{"type":"Feature","properties":{"treeNo":"794","plot":"Plot 1","coordinateSource":"Muthu_Farms_Plot1_Trees_Affine_Corrected_2026.gpkg/Plot1_Trees_Affine_Corrected_2026","coordinateVersion":"plot1-affine-corrected-2026-08-12"},"geometry":{"type":"Point","coordinates":[77.0744804074,10.4818686313]}},{"type":"Feature","properties":{"treeNo":"793","plot":"Plot 1","coordinateSource":"Muthu_Farms_Plot1_Trees_Affine_Corrected_2026.gpkg/Plot1_Trees_Affine_Corrected_2026","coordinateVersion":"plot1-affine-corrected-2026-08-12"},"geometry":{"type":"Point","coordinates":[77.074555162,10.4818560713]}},{"type":"Feature","properties":{"treeNo":"792","plot":"Plot 1","coordinateSource":"Muthu_Farms_Plot1_Trees_Affine_Corrected_2026.gpkg/Plot1_Trees_Affine_Corrected_2026","coordinateVersion":"plot1-affine-corrected-2026-08-12"},"geometry":{"type":"Point","coordinates":[77.0746345838,10.4818455212]}},{"type":"Feature","properties":{"treeNo":"791","plot":"Plot 1","coordinateSource":"Muthu_Farms_Plot1_Trees_Affine_Corrected_2026.gpkg/Plot1_Trees_Affine_Corrected_2026","coordinateVersion":"plot1-affine-corrected-2026-08-12"},"geometry":{"type":"Point","coordinates":[77.0747083258,10.4818350271]}},{"type":"Feature","properties":{"treeNo":"790","plot":"Plot 1","coordinateSource":"Muthu_Farms_Plot1_Trees_Affine_Corrected_2026.gpkg/Plot1_Trees_Affine_Corrected_2026","coordinateVersion":"plot1-affine-corrected-2026-08-12"},"geometry":{"type":"Point","coordinates":[77.0747815616,10.4818255659]}},{"type":"Feature","properties":{"treeNo":"789","plot":"Plot 1","coordinateSource":"Muthu_Farms_Plot1_Trees_Affine_Corrected_2026.gpkg/Plot1_Trees_Affine_Corrected_2026","coordinateVersion":"plot1-affine-corrected-2026-08-12"},"geometry":{"type":"Point","coordinates":[77.0748517446,10.4818207606]}},{"type":"Feature","properties":{"treeNo":"788","plot":"Plot 1","coordinateSource":"Muthu_Farms_Plot1_Trees_Affine_Corrected_2026.gpkg/Plot1_Trees_Affine_Corrected_2026","coordinateVersion":"plot1-affine-corrected-2026-08-12"},"geometry":{"type":"Point","coordinates":[77.0749291414,10.4818143422]}},{"type":"Feature","properties":{"treeNo":"782","plot":"Plot 1","coordinateSource":"Muthu_Farms_Plot1_Trees_Affine_Corrected_2026.gpkg/Plot1_Trees_Affine_Corrected_2026","coordinateVersion":"plot1-affine-corrected-2026-08-12"},"geometry":{"type":"Point","coordinates":[77.074121127,10.481829521]}},{"type":"Feature","properties":{"treeNo":"781","plot":"Plot 1","coordinateSource":"Muthu_Farms_Plot1_Trees_Affine_Corrected_2026.gpkg/Plot1_Trees_Affine_Corrected_2026","coordinateVersion":"plot1-affine-corrected-2026-08-12"},"geometry":{"type":"Point","coordinates":[77.0741845925,10.4818242683]}},{"type":"Feature","properties":{"treeNo":"780","plot":"Plot 1","coordinateSource":"Muthu_Farms_Plot1_Trees_Affine_Corrected_2026.gpkg/Plot1_Trees_Affine_Corrected_2026","coordinateVersion":"plot1-affine-corrected-2026-08-12"},"geometry":{"type":"Point","coordinates":[77.0742588509,10.4818137692]}},{"type":"Feature","properties":{"treeNo":"779","plot":"Plot 1","coordinateSource":"Muthu_Farms_Plot1_Trees_Affine_Corrected_2026.gpkg/Plot1_Trees_Affine_Corrected_2026","coordinateVersion":"plot1-affine-corrected-2026-08-12"},"geometry":{"type":"Point","coordinates":[77.0743192586,10.4818126585]}},{"type":"Feature","properties":{"treeNo":"778","plot":"Plot 1","coordinateSource":"Muthu_Farms_Plot1_Trees_Affine_Corrected_2026.gpkg/Plot1_Trees_Affine_Corrected_2026","coordinateVersion":"plot1-affine-corrected-2026-08-12"},"geometry":{"type":"Point","coordinates":[77.0743884039,10.4818073496]}},{"type":"Feature","properties":{"treeNo":"777","plot":"Plot 1","coordinateSource":"Muthu_Farms_Plot1_Trees_Affine_Corrected_2026.gpkg/Plot1_Trees_Affine_Corrected_2026","coordinateVersion":"plot1-affine-corrected-2026-08-12"},"geometry":{"type":"Point","coordinates":[77.0744651987,10.4817921996]}},{"type":"Feature","properties":{"treeNo":"776","plot":"Plot 1","coordinateSource":"Muthu_Farms_Plot1_Trees_Affine_Corrected_2026.gpkg/Plot1_Trees_Affine_Corrected_2026","coordinateVersion":"plot1-affine-corrected-2026-08-12"},"geometry":{"type":"Point","coordinates":[77.0745436231,10.4817852571]}},{"type":"Feature","properties":{"treeNo":"775","plot":"Plot 1","coordinateSource":"Muthu_Farms_Plot1_Trees_Affine_Corrected_2026.gpkg/Plot1_Trees_Affine_Corrected_2026","coordinateVersion":"plot1-affine-corrected-2026-08-12"},"geometry":{"type":"Point","coordinates":[77.0746225034,10.4817721424]}},{"type":"Feature","properties":{"treeNo":"774","plot":"Plot 1","coordinateSource":"Muthu_Farms_Plot1_Trees_Affine_Corrected_2026.gpkg/Plot1_Trees_Affine_Corrected_2026","coordinateVersion":"plot1-affine-corrected-2026-08-12"},"geometry":{"type":"Point","coordinates":[77.0746962555,10.4817626762]}},{"type":"Feature","properties":{"treeNo":"773","plot":"Plot 1","coordinateSource":"Muthu_Farms_Plot1_Trees_Affine_Corrected_2026.gpkg/Plot1_Trees_Affine_Corrected_2026","coordinateVersion":"plot1-affine-corrected-2026-08-12"},"geometry":{"type":"Point","coordinates":[77.0747736674,10.4817577995]}},{"type":"Feature","properties":{"treeNo":"772","plot":"Plot 1","coordinateSource":"Muthu_Farms_Plot1_Trees_Affine_Corrected_2026.gpkg/Plot1_Trees_Affine_Corrected_2026","coordinateVersion":"plot1-affine-corrected-2026-08-12"},"geometry":{"type":"Point","coordinates":[77.0748422308,10.4817458147]}},{"type":"Feature","properties":{"treeNo":"771","plot":"Plot 1","coordinateSource":"Muthu_Farms_Plot1_Trees_Affine_Corrected_2026.gpkg/Plot1_Trees_Affine_Corrected_2026","coordinateVersion":"plot1-affine-corrected-2026-08-12"},"geometry":{"type":"Point","coordinates":[77.0749227054,10.4817373099]}},{"type":"Feature","properties":{"treeNo":"770","plot":"Plot 1","coordinateSource":"Muthu_Farms_Plot1_Trees_Affine_Corrected_2026.gpkg/Plot1_Trees_Affine_Corrected_2026","coordinateVersion":"plot1-affine-corrected-2026-08-12"},"geometry":{"type":"Point","coordinates":[77.0749851382,10.4817320672]}},{"type":"Feature","properties":{"treeNo":"769","plot":"Plot 1","coordinateSource":"Muthu_Farms_Plot1_Trees_Affine_Corrected_2026.gpkg/Plot1_Trees_Affine_Corrected_2026","coordinateVersion":"plot1-affine-corrected-2026-08-12"},"geometry":{"type":"Point","coordinates":[77.0750629958,10.4817199905]}},{"type":"Feature","properties":{"treeNo":"768","plot":"Plot 1","coordinateSource":"Muthu_Farms_Plot1_Trees_Affine_Corrected_2026.gpkg/Plot1_Trees_Affine_Corrected_2026","coordinateVersion":"plot1-affine-corrected-2026-08-12"},"geometry":{"type":"Point","coordinates":[77.0751419214,10.481711501]}},{"type":"Feature","properties":{"treeNo":"765","plot":"Plot 1","coordinateSource":"Muthu_Farms_Plot1_Trees_Affine_Corrected_2026.gpkg/Plot1_Trees_Affine_Corrected_2026","coordinateVersion":"plot1-affine-corrected-2026-08-12"},"geometry":{"type":"Point","coordinates":[77.074126777,10.4817605929]}},{"type":"Feature","properties":{"treeNo":"764","plot":"Plot 1","coordinateSource":"Muthu_Farms_Plot1_Trees_Affine_Corrected_2026.gpkg/Plot1_Trees_Affine_Corrected_2026","coordinateVersion":"plot1-affine-corrected-2026-08-12"},"geometry":{"type":"Point","coordinates":[77.0741757192,10.481748802]}},{"type":"Feature","properties":{"treeNo":"763","plot":"Plot 1","coordinateSource":"Muthu_Farms_Plot1_Trees_Affine_Corrected_2026.gpkg/Plot1_Trees_Affine_Corrected_2026","coordinateVersion":"plot1-affine-corrected-2026-08-12"},"geometry":{"type":"Point","coordinates":[77.0742423181,10.4817471161]}},{"type":"Feature","properties":{"treeNo":"762","plot":"Plot 1","coordinateSource":"Muthu_Farms_Plot1_Trees_Affine_Corrected_2026.gpkg/Plot1_Trees_Affine_Corrected_2026","coordinateVersion":"plot1-affine-corrected-2026-08-12"},"geometry":{"type":"Point","coordinates":[77.0743191783,10.4817386472]}},{"type":"Feature","properties":{"treeNo":"761","plot":"Plot 1","coordinateSource":"Muthu_Farms_Plot1_Trees_Affine_Corrected_2026.gpkg/Plot1_Trees_Affine_Corrected_2026","coordinateVersion":"plot1-affine-corrected-2026-08-12"},"geometry":{"type":"Point","coordinates":[77.0743950009,10.4817296746]}},{"type":"Feature","properties":{"treeNo":"760","plot":"Plot 1","coordinateSource":"Muthu_Farms_Plot1_Trees_Affine_Corrected_2026.gpkg/Plot1_Trees_Affine_Corrected_2026","coordinateVersion":"plot1-affine-corrected-2026-08-12"},"geometry":{"type":"Point","coordinates":[77.0744527512,10.4817208804]}},{"type":"Feature","properties":{"treeNo":"759","plot":"Plot 1","coordinateSource":"Muthu_Farms_Plot1_Trees_Affine_Corrected_2026.gpkg/Plot1_Trees_Affine_Corrected_2026","coordinateVersion":"plot1-affine-corrected-2026-08-12"},"geometry":{"type":"Point","coordinates":[77.074542495,10.4817097143]}},{"type":"Feature","properties":{"treeNo":"758","plot":"Plot 1","coordinateSource":"Muthu_Farms_Plot1_Trees_Affine_Corrected_2026.gpkg/Plot1_Trees_Affine_Corrected_2026","coordinateVersion":"plot1-affine-corrected-2026-08-12"},"geometry":{"type":"Point","coordinates":[77.0746023308,10.4817029555]}},{"type":"Feature","properties":{"treeNo":"757","plot":"Plot 1","coordinateSource":"Muthu_Farms_Plot1_Trees_Affine_Corrected_2026.gpkg/Plot1_Trees_Affine_Corrected_2026","coordinateVersion":"plot1-affine-corrected-2026-08-12"},"geometry":{"type":"Point","coordinates":[77.0746745188,10.4816919628]}},{"type":"Feature","properties":{"treeNo":"756","plot":"Plot 1","coordinateSource":"Muthu_Farms_Plot1_Trees_Affine_Corrected_2026.gpkg/Plot1_Trees_Affine_Corrected_2026","coordinateVersion":"plot1-affine-corrected-2026-08-12"},"geometry":{"type":"Point","coordinates":[77.0747515489,10.4816744976]}},{"type":"Feature","properties":{"treeNo":"755","plot":"Plot 1","coordinateSource":"Muthu_Farms_Plot1_Trees_Affine_Corrected_2026.gpkg/Plot1_Trees_Affine_Corrected_2026","coordinateVersion":"plot1-affine-corrected-2026-08-12"},"geometry":{"type":"Point","coordinates":[77.074833732,10.4816690598]}},{"type":"Feature","properties":{"treeNo":"754","plot":"Plot 1","coordinateSource":"Muthu_Farms_Plot1_Trees_Affine_Corrected_2026.gpkg/Plot1_Trees_Affine_Corrected_2026","coordinateVersion":"plot1-affine-corrected-2026-08-12"},"geometry":{"type":"Point","coordinates":[77.0749045717,10.4816654045]}},{"type":"Feature","properties":{"treeNo":"753","plot":"Plot 1","coordinateSource":"Muthu_Farms_Plot1_Trees_Affine_Corrected_2026.gpkg/Plot1_Trees_Affine_Corrected_2026","coordinateVersion":"plot1-affine-corrected-2026-08-12"},"geometry":{"type":"Point","coordinates":[77.074982986,10.481657434]}},{"type":"Feature","properties":{"treeNo":"752","plot":"Plot 1","coordinateSource":"Muthu_Farms_Plot1_Trees_Affine_Corrected_2026.gpkg/Plot1_Trees_Affine_Corrected_2026","coordinateVersion":"plot1-affine-corrected-2026-08-12"},"geometry":{"type":"Point","coordinates":[77.0750603424,10.4816469041]}},{"type":"Feature","properties":{"treeNo":"751","plot":"Plot 1","coordinateSource":"Muthu_Farms_Plot1_Trees_Affine_Corrected_2026.gpkg/Plot1_Trees_Affine_Corrected_2026","coordinateVersion":"plot1-affine-corrected-2026-08-12"},"geometry":{"type":"Point","coordinates":[77.0751258379,10.4816380334]}},{"type":"Feature","properties":{"treeNo":"750","plot":"Plot 1","coordinateSource":"Muthu_Farms_Plot1_Trees_Affine_Corrected_2026.gpkg/Plot1_Trees_Affine_Corrected_2026","coordinateVersion":"plot1-affine-corrected-2026-08-12"},"geometry":{"type":"Point","coordinates":[77.075203154,10.4816233921]}},{"type":"Feature","properties":{"treeNo":"749","plot":"Plot 1","coordinateSource":"Muthu_Farms_Plot1_Trees_Affine_Corrected_2026.gpkg/Plot1_Trees_Affine_Corrected_2026","coordinateVersion":"plot1-affine-corrected-2026-08-12"},"geometry":{"type":"Point","coordinates":[77.0752708157,10.4816247793]}},{"type":"Feature","properties":{"treeNo":"767","plot":"Plot 1","coordinateSource":"Muthu_Farms_Plot1_Trees_Affine_Corrected_2026.gpkg/Plot1_Trees_Affine_Corrected_2026","coordinateVersion":"plot1-affine-corrected-2026-08-12"},"geometry":{"type":"Point","coordinates":[77.0752111743,10.4817040065]}},{"type":"Feature","properties":{"treeNo":"766","plot":"Plot 1","coordinateSource":"Muthu_Farms_Plot1_Trees_Affine_Corrected_2026.gpkg/Plot1_Trees_Affine_Corrected_2026","coordinateVersion":"plot1-affine-corrected-2026-08-12"},"geometry":{"type":"Point","coordinates":[77.075270524,10.4817003361]}},{"type":"Feature","properties":{"treeNo":"783","plot":"Plot 1","coordinateSource":"Muthu_Farms_Plot1_Trees_Affine_Corrected_2026.gpkg/Plot1_Trees_Affine_Corrected_2026","coordinateVersion":"plot1-affine-corrected-2026-08-12"},"geometry":{"type":"Point","coordinates":[77.0752825491,10.4817680616]}},{"type":"Feature","properties":{"treeNo":"784","plot":"Plot 1","coordinateSource":"Muthu_Farms_Plot1_Trees_Affine_Corrected_2026.gpkg/Plot1_Trees_Affine_Corrected_2026","coordinateVersion":"plot1-affine-corrected-2026-08-12"},"geometry":{"type":"Point","coordinates":[77.0752243178,10.4817804585]}},{"type":"Feature","properties":{"treeNo":"785","plot":"Plot 1","coordinateSource":"Muthu_Farms_Plot1_Trees_Affine_Corrected_2026.gpkg/Plot1_Trees_Affine_Corrected_2026","coordinateVersion":"plot1-affine-corrected-2026-08-12"},"geometry":{"type":"Point","coordinates":[77.0751412462,10.481787447]}},{"type":"Feature","properties":{"treeNo":"786","plot":"Plot 1","coordinateSource":"Muthu_Farms_Plot1_Trees_Affine_Corrected_2026.gpkg/Plot1_Trees_Affine_Corrected_2026","coordinateVersion":"plot1-affine-corrected-2026-08-12"},"geometry":{"type":"Point","coordinates":[77.0750752192,10.4817947812]}},{"type":"Feature","properties":{"treeNo":"787","plot":"Plot 1","coordinateSource":"Muthu_Farms_Plot1_Trees_Affine_Corrected_2026.gpkg/Plot1_Trees_Affine_Corrected_2026","coordinateVersion":"plot1-affine-corrected-2026-08-12"},"geometry":{"type":"Point","coordinates":[77.0750040212,10.4818013954]}},{"type":"Feature","properties":{"treeNo":"802","plot":"Plot 1","coordinateSource":"Muthu_Farms_Plot1_Trees_Affine_Corrected_2026.gpkg/Plot1_Trees_Affine_Corrected_2026","coordinateVersion":"plot1-affine-corrected-2026-08-12"},"geometry":{"type":"Point","coordinates":[77.0751525523,10.4818608334]}},{"type":"Feature","properties":{"treeNo":"801","plot":"Plot 1","coordinateSource":"Muthu_Farms_Plot1_Trees_Affine_Corrected_2026.gpkg/Plot1_Trees_Affine_Corrected_2026","coordinateVersion":"plot1-affine-corrected-2026-08-12"},"geometry":{"type":"Point","coordinates":[77.075227104,10.481853929]}},{"type":"Feature","properties":{"treeNo":"800","plot":"Plot 1","coordinateSource":"Muthu_Farms_Plot1_Trees_Affine_Corrected_2026.gpkg/Plot1_Trees_Affine_Corrected_2026","coordinateVersion":"plot1-affine-corrected-2026-08-12"},"geometry":{"type":"Point","coordinates":[77.0753024051,10.4818444473]}},{"type":"Feature","properties":{"treeNo":"817","plot":"Plot 1","coordinateSource":"Muthu_Farms_Plot1_Trees_Affine_Corrected_2026.gpkg/Plot1_Trees_Affine_Corrected_2026","coordinateVersion":"plot1-affine-corrected-2026-08-12"},"geometry":{"type":"Point","coordinates":[77.0753041588,10.481917928]}},{"type":"Feature","properties":{"treeNo":"818","plot":"Plot 1","coordinateSource":"Muthu_Farms_Plot1_Trees_Affine_Corrected_2026.gpkg/Plot1_Trees_Affine_Corrected_2026","coordinateVersion":"plot1-affine-corrected-2026-08-12"},"geometry":{"type":"Point","coordinates":[77.0752474386,10.4819264551]}},{"type":"Feature","properties":{"treeNo":"819","plot":"Plot 1","coordinateSource":"Muthu_Farms_Plot1_Trees_Affine_Corrected_2026.gpkg/Plot1_Trees_Affine_Corrected_2026","coordinateVersion":"plot1-affine-corrected-2026-08-12"},"geometry":{"type":"Point","coordinates":[77.0751589555,10.4819345251]}},{"type":"Feature","properties":{"treeNo":"820","plot":"Plot 1","coordinateSource":"Muthu_Farms_Plot1_Trees_Affine_Corrected_2026.gpkg/Plot1_Trees_Affine_Corrected_2026","coordinateVersion":"plot1-affine-corrected-2026-08-12"},"geometry":{"type":"Point","coordinates":[77.075097029,10.4819387349]}},{"type":"Feature","properties":{"treeNo":"748","plot":"Plot 1","coordinateSource":"Muthu_Farms_Plot1_Trees_Affine_Corrected_2026.gpkg/Plot1_Trees_Affine_Corrected_2026","coordinateVersion":"plot1-affine-corrected-2026-08-12"},"geometry":{"type":"Point","coordinates":[77.0741517617,10.4816754121]}},{"type":"Feature","properties":{"treeNo":"747","plot":"Plot 1","coordinateSource":"Muthu_Farms_Plot1_Trees_Affine_Corrected_2026.gpkg/Plot1_Trees_Affine_Corrected_2026","coordinateVersion":"plot1-affine-corrected-2026-08-12"},"geometry":{"type":"Point","coordinates":[77.0742307377,10.481672062]}},{"type":"Feature","properties":{"treeNo":"746","plot":"Plot 1","coordinateSource":"Muthu_Farms_Plot1_Trees_Affine_Corrected_2026.gpkg/Plot1_Trees_Affine_Corrected_2026","coordinateVersion":"plot1-affine-corrected-2026-08-12"},"geometry":{"type":"Point","coordinates":[77.0743112174,10.4816640713]}},{"type":"Feature","properties":{"treeNo":"745","plot":"Plot 1","coordinateSource":"Muthu_Farms_Plot1_Trees_Affine_Corrected_2026.gpkg/Plot1_Trees_Affine_Corrected_2026","coordinateVersion":"plot1-affine-corrected-2026-08-12"},"geometry":{"type":"Point","coordinates":[77.0743833902,10.4816515369]}},{"type":"Feature","properties":{"treeNo":"744","plot":"Plot 1","coordinateSource":"Muthu_Farms_Plot1_Trees_Affine_Corrected_2026.gpkg/Plot1_Trees_Affine_Corrected_2026","coordinateVersion":"plot1-affine-corrected-2026-08-12"},"geometry":{"type":"Point","coordinates":[77.0744489312,10.4816472916]}},{"type":"Feature","properties":{"treeNo":"743","plot":"Plot 1","coordinateSource":"Muthu_Farms_Plot1_Trees_Affine_Corrected_2026.gpkg/Plot1_Trees_Affine_Corrected_2026","coordinateVersion":"plot1-affine-corrected-2026-08-12"},"geometry":{"type":"Point","coordinates":[77.07451957,10.4816363143]}},{"type":"Feature","properties":{"treeNo":"742","plot":"Plot 1","coordinateSource":"Muthu_Farms_Plot1_Trees_Affine_Corrected_2026.gpkg/Plot1_Trees_Affine_Corrected_2026","coordinateVersion":"plot1-affine-corrected-2026-08-12"},"geometry":{"type":"Point","coordinates":[77.0745866247,10.4816284561]}},{"type":"Feature","properties":{"treeNo":"741","plot":"Plot 1","coordinateSource":"Muthu_Farms_Plot1_Trees_Affine_Corrected_2026.gpkg/Plot1_Trees_Affine_Corrected_2026","coordinateVersion":"plot1-affine-corrected-2026-08-12"},"geometry":{"type":"Point","coordinates":[77.0746738572,10.4816245104]}},{"type":"Feature","properties":{"treeNo":"740","plot":"Plot 1","coordinateSource":"Muthu_Farms_Plot1_Trees_Affine_Corrected_2026.gpkg/Plot1_Trees_Affine_Corrected_2026","coordinateVersion":"plot1-affine-corrected-2026-08-12"},"geometry":{"type":"Point","coordinates":[77.074740325,10.4816094624]}},{"type":"Feature","properties":{"treeNo":"739","plot":"Plot 1","coordinateSource":"Muthu_Farms_Plot1_Trees_Affine_Corrected_2026.gpkg/Plot1_Trees_Affine_Corrected_2026","coordinateVersion":"plot1-affine-corrected-2026-08-12"},"geometry":{"type":"Point","coordinates":[77.0748233713,10.4815999044]}},{"type":"Feature","properties":{"treeNo":"738","plot":"Plot 1","coordinateSource":"Muthu_Farms_Plot1_Trees_Affine_Corrected_2026.gpkg/Plot1_Trees_Affine_Corrected_2026","coordinateVersion":"plot1-affine-corrected-2026-08-12"},"geometry":{"type":"Point","coordinates":[77.0748950529,10.4815899446]}},{"type":"Feature","properties":{"treeNo":"737","plot":"Plot 1","coordinateSource":"Muthu_Farms_Plot1_Trees_Affine_Corrected_2026.gpkg/Plot1_Trees_Affine_Corrected_2026","coordinateVersion":"plot1-affine-corrected-2026-08-12"},"geometry":{"type":"Point","coordinates":[77.0749822602,10.4815834291]}},{"type":"Feature","properties":{"treeNo":"736","plot":"Plot 1","coordinateSource":"Muthu_Farms_Plot1_Trees_Affine_Corrected_2026.gpkg/Plot1_Trees_Affine_Corrected_2026","coordinateVersion":"plot1-affine-corrected-2026-08-12"},"geometry":{"type":"Point","coordinates":[77.0750508185,10.4815709303]}},{"type":"Feature","properties":{"treeNo":"735","plot":"Plot 1","coordinateSource":"Muthu_Farms_Plot1_Trees_Affine_Corrected_2026.gpkg/Plot1_Trees_Affine_Corrected_2026","coordinateVersion":"plot1-affine-corrected-2026-08-12"},"geometry":{"type":"Point","coordinates":[77.0751147498,10.4815605331]}},{"type":"Feature","properties":{"treeNo":"734","plot":"Plot 1","coordinateSource":"Muthu_Farms_Plot1_Trees_Affine_Corrected_2026.gpkg/Plot1_Trees_Affine_Corrected_2026","coordinateVersion":"plot1-affine-corrected-2026-08-12"},"geometry":{"type":"Point","coordinates":[77.0751900256,10.4815484818]}},{"type":"Feature","properties":{"treeNo":"733","plot":"Plot 1","coordinateSource":"Muthu_Farms_Plot1_Trees_Affine_Corrected_2026.gpkg/Plot1_Trees_Affine_Corrected_2026","coordinateVersion":"plot1-affine-corrected-2026-08-12"},"geometry":{"type":"Point","coordinates":[77.0752492425,10.4815444273]}},{"type":"Feature","properties":{"treeNo":"717","plot":"Plot 1","coordinateSource":"Muthu_Farms_Plot1_Trees_Affine_Corrected_2026.gpkg/Plot1_Trees_Affine_Corrected_2026","coordinateVersion":"plot1-affine-corrected-2026-08-12"},"geometry":{"type":"Point","coordinates":[77.0752455601,10.4814717366]}},{"type":"Feature","properties":{"treeNo":"718","plot":"Plot 1","coordinateSource":"Muthu_Farms_Plot1_Trees_Affine_Corrected_2026.gpkg/Plot1_Trees_Affine_Corrected_2026","coordinateVersion":"plot1-affine-corrected-2026-08-12"},"geometry":{"type":"Point","coordinates":[77.0751913991,10.4814779256]}},{"type":"Feature","properties":{"treeNo":"719","plot":"Plot 1","coordinateSource":"Muthu_Farms_Plot1_Trees_Affine_Corrected_2026.gpkg/Plot1_Trees_Affine_Corrected_2026","coordinateVersion":"plot1-affine-corrected-2026-08-12"},"geometry":{"type":"Point","coordinates":[77.0751155868,10.4814879262]}},{"type":"Feature","properties":{"treeNo":"720","plot":"Plot 1","coordinateSource":"Muthu_Farms_Plot1_Trees_Affine_Corrected_2026.gpkg/Plot1_Trees_Affine_Corrected_2026","coordinateVersion":"plot1-affine-corrected-2026-08-12"},"geometry":{"type":"Point","coordinates":[77.0750284501,10.4815016366]}},{"type":"Feature","properties":{"treeNo":"721","plot":"Plot 1","coordinateSource":"Muthu_Farms_Plot1_Trees_Affine_Corrected_2026.gpkg/Plot1_Trees_Affine_Corrected_2026","coordinateVersion":"plot1-affine-corrected-2026-08-12"},"geometry":{"type":"Point","coordinates":[77.0749614056,10.4815105226]}},{"type":"Feature","properties":{"treeNo":"722","plot":"Plot 1","coordinateSource":"Muthu_Farms_Plot1_Trees_Affine_Corrected_2026.gpkg/Plot1_Trees_Affine_Corrected_2026","coordinateVersion":"plot1-affine-corrected-2026-08-12"},"geometry":{"type":"Point","coordinates":[77.0748922553,10.4815153177]}},{"type":"Feature","properties":{"treeNo":"723","plot":"Plot 1","coordinateSource":"Muthu_Farms_Plot1_Trees_Affine_Corrected_2026.gpkg/Plot1_Trees_Affine_Corrected_2026","coordinateVersion":"plot1-affine-corrected-2026-08-12"},"geometry":{"type":"Point","coordinates":[77.0748190197,10.4815247789]}},{"type":"Feature","properties":{"treeNo":"724","plot":"Plot 1","coordinateSource":"Muthu_Farms_Plot1_Trees_Affine_Corrected_2026.gpkg/Plot1_Trees_Affine_Corrected_2026","coordinateVersion":"plot1-affine-corrected-2026-08-12"},"geometry":{"type":"Point","coordinates":[77.0747406507,10.4815373746]}},{"type":"Feature","properties":{"treeNo":"725","plot":"Plot 1","coordinateSource":"Muthu_Farms_Plot1_Trees_Affine_Corrected_2026.gpkg/Plot1_Trees_Affine_Corrected_2026","coordinateVersion":"plot1-affine-corrected-2026-08-12"},"geometry":{"type":"Point","coordinates":[77.0746694704,10.4815457875]}},{"type":"Feature","properties":{"treeNo":"726","plot":"Plot 1","coordinateSource":"Muthu_Farms_Plot1_Trees_Affine_Corrected_2026.gpkg/Plot1_Trees_Affine_Corrected_2026","coordinateVersion":"plot1-affine-corrected-2026-08-12"},"geometry":{"type":"Point","coordinates":[77.0745858976,10.4815543228]}},{"type":"Feature","properties":{"treeNo":"727","plot":"Plot 1","coordinateSource":"Muthu_Farms_Plot1_Trees_Affine_Corrected_2026.gpkg/Plot1_Trees_Affine_Corrected_2026","coordinateVersion":"plot1-affine-corrected-2026-08-12"},"geometry":{"type":"Point","coordinates":[77.074518367,10.4815662974]}},{"type":"Feature","properties":{"treeNo":"728","plot":"Plot 1","coordinateSource":"Muthu_Farms_Plot1_Trees_Affine_Corrected_2026.gpkg/Plot1_Trees_Affine_Corrected_2026","coordinateVersion":"plot1-affine-corrected-2026-08-12"},"geometry":{"type":"Point","coordinates":[77.0744450909,10.4815716471]}},{"type":"Feature","properties":{"treeNo":"729","plot":"Plot 1","coordinateSource":"Muthu_Farms_Plot1_Trees_Affine_Corrected_2026.gpkg/Plot1_Trees_Affine_Corrected_2026","coordinateVersion":"plot1-affine-corrected-2026-08-12"},"geometry":{"type":"Point","coordinates":[77.0743739055,10.481579546]}},{"type":"Feature","properties":{"treeNo":"730","plot":"Plot 1","coordinateSource":"Muthu_Farms_Plot1_Trees_Affine_Corrected_2026.gpkg/Plot1_Trees_Affine_Corrected_2026","coordinateVersion":"plot1-affine-corrected-2026-08-12"},"geometry":{"type":"Point","coordinates":[77.0743012063,10.4815910576]}},{"type":"Feature","properties":{"treeNo":"731","plot":"Plot 1","coordinateSource":"Muthu_Farms_Plot1_Trees_Affine_Corrected_2026.gpkg/Plot1_Trees_Affine_Corrected_2026","coordinateVersion":"plot1-affine-corrected-2026-08-12"},"geometry":{"type":"Point","coordinates":[77.0742223512,10.4816067419]}},{"type":"Feature","properties":{"treeNo":"732","plot":"Plot 1","coordinateSource":"Muthu_Farms_Plot1_Trees_Affine_Corrected_2026.gpkg/Plot1_Trees_Affine_Corrected_2026","coordinateVersion":"plot1-affine-corrected-2026-08-12"},"geometry":{"type":"Point","coordinates":[77.0741511305,10.4816110432]}},{"type":"Feature","properties":{"treeNo":"716","plot":"Plot 1","coordinateSource":"Muthu_Farms_Plot1_Trees_Affine_Corrected_2026.gpkg/Plot1_Trees_Affine_Corrected_2026","coordinateVersion":"plot1-affine-corrected-2026-08-12"},"geometry":{"type":"Point","coordinates":[77.0741550116,10.4815328811]}},{"type":"Feature","properties":{"treeNo":"715","plot":"Plot 1","coordinateSource":"Muthu_Farms_Plot1_Trees_Affine_Corrected_2026.gpkg/Plot1_Trees_Affine_Corrected_2026","coordinateVersion":"plot1-affine-corrected-2026-08-12"},"geometry":{"type":"Point","coordinates":[77.0742174242,10.4815255829]}},{"type":"Feature","properties":{"treeNo":"714","plot":"Plot 1","coordinateSource":"Muthu_Farms_Plot1_Trees_Affine_Corrected_2026.gpkg/Plot1_Trees_Affine_Corrected_2026","coordinateVersion":"plot1-affine-corrected-2026-08-12"},"geometry":{"type":"Point","coordinates":[77.074283426,10.4815156793]}},{"type":"Feature","properties":{"treeNo":"713","plot":"Plot 1","coordinateSource":"Muthu_Farms_Plot1_Trees_Affine_Corrected_2026.gpkg/Plot1_Trees_Affine_Corrected_2026","coordinateVersion":"plot1-affine-corrected-2026-08-12"},"geometry":{"type":"Point","coordinates":[77.0743576742,10.4815041524]}},{"type":"Feature","properties":{"treeNo":"712","plot":"Plot 1","coordinateSource":"Muthu_Farms_Plot1_Trees_Affine_Corrected_2026.gpkg/Plot1_Trees_Affine_Corrected_2026","coordinateVersion":"plot1-affine-corrected-2026-08-12"},"geometry":{"type":"Point","coordinates":[77.0744381791,10.4814987313]}},{"type":"Feature","properties":{"treeNo":"711","plot":"Plot 1","coordinateSource":"Muthu_Farms_Plot1_Trees_Affine_Corrected_2026.gpkg/Plot1_Trees_Affine_Corrected_2026","coordinateVersion":"plot1-affine-corrected-2026-08-12"},"geometry":{"type":"Point","coordinates":[77.0745098859,10.4814913412]}},{"type":"Feature","properties":{"treeNo":"710","plot":"Plot 1","coordinateSource":"Muthu_Farms_Plot1_Trees_Affine_Corrected_2026.gpkg/Plot1_Trees_Affine_Corrected_2026","coordinateVersion":"plot1-affine-corrected-2026-08-12"},"geometry":{"type":"Point","coordinates":[77.074578419,10.4814762728]}},{"type":"Feature","properties":{"treeNo":"709","plot":"Plot 1","coordinateSource":"Muthu_Farms_Plot1_Trees_Affine_Corrected_2026.gpkg/Plot1_Trees_Affine_Corrected_2026","coordinateVersion":"plot1-affine-corrected-2026-08-12"},"geometry":{"type":"Point","coordinates":[77.0746569039,10.4814754974]}},{"type":"Feature","properties":{"treeNo":"708","plot":"Plot 1","coordinateSource":"Muthu_Farms_Plot1_Trees_Affine_Corrected_2026.gpkg/Plot1_Trees_Affine_Corrected_2026","coordinateVersion":"plot1-affine-corrected-2026-08-12"},"geometry":{"type":"Point","coordinates":[77.0747290716,10.481462449]}},{"type":"Feature","properties":{"treeNo":"707","plot":"Plot 1","coordinateSource":"Muthu_Farms_Plot1_Trees_Affine_Corrected_2026.gpkg/Plot1_Trees_Affine_Corrected_2026","coordinateVersion":"plot1-affine-corrected-2026-08-12"},"geometry":{"type":"Point","coordinates":[77.0748049242,10.4814565598]}},{"type":"Feature","properties":{"treeNo":"706","plot":"Plot 1","coordinateSource":"Muthu_Farms_Plot1_Trees_Affine_Corrected_2026.gpkg/Plot1_Trees_Affine_Corrected_2026","coordinateVersion":"plot1-affine-corrected-2026-08-12"},"geometry":{"type":"Point","coordinates":[77.074875558,10.4814450685]}},{"type":"Feature","properties":{"treeNo":"705","plot":"Plot 1","coordinateSource":"Muthu_Farms_Plot1_Trees_Affine_Corrected_2026.gpkg/Plot1_Trees_Affine_Corrected_2026","coordinateVersion":"plot1-affine-corrected-2026-08-12"},"geometry":{"type":"Point","coordinates":[77.074943139,10.481438233]}},{"type":"Feature","properties":{"treeNo":"704","plot":"Plot 1","coordinateSource":"Muthu_Farms_Plot1_Trees_Affine_Corrected_2026.gpkg/Plot1_Trees_Affine_Corrected_2026","coordinateVersion":"plot1-affine-corrected-2026-08-12"},"geometry":{"type":"Point","coordinates":[77.0750272129,10.4814281508]}},{"type":"Feature","properties":{"treeNo":"703","plot":"Plot 1","coordinateSource":"Muthu_Farms_Plot1_Trees_Affine_Corrected_2026.gpkg/Plot1_Trees_Affine_Corrected_2026","coordinateVersion":"plot1-affine-corrected-2026-08-12"},"geometry":{"type":"Point","coordinates":[77.0751045491,10.4814155652]}},{"type":"Feature","properties":{"treeNo":"702","plot":"Plot 1","coordinateSource":"Muthu_Farms_Plot1_Trees_Affine_Corrected_2026.gpkg/Plot1_Trees_Affine_Corrected_2026","coordinateVersion":"plot1-affine-corrected-2026-08-12"},"geometry":{"type":"Point","coordinates":[77.0751824671,10.4814096555]}},{"type":"Feature","properties":{"treeNo":"701","plot":"Plot 1","coordinateSource":"Muthu_Farms_Plot1_Trees_Affine_Corrected_2026.gpkg/Plot1_Trees_Affine_Corrected_2026","coordinateVersion":"plot1-affine-corrected-2026-08-12"},"geometry":{"type":"Point","coordinates":[77.0752350942,10.4814050237]}},{"type":"Feature","properties":{"treeNo":"685","plot":"Plot 1","coordinateSource":"Muthu_Farms_Plot1_Trees_Affine_Corrected_2026.gpkg/Plot1_Trees_Affine_Corrected_2026","coordinateVersion":"plot1-affine-corrected-2026-08-12"},"geometry":{"type":"Point","coordinates":[77.0752307589,10.4813315685]}},{"type":"Feature","properties":{"treeNo":"686","plot":"Plot 1","coordinateSource":"Muthu_Farms_Plot1_Trees_Affine_Corrected_2026.gpkg/Plot1_Trees_Affine_Corrected_2026","coordinateVersion":"plot1-affine-corrected-2026-08-12"},"geometry":{"type":"Point","coordinates":[77.0751579842,10.4813353714]}},{"type":"Feature","properties":{"treeNo":"687","plot":"Plot 1","coordinateSource":"Muthu_Farms_Plot1_Trees_Affine_Corrected_2026.gpkg/Plot1_Trees_Affine_Corrected_2026","coordinateVersion":"plot1-affine-corrected-2026-08-12"},"geometry":{"type":"Point","coordinates":[77.0750889247,10.4813494171]}},{"type":"Feature","properties":{"treeNo":"688","plot":"Plot 1","coordinateSource":"Muthu_Farms_Plot1_Trees_Affine_Corrected_2026.gpkg/Plot1_Trees_Affine_Corrected_2026","coordinateVersion":"plot1-affine-corrected-2026-08-12"},"geometry":{"type":"Point","coordinates":[77.075014606,10.4813537493]}},{"type":"Feature","properties":{"treeNo":"689","plot":"Plot 1","coordinateSource":"Muthu_Farms_Plot1_Trees_Affine_Corrected_2026.gpkg/Plot1_Trees_Affine_Corrected_2026","coordinateVersion":"plot1-affine-corrected-2026-08-12"},"geometry":{"type":"Point","coordinates":[77.0749491206,10.4813636479]}},{"type":"Feature","properties":{"treeNo":"690","plot":"Plot 1","coordinateSource":"Muthu_Farms_Plot1_Trees_Affine_Corrected_2026.gpkg/Plot1_Trees_Affine_Corrected_2026","coordinateVersion":"plot1-affine-corrected-2026-08-12"},"geometry":{"type":"Point","coordinates":[77.074872326,10.481378798]}},{"type":"Feature","properties":{"treeNo":"691","plot":"Plot 1","coordinateSource":"Muthu_Farms_Plot1_Trees_Affine_Corrected_2026.gpkg/Plot1_Trees_Affine_Corrected_2026","coordinateVersion":"plot1-affine-corrected-2026-08-12"},"geometry":{"type":"Point","coordinates":[77.074795952,10.4813841783]}},{"type":"Feature","properties":{"treeNo":"692","plot":"Plot 1","coordinateSource":"Muthu_Farms_Plot1_Trees_Affine_Corrected_2026.gpkg/Plot1_Trees_Affine_Corrected_2026","coordinateVersion":"plot1-affine-corrected-2026-08-12"},"geometry":{"type":"Point","coordinates":[77.0747273181,10.4813889683]}},{"type":"Feature","properties":{"treeNo":"693","plot":"Plot 1","coordinateSource":"Muthu_Farms_Plot1_Trees_Affine_Corrected_2026.gpkg/Plot1_Trees_Affine_Corrected_2026","coordinateVersion":"plot1-affine-corrected-2026-08-12"},"geometry":{"type":"Point","coordinates":[77.0746509289,10.4813928069]}},{"type":"Feature","properties":{"treeNo":"694","plot":"Plot 1","coordinateSource":"Muthu_Farms_Plot1_Trees_Affine_Corrected_2026.gpkg/Plot1_Trees_Affine_Corrected_2026","coordinateVersion":"plot1-affine-corrected-2026-08-12"},"geometry":{"type":"Point","coordinates":[77.0745704997,10.4814059368]}},{"type":"Feature","properties":{"treeNo":"695","plot":"Plot 1","coordinateSource":"Muthu_Farms_Plot1_Trees_Affine_Corrected_2026.gpkg/Plot1_Trees_Affine_Corrected_2026","coordinateVersion":"plot1-affine-corrected-2026-08-12"},"geometry":{"type":"Point","coordinates":[77.0744957654,10.4814205525]}},{"type":"Feature","properties":{"treeNo":"696","plot":"Plot 1","coordinateSource":"Muthu_Farms_Plot1_Trees_Affine_Corrected_2026.gpkg/Plot1_Trees_Affine_Corrected_2026","coordinateVersion":"plot1-affine-corrected-2026-08-12"},"geometry":{"type":"Point","coordinates":[77.0744203786,10.4814212973]}},{"type":"Feature","properties":{"treeNo":"697","plot":"Plot 1","coordinateSource":"Muthu_Farms_Plot1_Trees_Affine_Corrected_2026.gpkg/Plot1_Trees_Affine_Corrected_2026","coordinateVersion":"plot1-affine-corrected-2026-08-12"},"geometry":{"type":"Point","coordinates":[77.074345599,10.4814312876]}},{"type":"Feature","properties":{"treeNo":"698","plot":"Plot 1","coordinateSource":"Muthu_Farms_Plot1_Trees_Affine_Corrected_2026.gpkg/Plot1_Trees_Affine_Corrected_2026","coordinateVersion":"plot1-affine-corrected-2026-08-12"},"geometry":{"type":"Point","coordinates":[77.0742707739,10.4814366525]}},{"type":"Feature","properties":{"treeNo":"699","plot":"Plot 1","coordinateSource":"Muthu_Farms_Plot1_Trees_Affine_Corrected_2026.gpkg/Plot1_Trees_Affine_Corrected_2026","coordinateVersion":"plot1-affine-corrected-2026-08-12"},"geometry":{"type":"Point","coordinates":[77.0742171846,10.4814484893]}},{"type":"Feature","properties":{"treeNo":"700","plot":"Plot 1","coordinateSource":"Muthu_Farms_Plot1_Trees_Affine_Corrected_2026.gpkg/Plot1_Trees_Affine_Corrected_2026","coordinateVersion":"plot1-affine-corrected-2026-08-12"},"geometry":{"type":"Point","coordinates":[77.0741645676,10.4814541488]}},{"type":"Feature","properties":{"treeNo":"684","plot":"Plot 1","coordinateSource":"Muthu_Farms_Plot1_Trees_Affine_Corrected_2026.gpkg/Plot1_Trees_Affine_Corrected_2026","coordinateVersion":"plot1-affine-corrected-2026-08-12"},"geometry":{"type":"Point","coordinates":[77.0741963819,10.4813808504]}},{"type":"Feature","properties":{"treeNo":"683","plot":"Plot 1","coordinateSource":"Muthu_Farms_Plot1_Trees_Affine_Corrected_2026.gpkg/Plot1_Trees_Affine_Corrected_2026","coordinateVersion":"plot1-affine-corrected-2026-08-12"},"geometry":{"type":"Point","coordinates":[77.0742648948,10.4813637265]}},{"type":"Feature","properties":{"treeNo":"682","plot":"Plot 1","coordinateSource":"Muthu_Farms_Plot1_Trees_Affine_Corrected_2026.gpkg/Plot1_Trees_Affine_Corrected_2026","coordinateVersion":"plot1-affine-corrected-2026-08-12"},"geometry":{"type":"Point","coordinates":[77.0743361306,10.4813609668]}},{"type":"Feature","properties":{"treeNo":"681","plot":"Plot 1","coordinateSource":"Muthu_Farms_Plot1_Trees_Affine_Corrected_2026.gpkg/Plot1_Trees_Affine_Corrected_2026","coordinateVersion":"plot1-affine-corrected-2026-08-12"},"geometry":{"type":"Point","coordinates":[77.0744119833,10.4813550777]}},{"type":"Feature","properties":{"treeNo":"680","plot":"Plot 1","coordinateSource":"Muthu_Farms_Plot1_Trees_Affine_Corrected_2026.gpkg/Plot1_Trees_Affine_Corrected_2026","coordinateVersion":"plot1-affine-corrected-2026-08-12"},"geometry":{"type":"Point","coordinates":[77.0744929339,10.4813424566]}},{"type":"Feature","properties":{"treeNo":"679","plot":"Plot 1","coordinateSource":"Muthu_Farms_Plot1_Trees_Affine_Corrected_2026.gpkg/Plot1_Trees_Affine_Corrected_2026","coordinateVersion":"plot1-affine-corrected-2026-08-12"},"geometry":{"type":"Point","coordinates":[77.0745626005,10.4813376565]}},{"type":"Feature","properties":{"treeNo":"678","plot":"Plot 1","coordinateSource":"Muthu_Farms_Plot1_Trees_Affine_Corrected_2026.gpkg/Plot1_Trees_Affine_Corrected_2026","coordinateVersion":"plot1-affine-corrected-2026-08-12"},"geometry":{"type":"Point","coordinates":[77.0746414555,10.4813219722]}},{"type":"Feature","properties":{"treeNo":"677","plot":"Plot 1","coordinateSource":"Muthu_Farms_Plot1_Trees_Affine_Corrected_2026.gpkg/Plot1_Trees_Affine_Corrected_2026","coordinateVersion":"plot1-affine-corrected-2026-08-12"},"geometry":{"type":"Point","coordinates":[77.0747147466,10.4813181643]}},{"type":"Feature","properties":{"treeNo":"676","plot":"Plot 1","coordinateSource":"Muthu_Farms_Plot1_Trees_Affine_Corrected_2026.gpkg/Plot1_Trees_Affine_Corrected_2026","coordinateVersion":"plot1-affine-corrected-2026-08-12"},"geometry":{"type":"Point","coordinates":[77.0747864079,10.4813061488]}},{"type":"Feature","properties":{"treeNo":"675","plot":"Plot 1","coordinateSource":"Muthu_Farms_Plot1_Trees_Affine_Corrected_2026.gpkg/Plot1_Trees_Affine_Corrected_2026","coordinateVersion":"plot1-affine-corrected-2026-08-12"},"geometry":{"type":"Point","coordinates":[77.074851382,10.4812967693]}},{"type":"Feature","properties":{"treeNo":"674","plot":"Plot 1","coordinateSource":"Muthu_Farms_Plot1_Trees_Affine_Corrected_2026.gpkg/Plot1_Trees_Affine_Corrected_2026","coordinateVersion":"plot1-affine-corrected-2026-08-12"},"geometry":{"type":"Point","coordinates":[77.0749344585,10.4812902947]}},{"type":"Feature","properties":{"treeNo":"673","plot":"Plot 1","coordinateSource":"Muthu_Farms_Plot1_Trees_Affine_Corrected_2026.gpkg/Plot1_Trees_Affine_Corrected_2026","coordinateVersion":"plot1-affine-corrected-2026-08-12"},"geometry":{"type":"Point","coordinates":[77.0750004652,10.481280905]}},{"type":"Feature","properties":{"treeNo":"672","plot":"Plot 1","coordinateSource":"Muthu_Farms_Plot1_Trees_Affine_Corrected_2026.gpkg/Plot1_Trees_Affine_Corrected_2026","coordinateVersion":"plot1-affine-corrected-2026-08-12"},"geometry":{"type":"Point","coordinates":[77.0750705977,10.4812709605]}},{"type":"Feature","properties":{"treeNo":"671","plot":"Plot 1","coordinateSource":"Muthu_Farms_Plot1_Trees_Affine_Corrected_2026.gpkg/Plot1_Trees_Affine_Corrected_2026","coordinateVersion":"plot1-affine-corrected-2026-08-12"},"geometry":{"type":"Point","coordinates":[77.0751438736,10.4812656106]}},{"type":"Feature","properties":{"treeNo":"670","plot":"Plot 1","coordinateSource":"Muthu_Farms_Plot1_Trees_Affine_Corrected_2026.gpkg/Plot1_Trees_Affine_Corrected_2026","coordinateVersion":"plot1-affine-corrected-2026-08-12"},"geometry":{"type":"Point","coordinates":[77.0752134948,10.4812561851]}},{"type":"Feature","properties":{"treeNo":"655","plot":"Plot 1","coordinateSource":"Muthu_Farms_Plot1_Trees_Affine_Corrected_2026.gpkg/Plot1_Trees_Affine_Corrected_2026","coordinateVersion":"plot1-affine-corrected-2026-08-12"},"geometry":{"type":"Point","coordinates":[77.0752040867,10.4811920315]}},{"type":"Feature","properties":{"treeNo":"656","plot":"Plot 1","coordinateSource":"Muthu_Farms_Plot1_Trees_Affine_Corrected_2026.gpkg/Plot1_Trees_Affine_Corrected_2026","coordinateVersion":"plot1-affine-corrected-2026-08-12"},"geometry":{"type":"Point","coordinates":[77.075143654,10.4811905728]}},{"type":"Feature","properties":{"treeNo":"657","plot":"Plot 1","coordinateSource":"Muthu_Farms_Plot1_Trees_Affine_Corrected_2026.gpkg/Plot1_Trees_Affine_Corrected_2026","coordinateVersion":"plot1-affine-corrected-2026-08-12"},"geometry":{"type":"Point","coordinates":[77.0750730001,10.4812000085]}},{"type":"Feature","properties":{"treeNo":"658","plot":"Plot 1","coordinateSource":"Muthu_Farms_Plot1_Trees_Affine_Corrected_2026.gpkg/Plot1_Trees_Affine_Corrected_2026","coordinateVersion":"plot1-affine-corrected-2026-08-12"},"geometry":{"type":"Point","coordinates":[77.0749997898,10.4812120393]}},{"type":"Feature","properties":{"treeNo":"659","plot":"Plot 1","coordinateSource":"Muthu_Farms_Plot1_Trees_Affine_Corrected_2026.gpkg/Plot1_Trees_Affine_Corrected_2026","coordinateVersion":"plot1-affine-corrected-2026-08-12"},"geometry":{"type":"Point","coordinates":[77.0749234057,10.4812163919]}},{"type":"Feature","properties":{"treeNo":"660","plot":"Plot 1","coordinateSource":"Muthu_Farms_Plot1_Trees_Affine_Corrected_2026.gpkg/Plot1_Trees_Affine_Corrected_2026","coordinateVersion":"plot1-affine-corrected-2026-08-12"},"geometry":{"type":"Point","coordinates":[77.0748450167,10.4812269319]}},{"type":"Feature","properties":{"treeNo":"661","plot":"Plot 1","coordinateSource":"Muthu_Farms_Plot1_Trees_Affine_Corrected_2026.gpkg/Plot1_Trees_Affine_Corrected_2026","coordinateVersion":"plot1-affine-corrected-2026-08-12"},"geometry":{"type":"Point","coordinates":[77.0747800124,10.4812332279]}},{"type":"Feature","properties":{"treeNo":"662","plot":"Plot 1","coordinateSource":"Muthu_Farms_Plot1_Trees_Affine_Corrected_2026.gpkg/Plot1_Trees_Affine_Corrected_2026","coordinateVersion":"plot1-affine-corrected-2026-08-12"},"geometry":{"type":"Point","coordinates":[77.0746975128,10.4812458644]}},{"type":"Feature","properties":{"treeNo":"663","plot":"Plot 1","coordinateSource":"Muthu_Farms_Plot1_Trees_Affine_Corrected_2026.gpkg/Plot1_Trees_Affine_Corrected_2026","coordinateVersion":"plot1-affine-corrected-2026-08-12"},"geometry":{"type":"Point","coordinates":[77.0746211539,10.4812527865]}},{"type":"Feature","properties":{"treeNo":"664","plot":"Plot 1","coordinateSource":"Muthu_Farms_Plot1_Trees_Affine_Corrected_2026.gpkg/Plot1_Trees_Affine_Corrected_2026","coordinateVersion":"plot1-affine-corrected-2026-08-12"},"geometry":{"type":"Point","coordinates":[77.0745546459,10.4812637231]}},{"type":"Feature","properties":{"treeNo":"665","plot":"Plot 1","coordinateSource":"Muthu_Farms_Plot1_Trees_Affine_Corrected_2026.gpkg/Plot1_Trees_Affine_Corrected_2026","coordinateVersion":"plot1-affine-corrected-2026-08-12"},"geometry":{"type":"Point","coordinates":[77.0744814052,10.4812726702]}},{"type":"Feature","properties":{"treeNo":"666","plot":"Plot 1","coordinateSource":"Muthu_Farms_Plot1_Trees_Affine_Corrected_2026.gpkg/Plot1_Trees_Affine_Corrected_2026","coordinateVersion":"plot1-affine-corrected-2026-08-12"},"geometry":{"type":"Point","coordinates":[77.0744066205,10.4812821466]}},{"type":"Feature","properties":{"treeNo":"667","plot":"Plot 1","coordinateSource":"Muthu_Farms_Plot1_Trees_Affine_Corrected_2026.gpkg/Plot1_Trees_Affine_Corrected_2026","coordinateVersion":"plot1-affine-corrected-2026-08-12"},"geometry":{"type":"Point","coordinates":[77.0743344327,10.4812931392]}},{"type":"Feature","properties":{"treeNo":"668","plot":"Plot 1","coordinateSource":"Muthu_Farms_Plot1_Trees_Affine_Corrected_2026.gpkg/Plot1_Trees_Affine_Corrected_2026","coordinateVersion":"plot1-affine-corrected-2026-08-12"},"geometry":{"type":"Point","coordinates":[77.0742528649,10.481295487]}},{"type":"Feature","properties":{"treeNo":"669","plot":"Plot 1","coordinateSource":"Muthu_Farms_Plot1_Trees_Affine_Corrected_2026.gpkg/Plot1_Trees_Affine_Corrected_2026","coordinateVersion":"plot1-affine-corrected-2026-08-12"},"geometry":{"type":"Point","coordinates":[77.0741775538,10.4813039405]}},{"type":"Feature","properties":{"treeNo":"654","plot":"Plot 1","coordinateSource":"Muthu_Farms_Plot1_Trees_Affine_Corrected_2026.gpkg/Plot1_Trees_Affine_Corrected_2026","coordinateVersion":"plot1-affine-corrected-2026-08-12"},"geometry":{"type":"Point","coordinates":[77.0741613881,10.4812352279]}},{"type":"Feature","properties":{"treeNo":"653","plot":"Plot 1","coordinateSource":"Muthu_Farms_Plot1_Trees_Affine_Corrected_2026.gpkg/Plot1_Trees_Affine_Corrected_2026","coordinateVersion":"plot1-affine-corrected-2026-08-12"},"geometry":{"type":"Point","coordinates":[77.0742444117,10.4812233573]}},{"type":"Feature","properties":{"treeNo":"652","plot":"Plot 1","coordinateSource":"Muthu_Farms_Plot1_Trees_Affine_Corrected_2026.gpkg/Plot1_Trees_Affine_Corrected_2026","coordinateVersion":"plot1-affine-corrected-2026-08-12"},"geometry":{"type":"Point","coordinates":[77.0743143163,10.4812164991]}},{"type":"Feature","properties":{"treeNo":"651","plot":"Plot 1","coordinateSource":"Muthu_Farms_Plot1_Trees_Affine_Corrected_2026.gpkg/Plot1_Trees_Affine_Corrected_2026","coordinateVersion":"plot1-affine-corrected-2026-08-12"},"geometry":{"type":"Point","coordinates":[77.0743950289,10.4812059362]}},{"type":"Feature","properties":{"treeNo":"650","plot":"Plot 1","coordinateSource":"Muthu_Farms_Plot1_Trees_Affine_Corrected_2026.gpkg/Plot1_Trees_Affine_Corrected_2026","coordinateVersion":"plot1-affine-corrected-2026-08-12"},"geometry":{"type":"Point","coordinates":[77.0744615646,10.4811978263]}},{"type":"Feature","properties":{"treeNo":"649","plot":"Plot 1","coordinateSource":"Muthu_Farms_Plot1_Trees_Affine_Corrected_2026.gpkg/Plot1_Trees_Affine_Corrected_2026","coordinateVersion":"plot1-affine-corrected-2026-08-12"},"geometry":{"type":"Point","coordinates":[77.0745443148,10.4811844164]}},{"type":"Feature","properties":{"treeNo":"648","plot":"Plot 1","coordinateSource":"Muthu_Farms_Plot1_Trees_Affine_Corrected_2026.gpkg/Plot1_Trees_Affine_Corrected_2026","coordinateVersion":"plot1-affine-corrected-2026-08-12"},"geometry":{"type":"Point","coordinates":[77.0746137081,10.4811780771]}},{"type":"Feature","properties":{"treeNo":"647","plot":"Plot 1","coordinateSource":"Muthu_Farms_Plot1_Trees_Affine_Corrected_2026.gpkg/Plot1_Trees_Affine_Corrected_2026","coordinateVersion":"plot1-affine-corrected-2026-08-12"},"geometry":{"type":"Point","coordinates":[77.0746887282,10.4811662855]}},{"type":"Feature","properties":{"treeNo":"646","plot":"Plot 1","coordinateSource":"Muthu_Farms_Plot1_Trees_Affine_Corrected_2026.gpkg/Plot1_Trees_Affine_Corrected_2026","coordinateVersion":"plot1-affine-corrected-2026-08-12"},"geometry":{"type":"Point","coordinates":[77.0747581567,10.4811635436]}},{"type":"Feature","properties":{"treeNo":"645","plot":"Plot 1","coordinateSource":"Muthu_Farms_Plot1_Trees_Affine_Corrected_2026.gpkg/Plot1_Trees_Affine_Corrected_2026","coordinateVersion":"plot1-affine-corrected-2026-08-12"},"geometry":{"type":"Point","coordinates":[77.0748416839,10.481150383]}},{"type":"Feature","properties":{"treeNo":"644","plot":"Plot 1","coordinateSource":"Muthu_Farms_Plot1_Trees_Affine_Corrected_2026.gpkg/Plot1_Trees_Affine_Corrected_2026","coordinateVersion":"plot1-affine-corrected-2026-08-12"},"geometry":{"type":"Point","coordinates":[77.0749131526,10.4811450511]}},{"type":"Feature","properties":{"treeNo":"643","plot":"Plot 1","coordinateSource":"Muthu_Farms_Plot1_Trees_Affine_Corrected_2026.gpkg/Plot1_Trees_Affine_Corrected_2026","coordinateVersion":"plot1-affine-corrected-2026-08-12"},"geometry":{"type":"Point","coordinates":[77.0749822474,10.4811346029]}},{"type":"Feature","properties":{"treeNo":"642","plot":"Plot 1","coordinateSource":"Muthu_Farms_Plot1_Trees_Affine_Corrected_2026.gpkg/Plot1_Trees_Affine_Corrected_2026","coordinateVersion":"plot1-affine-corrected-2026-08-12"},"geometry":{"type":"Point","coordinates":[77.075057042,10.4811261542]}},{"type":"Feature","properties":{"treeNo":"641","plot":"Plot 1","coordinateSource":"Muthu_Farms_Plot1_Trees_Affine_Corrected_2026.gpkg/Plot1_Trees_Affine_Corrected_2026","coordinateVersion":"plot1-affine-corrected-2026-08-12"},"geometry":{"type":"Point","coordinates":[77.0751348617,10.481110223]}},{"type":"Feature","properties":{"treeNo":"640","plot":"Plot 1","coordinateSource":"Muthu_Farms_Plot1_Trees_Affine_Corrected_2026.gpkg/Plot1_Trees_Affine_Corrected_2026","coordinateVersion":"plot1-affine-corrected-2026-08-12"},"geometry":{"type":"Point","coordinates":[77.0751885265,10.4811060949]}},{"type":"Feature","properties":{"treeNo":"636","plot":"Plot 1","coordinateSource":"Muthu_Farms_Plot1_Trees_Affine_Corrected_2026.gpkg/Plot1_Trees_Affine_Corrected_2026","coordinateVersion":"plot1-affine-corrected-2026-08-12"},"geometry":{"type":"Point","coordinates":[77.0750196041,10.481073585]}},{"type":"Feature","properties":{"treeNo":"637","plot":"Plot 1","coordinateSource":"Muthu_Farms_Plot1_Trees_Affine_Corrected_2026.gpkg/Plot1_Trees_Affine_Corrected_2026","coordinateVersion":"plot1-affine-corrected-2026-08-12"},"geometry":{"type":"Point","coordinates":[77.0749386964,10.4810905746]}},{"type":"Feature","properties":{"treeNo":"638","plot":"Plot 1","coordinateSource":"Muthu_Farms_Plot1_Trees_Affine_Corrected_2026.gpkg/Plot1_Trees_Affine_Corrected_2026","coordinateVersion":"plot1-affine-corrected-2026-08-12"},"geometry":{"type":"Point","coordinates":[77.0748680526,10.4811010381]}},{"type":"Feature","properties":{"treeNo":"639","plot":"Plot 1","coordinateSource":"Muthu_Farms_Plot1_Trees_Affine_Corrected_2026.gpkg/Plot1_Trees_Affine_Corrected_2026","coordinateVersion":"plot1-affine-corrected-2026-08-12"},"geometry":{"type":"Point","coordinates":[77.074797356,10.4811061054]}},{"type":"Feature","properties":{"treeNo":"635","plot":"Plot 1","coordinateSource":"Muthu_Farms_Plot1_Trees_Affine_Corrected_2026.gpkg/Plot1_Trees_Affine_Corrected_2026","coordinateVersion":"plot1-affine-corrected-2026-08-12"},"geometry":{"type":"Point","coordinates":[77.0741676609,10.4811639807]}},{"type":"Feature","properties":{"treeNo":"634","plot":"Plot 1","coordinateSource":"Muthu_Farms_Plot1_Trees_Affine_Corrected_2026.gpkg/Plot1_Trees_Affine_Corrected_2026","coordinateVersion":"plot1-affine-corrected-2026-08-12"},"geometry":{"type":"Point","coordinates":[77.0742377682,10.4811514668]}},{"type":"Feature","properties":{"treeNo":"633","plot":"Plot 1","coordinateSource":"Muthu_Farms_Plot1_Trees_Affine_Corrected_2026.gpkg/Plot1_Trees_Affine_Corrected_2026","coordinateVersion":"plot1-affine-corrected-2026-08-12"},"geometry":{"type":"Point","coordinates":[77.0743100114,10.4811461273]}},{"type":"Feature","properties":{"treeNo":"632","plot":"Plot 1","coordinateSource":"Muthu_Farms_Plot1_Trees_Affine_Corrected_2026.gpkg/Plot1_Trees_Affine_Corrected_2026","coordinateVersion":"plot1-affine-corrected-2026-08-12"},"geometry":{"type":"Point","coordinates":[77.074380149,10.4811366969]}},{"type":"Feature","properties":{"treeNo":"631","plot":"Plot 1","coordinateSource":"Muthu_Farms_Plot1_Trees_Affine_Corrected_2026.gpkg/Plot1_Trees_Affine_Corrected_2026","coordinateVersion":"plot1-affine-corrected-2026-08-12"},"geometry":{"type":"Point","coordinates":[77.0744584825,10.4811205038]}},{"type":"Feature","properties":{"treeNo":"630","plot":"Plot 1","coordinateSource":"Muthu_Farms_Plot1_Trees_Affine_Corrected_2026.gpkg/Plot1_Trees_Affine_Corrected_2026","coordinateVersion":"plot1-affine-corrected-2026-08-12"},"geometry":{"type":"Point","coordinates":[77.0745306854,10.481111053]}},{"type":"Feature","properties":{"treeNo":"629","plot":"Plot 1","coordinateSource":"Muthu_Farms_Plot1_Trees_Affine_Corrected_2026.gpkg/Plot1_Trees_Affine_Corrected_2026","coordinateVersion":"plot1-affine-corrected-2026-08-12"},"geometry":{"type":"Point","coordinates":[77.0745987878,10.4811047264]}},{"type":"Feature","properties":{"treeNo":"628","plot":"Plot 1","coordinateSource":"Muthu_Farms_Plot1_Trees_Affine_Corrected_2026.gpkg/Plot1_Trees_Affine_Corrected_2026","coordinateVersion":"plot1-affine-corrected-2026-08-12"},"geometry":{"type":"Point","coordinates":[77.0746740736,10.4810937032]}},{"type":"Feature","properties":{"treeNo":"616","plot":"Plot 1","coordinateSource":"Muthu_Farms_Plot1_Trees_Affine_Corrected_2026.gpkg/Plot1_Trees_Affine_Corrected_2026","coordinateVersion":"plot1-affine-corrected-2026-08-12"},"geometry":{"type":"Point","coordinates":[77.0748884881,10.4809995836]}},{"type":"Feature","properties":{"treeNo":"617","plot":"Plot 1","coordinateSource":"Muthu_Farms_Plot1_Trees_Affine_Corrected_2026.gpkg/Plot1_Trees_Affine_Corrected_2026","coordinateVersion":"plot1-affine-corrected-2026-08-12"},"geometry":{"type":"Point","coordinates":[77.0748209172,10.4810074468]}},{"type":"Feature","properties":{"treeNo":"618","plot":"Plot 1","coordinateSource":"Muthu_Farms_Plot1_Trees_Affine_Corrected_2026.gpkg/Plot1_Trees_Affine_Corrected_2026","coordinateVersion":"plot1-affine-corrected-2026-08-12"},"geometry":{"type":"Point","coordinates":[77.0747431051,10.4810241488]}},{"type":"Feature","properties":{"treeNo":"619","plot":"Plot 1","coordinateSource":"Muthu_Farms_Plot1_Trees_Affine_Corrected_2026.gpkg/Plot1_Trees_Affine_Corrected_2026","coordinateVersion":"plot1-affine-corrected-2026-08-12"},"geometry":{"type":"Point","coordinates":[77.0746682651,10.4810279721]}},{"type":"Feature","properties":{"treeNo":"621","plot":"Plot 1","coordinateSource":"Muthu_Farms_Plot1_Trees_Affine_Corrected_2026.gpkg/Plot1_Trees_Affine_Corrected_2026","coordinateVersion":"plot1-affine-corrected-2026-08-12"},"geometry":{"type":"Point","coordinates":[77.0745944678,10.481032813]}},{"type":"Feature","properties":{"treeNo":"622","plot":"Plot 1","coordinateSource":"Muthu_Farms_Plot1_Trees_Affine_Corrected_2026.gpkg/Plot1_Trees_Affine_Corrected_2026","coordinateVersion":"plot1-affine-corrected-2026-08-12"},"geometry":{"type":"Point","coordinates":[77.0745186404,10.4810412717]}},{"type":"Feature","properties":{"treeNo":"623","plot":"Plot 1","coordinateSource":"Muthu_Farms_Plot1_Trees_Affine_Corrected_2026.gpkg/Plot1_Trees_Affine_Corrected_2026","coordinateVersion":"plot1-affine-corrected-2026-08-12"},"geometry":{"type":"Point","coordinates":[77.0744453645,10.4810466214]}},{"type":"Feature","properties":{"treeNo":"624","plot":"Plot 1","coordinateSource":"Muthu_Farms_Plot1_Trees_Affine_Corrected_2026.gpkg/Plot1_Trees_Affine_Corrected_2026","coordinateVersion":"plot1-affine-corrected-2026-08-12"},"geometry":{"type":"Point","coordinates":[77.0743762496,10.4810550138]}},{"type":"Feature","properties":{"treeNo":"625","plot":"Plot 1","coordinateSource":"Muthu_Farms_Plot1_Trees_Affine_Corrected_2026.gpkg/Plot1_Trees_Affine_Corrected_2026","coordinateVersion":"plot1-affine-corrected-2026-08-12"},"geometry":{"type":"Point","coordinates":[77.0743020367,10.4810701382]}},{"type":"Feature","properties":{"treeNo":"626","plot":"Plot 1","coordinateSource":"Muthu_Farms_Plot1_Trees_Affine_Corrected_2026.gpkg/Plot1_Trees_Affine_Corrected_2026","coordinateVersion":"plot1-affine-corrected-2026-08-12"},"geometry":{"type":"Point","coordinates":[77.0742297834,10.4810744498]}},{"type":"Feature","properties":{"treeNo":"627","plot":"Plot 1","coordinateSource":"Muthu_Farms_Plot1_Trees_Affine_Corrected_2026.gpkg/Plot1_Trees_Affine_Corrected_2026","coordinateVersion":"plot1-affine-corrected-2026-08-12"},"geometry":{"type":"Point","coordinates":[77.0741565528,10.4810844247]}},{"type":"Feature","properties":{"treeNo":"615","plot":"Plot 1","coordinateSource":"Muthu_Farms_Plot1_Trees_Affine_Corrected_2026.gpkg/Plot1_Trees_Affine_Corrected_2026","coordinateVersion":"plot1-affine-corrected-2026-08-12"},"geometry":{"type":"Point","coordinates":[77.0741445331,10.481017213]}},{"type":"Feature","properties":{"treeNo":"614","plot":"Plot 1","coordinateSource":"Muthu_Farms_Plot1_Trees_Affine_Corrected_2026.gpkg/Plot1_Trees_Affine_Corrected_2026","coordinateVersion":"plot1-affine-corrected-2026-08-12"},"geometry":{"type":"Point","coordinates":[77.0742152121,10.4810103471]}},{"type":"Feature","properties":{"treeNo":"613","plot":"Plot 1","coordinateSource":"Muthu_Farms_Plot1_Trees_Affine_Corrected_2026.gpkg/Plot1_Trees_Affine_Corrected_2026","coordinateVersion":"plot1-affine-corrected-2026-08-12"},"geometry":{"type":"Point","coordinates":[77.0742863672,10.4809993647]}},{"type":"Feature","properties":{"treeNo":"612","plot":"Plot 1","coordinateSource":"Muthu_Farms_Plot1_Trees_Affine_Corrected_2026.gpkg/Plot1_Trees_Affine_Corrected_2026","coordinateVersion":"plot1-affine-corrected-2026-08-12"},"geometry":{"type":"Point","coordinates":[77.0743606103,10.4809873239]}},{"type":"Feature","properties":{"treeNo":"611","plot":"Plot 1","coordinateSource":"Muthu_Farms_Plot1_Trees_Affine_Corrected_2026.gpkg/Plot1_Trees_Affine_Corrected_2026","coordinateVersion":"plot1-affine-corrected-2026-08-12"},"geometry":{"type":"Point","coordinates":[77.0744369591,10.480979374]}},{"type":"Feature","properties":{"treeNo":"603","plot":"Plot 1","coordinateSource":"Muthu_Farms_Plot1_Trees_Affine_Corrected_2026.gpkg/Plot1_Trees_Affine_Corrected_2026","coordinateVersion":"plot1-affine-corrected-2026-08-12"},"geometry":{"type":"Point","coordinates":[77.0750244378,10.4809082951]}},{"type":"Feature","properties":{"treeNo":"604","plot":"Plot 1","coordinateSource":"Muthu_Farms_Plot1_Trees_Affine_Corrected_2026.gpkg/Plot1_Trees_Affine_Corrected_2026","coordinateVersion":"plot1-affine-corrected-2026-08-12"},"geometry":{"type":"Point","coordinates":[77.0749584009,10.4809146013]}},{"type":"Feature","properties":{"treeNo":"605","plot":"Plot 1","coordinateSource":"Muthu_Farms_Plot1_Trees_Affine_Corrected_2026.gpkg/Plot1_Trees_Affine_Corrected_2026","coordinateVersion":"plot1-affine-corrected-2026-08-12"},"geometry":{"type":"Point","coordinates":[77.0748789743,10.4809246376]}},{"type":"Feature","properties":{"treeNo":"606","plot":"Plot 1","coordinateSource":"Muthu_Farms_Plot1_Trees_Affine_Corrected_2026.gpkg/Plot1_Trees_Affine_Corrected_2026","coordinateVersion":"plot1-affine-corrected-2026-08-12"},"geometry":{"type":"Point","coordinates":[77.0748041998,10.4809351419]}},{"type":"Feature","properties":{"treeNo":"607","plot":"Plot 1","coordinateSource":"Muthu_Farms_Plot1_Trees_Affine_Corrected_2026.gpkg/Plot1_Trees_Affine_Corrected_2026","coordinateVersion":"plot1-affine-corrected-2026-08-12"},"geometry":{"type":"Point","coordinates":[77.0747314705,10.4809435701]}},{"type":"Feature","properties":{"treeNo":"608","plot":"Plot 1","coordinateSource":"Muthu_Farms_Plot1_Trees_Affine_Corrected_2026.gpkg/Plot1_Trees_Affine_Corrected_2026","coordinateVersion":"plot1-affine-corrected-2026-08-12"},"geometry":{"type":"Point","coordinates":[77.0746561494,10.4809509959]}},{"type":"Feature","properties":{"treeNo":"609","plot":"Plot 1","coordinateSource":"Muthu_Farms_Plot1_Trees_Affine_Corrected_2026.gpkg/Plot1_Trees_Affine_Corrected_2026","coordinateVersion":"plot1-affine-corrected-2026-08-12"},"geometry":{"type":"Point","coordinates":[77.0745823774,10.4809584064]}},{"type":"Feature","properties":{"treeNo":"610","plot":"Plot 1","coordinateSource":"Muthu_Farms_Plot1_Trees_Affine_Corrected_2026.gpkg/Plot1_Trees_Affine_Corrected_2026","coordinateVersion":"plot1-affine-corrected-2026-08-12"},"geometry":{"type":"Point","coordinates":[77.0745127764,10.4809698874]}},{"type":"Feature","properties":{"treeNo":"602","plot":"Plot 1","coordinateSource":"Muthu_Farms_Plot1_Trees_Affine_Corrected_2026.gpkg/Plot1_Trees_Affine_Corrected_2026","coordinateVersion":"plot1-affine-corrected-2026-08-12"},"geometry":{"type":"Point","coordinates":[77.0741396615,10.4809417071]}},{"type":"Feature","properties":{"treeNo":"601","plot":"Plot 1","coordinateSource":"Muthu_Farms_Plot1_Trees_Affine_Corrected_2026.gpkg/Plot1_Trees_Affine_Corrected_2026","coordinateVersion":"plot1-affine-corrected-2026-08-12"},"geometry":{"type":"Point","coordinates":[77.0742046154,10.4809302721]}},{"type":"Feature","properties":{"treeNo":"600","plot":"Plot 1","coordinateSource":"Muthu_Farms_Plot1_Trees_Affine_Corrected_2026.gpkg/Plot1_Trees_Affine_Corrected_2026","coordinateVersion":"plot1-affine-corrected-2026-08-12"},"geometry":{"type":"Point","coordinates":[77.0742830397,10.4809233297]}},{"type":"Feature","properties":{"treeNo":"599","plot":"Plot 1","coordinateSource":"Muthu_Farms_Plot1_Trees_Affine_Corrected_2026.gpkg/Plot1_Trees_Affine_Corrected_2026","coordinateVersion":"plot1-affine-corrected-2026-08-12"},"geometry":{"type":"Point","coordinates":[77.0743521646,10.4809159651]}},{"type":"Feature","properties":{"treeNo":"598","plot":"Plot 1","coordinateSource":"Muthu_Farms_Plot1_Trees_Affine_Corrected_2026.gpkg/Plot1_Trees_Affine_Corrected_2026","coordinateVersion":"plot1-affine-corrected-2026-08-12"},"geometry":{"type":"Point","coordinates":[77.0744310598,10.4809043923]}},{"type":"Feature","properties":{"treeNo":"597","plot":"Plot 1","coordinateSource":"Muthu_Farms_Plot1_Trees_Affine_Corrected_2026.gpkg/Plot1_Trees_Affine_Corrected_2026","coordinateVersion":"plot1-affine-corrected-2026-08-12"},"geometry":{"type":"Point","coordinates":[77.0745012124,10.4808965036]}},{"type":"Feature","properties":{"treeNo":"596","plot":"Plot 1","coordinateSource":"Muthu_Farms_Plot1_Trees_Affine_Corrected_2026.gpkg/Plot1_Trees_Affine_Corrected_2026","coordinateVersion":"plot1-affine-corrected-2026-08-12"},"geometry":{"type":"Point","coordinates":[77.0745759768,10.4808849715]}},{"type":"Feature","properties":{"treeNo":"595","plot":"Plot 1","coordinateSource":"Muthu_Farms_Plot1_Trees_Affine_Corrected_2026.gpkg/Plot1_Trees_Affine_Corrected_2026","coordinateVersion":"plot1-affine-corrected-2026-08-12"},"geometry":{"type":"Point","coordinates":[77.0746394018,10.4808756074]}},{"type":"Feature","properties":{"treeNo":"594","plot":"Plot 1","coordinateSource":"Muthu_Farms_Plot1_Trees_Affine_Corrected_2026.gpkg/Plot1_Trees_Affine_Corrected_2026","coordinateVersion":"plot1-affine-corrected-2026-08-12"},"geometry":{"type":"Point","coordinates":[77.0747162417,10.4808650827]}},{"type":"Feature","properties":{"treeNo":"593","plot":"Plot 1","coordinateSource":"Muthu_Farms_Plot1_Trees_Affine_Corrected_2026.gpkg/Plot1_Trees_Affine_Corrected_2026","coordinateVersion":"plot1-affine-corrected-2026-08-12"},"geometry":{"type":"Point","coordinates":[77.0747947062,10.4808622516]}},{"type":"Feature","properties":{"treeNo":"592","plot":"Plot 1","coordinateSource":"Muthu_Farms_Plot1_Trees_Affine_Corrected_2026.gpkg/Plot1_Trees_Affine_Corrected_2026","coordinateVersion":"plot1-affine-corrected-2026-08-12"},"geometry":{"type":"Point","coordinates":[77.0748808151,10.4808490655]}},{"type":"Feature","properties":{"treeNo":"591","plot":"Plot 1","coordinateSource":"Muthu_Farms_Plot1_Trees_Affine_Corrected_2026.gpkg/Plot1_Trees_Affine_Corrected_2026","coordinateVersion":"plot1-affine-corrected-2026-08-12"},"geometry":{"type":"Point","coordinates":[77.0749520003,10.4808411665]}},{"type":"Feature","properties":{"treeNo":"590","plot":"Plot 1","coordinateSource":"Muthu_Farms_Plot1_Trees_Affine_Corrected_2026.gpkg/Plot1_Trees_Affine_Corrected_2026","coordinateVersion":"plot1-affine-corrected-2026-08-12"},"geometry":{"type":"Point","coordinates":[77.0750159164,10.4808292275]}},{"type":"Feature","properties":{"treeNo":"589","plot":"Plot 1","coordinateSource":"Muthu_Farms_Plot1_Trees_Affine_Corrected_2026.gpkg/Plot1_Trees_Affine_Corrected_2026","coordinateVersion":"plot1-affine-corrected-2026-08-12"},"geometry":{"type":"Point","coordinates":[77.0750891872,10.4808233638]}},{"type":"Feature","properties":{"treeNo":"588","plot":"Plot 1","coordinateSource":"Muthu_Farms_Plot1_Trees_Affine_Corrected_2026.gpkg/Plot1_Trees_Affine_Corrected_2026","coordinateVersion":"plot1-affine-corrected-2026-08-12"},"geometry":{"type":"Point","coordinates":[77.0751572491,10.4808129258]}},{"type":"Feature","properties":{"treeNo":"573","plot":"Plot 1","coordinateSource":"Muthu_Farms_Plot1_Trees_Affine_Corrected_2026.gpkg/Plot1_Trees_Affine_Corrected_2026","coordinateVersion":"plot1-affine-corrected-2026-08-12"},"geometry":{"type":"Point","coordinates":[77.0751240338,10.4807433537]}},{"type":"Feature","properties":{"treeNo":"574","plot":"Plot 1","coordinateSource":"Muthu_Farms_Plot1_Trees_Affine_Corrected_2026.gpkg/Plot1_Trees_Affine_Corrected_2026","coordinateVersion":"plot1-affine-corrected-2026-08-12"},"geometry":{"type":"Point","coordinates":[77.0750708955,10.4807485046]}},{"type":"Feature","properties":{"treeNo":"575","plot":"Plot 1","coordinateSource":"Muthu_Farms_Plot1_Trees_Affine_Corrected_2026.gpkg/Plot1_Trees_Affine_Corrected_2026","coordinateVersion":"plot1-affine-corrected-2026-08-12"},"geometry":{"type":"Point","coordinates":[77.0750084831,10.4807558029]}},{"type":"Feature","properties":{"treeNo":"576","plot":"Plot 1","coordinateSource":"Muthu_Farms_Plot1_Trees_Affine_Corrected_2026.gpkg/Plot1_Trees_Affine_Corrected_2026","coordinateVersion":"plot1-affine-corrected-2026-08-12"},"geometry":{"type":"Point","coordinates":[77.0749394288,10.4807703625]}},{"type":"Feature","properties":{"treeNo":"577","plot":"Plot 1","coordinateSource":"Muthu_Farms_Plot1_Trees_Affine_Corrected_2026.gpkg/Plot1_Trees_Affine_Corrected_2026","coordinateVersion":"plot1-affine-corrected-2026-08-12"},"geometry":{"type":"Point","coordinates":[77.0748594657,10.4807783482]}},{"type":"Feature","properties":{"treeNo":"578","plot":"Plot 1","coordinateSource":"Muthu_Farms_Plot1_Trees_Affine_Corrected_2026.gpkg/Plot1_Trees_Affine_Corrected_2026","coordinateVersion":"plot1-affine-corrected-2026-08-12"},"geometry":{"type":"Point","coordinates":[77.0747882401,10.4807821358]}},{"type":"Feature","properties":{"treeNo":"579","plot":"Plot 1","coordinateSource":"Muthu_Farms_Plot1_Trees_Affine_Corrected_2026.gpkg/Plot1_Trees_Affine_Corrected_2026","coordinateVersion":"plot1-affine-corrected-2026-08-12"},"geometry":{"type":"Point","coordinates":[77.0747129947,10.4807972704]}},{"type":"Feature","properties":{"treeNo":"580","plot":"Plot 1","coordinateSource":"Muthu_Farms_Plot1_Trees_Affine_Corrected_2026.gpkg/Plot1_Trees_Affine_Corrected_2026","coordinateVersion":"plot1-affine-corrected-2026-08-12"},"geometry":{"type":"Point","coordinates":[77.0746417993,10.4808041415]}},{"type":"Feature","properties":{"treeNo":"581","plot":"Plot 1","coordinateSource":"Muthu_Farms_Plot1_Trees_Affine_Corrected_2026.gpkg/Plot1_Trees_Affine_Corrected_2026","coordinateVersion":"plot1-affine-corrected-2026-08-12"},"geometry":{"type":"Point","coordinates":[77.0745639167,10.4808136485]}},{"type":"Feature","properties":{"treeNo":"582","plot":"Plot 1","coordinateSource":"Muthu_Farms_Plot1_Trees_Affine_Corrected_2026.gpkg/Plot1_Trees_Affine_Corrected_2026","coordinateVersion":"plot1-affine-corrected-2026-08-12"},"geometry":{"type":"Point","coordinates":[77.0744958245,10.4808210029]}},{"type":"Feature","properties":{"treeNo":"583","plot":"Plot 1","coordinateSource":"Muthu_Farms_Plot1_Trees_Affine_Corrected_2026.gpkg/Plot1_Trees_Affine_Corrected_2026","coordinateVersion":"plot1-affine-corrected-2026-08-12"},"geometry":{"type":"Point","coordinates":[77.0744178914,10.4808253706]}},{"type":"Feature","properties":{"treeNo":"584","plot":"Plot 1","coordinateSource":"Muthu_Farms_Plot1_Trees_Affine_Corrected_2026.gpkg/Plot1_Trees_Affine_Corrected_2026","coordinateVersion":"plot1-affine-corrected-2026-08-12"},"geometry":{"type":"Point","coordinates":[77.0743410414,10.4808348673]}},{"type":"Feature","properties":{"treeNo":"585","plot":"Plot 1","coordinateSource":"Muthu_Farms_Plot1_Trees_Affine_Corrected_2026.gpkg/Plot1_Trees_Affine_Corrected_2026","coordinateVersion":"plot1-affine-corrected-2026-08-12"},"geometry":{"type":"Point","coordinates":[77.0742725135,10.4808504495]}},{"type":"Feature","properties":{"treeNo":"586","plot":"Plot 1","coordinateSource":"Muthu_Farms_Plot1_Trees_Affine_Corrected_2026.gpkg/Plot1_Trees_Affine_Corrected_2026","coordinateVersion":"plot1-affine-corrected-2026-08-12"},"geometry":{"type":"Point","coordinates":[77.074194656,10.4808625261]}},{"type":"Feature","properties":{"treeNo":"588.1","plot":"Plot 1","coordinateSource":"Muthu_Farms_Plot1_Trees_Affine_Corrected_2026.gpkg/Plot1_Trees_Affine_Corrected_2026","coordinateVersion":"plot1-affine-corrected-2026-08-12"},"geometry":{"type":"Point","coordinates":[77.074135863,10.4808703025]}},{"type":"Feature","properties":{"treeNo":"572","plot":"Plot 1","coordinateSource":"Muthu_Farms_Plot1_Trees_Affine_Corrected_2026.gpkg/Plot1_Trees_Affine_Corrected_2026","coordinateVersion":"plot1-affine-corrected-2026-08-12"},"geometry":{"type":"Point","coordinates":[77.07414388,10.4807926134]}},{"type":"Feature","properties":{"treeNo":"571","plot":"Plot 1","coordinateSource":"Muthu_Farms_Plot1_Trees_Affine_Corrected_2026.gpkg/Plot1_Trees_Affine_Corrected_2026","coordinateVersion":"plot1-affine-corrected-2026-08-12"},"geometry":{"type":"Point","coordinates":[77.0741897794,10.4807865063]}},{"type":"Feature","properties":{"treeNo":"570","plot":"Plot 1","coordinateSource":"Muthu_Farms_Plot1_Trees_Affine_Corrected_2026.gpkg/Plot1_Trees_Affine_Corrected_2026","coordinateVersion":"plot1-affine-corrected-2026-08-12"},"geometry":{"type":"Point","coordinates":[77.0742557382,10.4807722344]}},{"type":"Feature","properties":{"treeNo":"569","plot":"Plot 1","coordinateSource":"Muthu_Farms_Plot1_Trees_Affine_Corrected_2026.gpkg/Plot1_Trees_Affine_Corrected_2026","coordinateVersion":"plot1-affine-corrected-2026-08-12"},"geometry":{"type":"Point","coordinates":[77.0744058716,10.4807581589]}},{"type":"Feature","properties":{"treeNo":"568","plot":"Plot 1","coordinateSource":"Muthu_Farms_Plot1_Trees_Affine_Corrected_2026.gpkg/Plot1_Trees_Affine_Corrected_2026","coordinateVersion":"plot1-affine-corrected-2026-08-12"},"geometry":{"type":"Point","coordinates":[77.074479388,10.480751008]}},{"type":"Feature","properties":{"treeNo":"567","plot":"Plot 1","coordinateSource":"Muthu_Farms_Plot1_Trees_Affine_Corrected_2026.gpkg/Plot1_Trees_Affine_Corrected_2026","coordinateVersion":"plot1-affine-corrected-2026-08-12"},"geometry":{"type":"Point","coordinates":[77.0745538589,10.480735881]}},{"type":"Feature","properties":{"treeNo":"566","plot":"Plot 1","coordinateSource":"Muthu_Farms_Plot1_Trees_Affine_Corrected_2026.gpkg/Plot1_Trees_Affine_Corrected_2026","coordinateVersion":"plot1-affine-corrected-2026-08-12"},"geometry":{"type":"Point","coordinates":[77.0746310578,10.4807356323]}},{"type":"Feature","properties":{"treeNo":"565","plot":"Plot 1","coordinateSource":"Muthu_Farms_Plot1_Trees_Affine_Corrected_2026.gpkg/Plot1_Trees_Affine_Corrected_2026","coordinateVersion":"plot1-affine-corrected-2026-08-12"},"geometry":{"type":"Point","coordinates":[77.0747024659,10.4807241334]}},{"type":"Feature","properties":{"treeNo":"564","plot":"Plot 1","coordinateSource":"Muthu_Farms_Plot1_Trees_Affine_Corrected_2026.gpkg/Plot1_Trees_Affine_Corrected_2026","coordinateVersion":"plot1-affine-corrected-2026-08-12"},"geometry":{"type":"Point","coordinates":[77.0747682043,10.4807137184]}},{"type":"Feature","properties":{"treeNo":"563","plot":"Plot 1","coordinateSource":"Muthu_Farms_Plot1_Trees_Affine_Corrected_2026.gpkg/Plot1_Trees_Affine_Corrected_2026","coordinateVersion":"plot1-affine-corrected-2026-08-12"},"geometry":{"type":"Point","coordinates":[77.0748533409,10.4807067096]}},{"type":"Feature","properties":{"treeNo":"562","plot":"Plot 1","coordinateSource":"Muthu_Farms_Plot1_Trees_Affine_Corrected_2026.gpkg/Plot1_Trees_Affine_Corrected_2026","coordinateVersion":"plot1-affine-corrected-2026-08-12"},"geometry":{"type":"Point","coordinates":[77.0749201095,10.4806960274]}},{"type":"Feature","properties":{"treeNo":"561","plot":"Plot 1","coordinateSource":"Muthu_Farms_Plot1_Trees_Affine_Corrected_2026.gpkg/Plot1_Trees_Affine_Corrected_2026","coordinateVersion":"plot1-affine-corrected-2026-08-12"},"geometry":{"type":"Point","coordinates":[77.0749889736,10.4806884083]}},{"type":"Feature","properties":{"treeNo":"560","plot":"Plot 1","coordinateSource":"Muthu_Farms_Plot1_Trees_Affine_Corrected_2026.gpkg/Plot1_Trees_Affine_Corrected_2026","coordinateVersion":"plot1-affine-corrected-2026-08-12"},"geometry":{"type":"Point","coordinates":[77.0750544765,10.4806803085]}},{"type":"Feature","properties":{"treeNo":"559","plot":"Plot 1","coordinateSource":"Muthu_Farms_Plot1_Trees_Affine_Corrected_2026.gpkg/Plot1_Trees_Affine_Corrected_2026","coordinateVersion":"plot1-affine-corrected-2026-08-12"},"geometry":{"type":"Point","coordinates":[77.0751228369,10.4806739793]}},{"type":"Feature","properties":{"treeNo":"117","plot":"Plot 1","coordinateSource":"Muthu_Farms_Plot1_Trees_Affine_Corrected_2026.gpkg/Plot1_Trees_Affine_Corrected_2026","coordinateVersion":"plot1-affine-corrected-2026-08-12"},"geometry":{"type":"Point","coordinates":[77.0756707216,10.4819903769]}},{"type":"Feature","properties":{"treeNo":"773.1","plot":"Plot 1","coordinateSource":"Muthu_Farms_Plot1_Trees_Affine_Corrected_2026.gpkg/Plot1_Trees_Affine_Corrected_2026","coordinateVersion":"plot1-affine-corrected-2026-08-12"},"geometry":{"type":"Point","coordinates":[77.0747362269,10.4817178093]}},{"type":"Feature","properties":{"treeNo":"569.1","plot":"Plot 1","coordinateSource":"Muthu_Farms_Plot1_Trees_Affine_Corrected_2026.gpkg/Plot1_Trees_Affine_Corrected_2026","coordinateVersion":"plot1-affine-corrected-2026-08-12"},"geometry":{"type":"Point","coordinates":[77.0743168277,10.480764931]}},{"type":"Feature","properties":{"treeNo":"1002","plot":"Plot 2","coordinateSource":"Plot2.gpkg/Plot2","coordinateVersion":"plot2-original-approved-2026-08-12"},"geometry":{"type":"Point","coordinates":[77.0799872176,10.4821988726]}},{"type":"Feature","properties":{"treeNo":"1003","plot":"Plot 2","coordinateSource":"Plot2.gpkg/Plot2","coordinateVersion":"plot2-original-approved-2026-08-12"},"geometry":{"type":"Point","coordinates":[77.0799149683,10.4821993451]}},{"type":"Feature","properties":{"treeNo":"1004","plot":"Plot 2","coordinateSource":"Plot2.gpkg/Plot2","coordinateVersion":"plot2-original-approved-2026-08-12"},"geometry":{"type":"Point","coordinates":[77.0798332422,10.4821993198]}},{"type":"Feature","properties":{"treeNo":"1005","plot":"Plot 2","coordinateSource":"Plot2.gpkg/Plot2","coordinateVersion":"plot2-original-approved-2026-08-12"},"geometry":{"type":"Point","coordinates":[77.0797608814,10.482204271]}},{"type":"Feature","properties":{"treeNo":"1006","plot":"Plot 2","coordinateSource":"Plot2.gpkg/Plot2","coordinateVersion":"plot2-original-approved-2026-08-12"},"geometry":{"type":"Point","coordinates":[77.0796916142,10.4822066831]}},{"type":"Feature","properties":{"treeNo":"1007","plot":"Plot 2","coordinateSource":"Plot2.gpkg/Plot2","coordinateVersion":"plot2-original-approved-2026-08-12"},"geometry":{"type":"Point","coordinates":[77.0796137309,10.482210411]}},{"type":"Feature","properties":{"treeNo":"1008","plot":"Plot 2","coordinateSource":"Plot2.gpkg/Plot2","coordinateVersion":"plot2-original-approved-2026-08-12"},"geometry":{"type":"Point","coordinates":[77.0795385292,10.4822134216]}},{"type":"Feature","properties":{"treeNo":"1009","plot":"Plot 2","coordinateSource":"Plot2.gpkg/Plot2","coordinateVersion":"plot2-original-approved-2026-08-12"},"geometry":{"type":"Point","coordinates":[77.0794705065,10.4822116273]}},{"type":"Feature","properties":{"treeNo":"1010","plot":"Plot 2","coordinateSource":"Plot2.gpkg/Plot2","coordinateVersion":"plot2-original-approved-2026-08-12"},"geometry":{"type":"Point","coordinates":[77.0793907869,10.482215647]}},{"type":"Feature","properties":{"treeNo":"1011","plot":"Plot 2","coordinateSource":"Plot2.gpkg/Plot2","coordinateVersion":"plot2-original-approved-2026-08-12"},"geometry":{"type":"Point","coordinates":[77.0793192193,10.4822123365]}},{"type":"Feature","properties":{"treeNo":"1012","plot":"Plot 2","coordinateSource":"Plot2.gpkg/Plot2","coordinateVersion":"plot2-original-approved-2026-08-12"},"geometry":{"type":"Point","coordinates":[77.0792366747,10.4822167944]}},{"type":"Feature","properties":{"treeNo":"1013","plot":"Plot 2","coordinateSource":"Plot2.gpkg/Plot2","coordinateVersion":"plot2-original-approved-2026-08-12"},"geometry":{"type":"Point","coordinates":[77.0791620647,10.4822237195]}},{"type":"Feature","properties":{"treeNo":"1014","plot":"Plot 2","coordinateSource":"Plot2.gpkg/Plot2","coordinateVersion":"plot2-original-approved-2026-08-12"},"geometry":{"type":"Point","coordinates":[77.0790888107,10.4822219593]}},{"type":"Feature","properties":{"treeNo":"1015","plot":"Plot 2","coordinateSource":"Plot2.gpkg/Plot2","coordinateVersion":"plot2-original-approved-2026-08-12"},"geometry":{"type":"Point","coordinates":[77.0790138824,10.4822235686]}},{"type":"Feature","properties":{"treeNo":"1042","plot":"Plot 2","coordinateSource":"Plot2.gpkg/Plot2","coordinateVersion":"plot2-original-approved-2026-08-12"},"geometry":{"type":"Point","coordinates":[77.080022527,10.4821506421]}},{"type":"Feature","properties":{"treeNo":"1041","plot":"Plot 2","coordinateSource":"Plot2.gpkg/Plot2","coordinateVersion":"plot2-original-approved-2026-08-12"},"geometry":{"type":"Point","coordinates":[77.0799507728,10.4821617468]}},{"type":"Feature","properties":{"treeNo":"1040","plot":"Plot 2","coordinateSource":"Plot2.gpkg/Plot2","coordinateVersion":"plot2-original-approved-2026-08-12"},"geometry":{"type":"Point","coordinates":[77.0798762463,10.4821599951]}},{"type":"Feature","properties":{"treeNo":"1039","plot":"Plot 2","coordinateSource":"Plot2.gpkg/Plot2","coordinateVersion":"plot2-original-approved-2026-08-12"},"geometry":{"type":"Point","coordinates":[77.0797930042,10.4821658572]}},{"type":"Feature","properties":{"treeNo":"1038","plot":"Plot 2","coordinateSource":"Plot2.gpkg/Plot2","coordinateVersion":"plot2-original-approved-2026-08-12"},"geometry":{"type":"Point","coordinates":[77.0797285434,10.4821680979]}},{"type":"Feature","properties":{"treeNo":"1037","plot":"Plot 2","coordinateSource":"Plot2.gpkg/Plot2","coordinateVersion":"plot2-original-approved-2026-08-12"},"geometry":{"type":"Point","coordinates":[77.0796488042,10.482169179]}},{"type":"Feature","properties":{"treeNo":"1036","plot":"Plot 2","coordinateSource":"Plot2.gpkg/Plot2","coordinateVersion":"plot2-original-approved-2026-08-12"},"geometry":{"type":"Point","coordinates":[77.0795764322,10.4821724511]}},{"type":"Feature","properties":{"treeNo":"1035","plot":"Plot 2","coordinateSource":"Plot2.gpkg/Plot2","coordinateVersion":"plot2-original-approved-2026-08-12"},"geometry":{"type":"Point","coordinates":[77.0795006444,10.4821723868]}},{"type":"Feature","properties":{"treeNo":"1034","plot":"Plot 2","coordinateSource":"Plot2.gpkg/Plot2","coordinateVersion":"plot2-original-approved-2026-08-12"},"geometry":{"type":"Point","coordinates":[77.0794223265,10.4821745781]}},{"type":"Feature","properties":{"treeNo":"1033","plot":"Plot 2","coordinateSource":"Plot2.gpkg/Plot2","coordinateVersion":"plot2-original-approved-2026-08-12"},"geometry":{"type":"Point","coordinates":[77.0793547766,10.4821800576]}},{"type":"Feature","properties":{"treeNo":"1032","plot":"Plot 2","coordinateSource":"Plot2.gpkg/Plot2","coordinateVersion":"plot2-original-approved-2026-08-12"},"geometry":{"type":"Point","coordinates":[77.079274749,10.4821803009]}},{"type":"Feature","properties":{"treeNo":"1031","plot":"Plot 2","coordinateSource":"Plot2.gpkg/Plot2","coordinateVersion":"plot2-original-approved-2026-08-12"},"geometry":{"type":"Point","coordinates":[77.0792003994,10.4821838656]}},{"type":"Feature","properties":{"treeNo":"1030","plot":"Plot 2","coordinateSource":"Plot2.gpkg/Plot2","coordinateVersion":"plot2-original-approved-2026-08-12"},"geometry":{"type":"Point","coordinates":[77.0791271846,10.4821879827]}},{"type":"Feature","properties":{"treeNo":"1029","plot":"Plot 2","coordinateSource":"Plot2.gpkg/Plot2","coordinateVersion":"plot2-original-approved-2026-08-12"},"geometry":{"type":"Point","coordinates":[77.0790483161,10.4821924166]}},{"type":"Feature","properties":{"treeNo":"1028","plot":"Plot 2","coordinateSource":"Plot2.gpkg/Plot2","coordinateVersion":"plot2-original-approved-2026-08-12"},"geometry":{"type":"Point","coordinates":[77.0789770378,10.4821900837]}},{"type":"Feature","properties":{"treeNo":"1027","plot":"Plot 2","coordinateSource":"Plot2.gpkg/Plot2","coordinateVersion":"plot2-original-approved-2026-08-12"},"geometry":{"type":"Point","coordinates":[77.078900999,10.4821947789]}},{"type":"Feature","properties":{"treeNo":"1026","plot":"Plot 2","coordinateSource":"Plot2.gpkg/Plot2","coordinateVersion":"plot2-original-approved-2026-08-12"},"geometry":{"type":"Point","coordinates":[77.0788252298,10.4821975132]}},{"type":"Feature","properties":{"treeNo":"1025","plot":"Plot 2","coordinateSource":"Plot2.gpkg/Plot2","coordinateVersion":"plot2-original-approved-2026-08-12"},"geometry":{"type":"Point","coordinates":[77.0787517229,10.4822002327]}},{"type":"Feature","properties":{"treeNo":"1024","plot":"Plot 2","coordinateSource":"Plot2.gpkg/Plot2","coordinateVersion":"plot2-original-approved-2026-08-12"},"geometry":{"type":"Point","coordinates":[77.0786779275,10.4822021144]}},{"type":"Feature","properties":{"treeNo":"1023","plot":"Plot 2","coordinateSource":"Plot2.gpkg/Plot2","coordinateVersion":"plot2-original-approved-2026-08-12"},"geometry":{"type":"Point","coordinates":[77.0786015592,10.4821998146]}},{"type":"Feature","properties":{"treeNo":"1022","plot":"Plot 2","coordinateSource":"Plot2.gpkg/Plot2","coordinateVersion":"plot2-original-approved-2026-08-12"},"geometry":{"type":"Point","coordinates":[77.0785269361,10.4822047804]}},{"type":"Feature","properties":{"treeNo":"1021","plot":"Plot 2","coordinateSource":"Plot2.gpkg/Plot2","coordinateVersion":"plot2-original-approved-2026-08-12"},"geometry":{"type":"Point","coordinates":[77.0784579946,10.4822136274]}},{"type":"Feature","properties":{"treeNo":"1020","plot":"Plot 2","coordinateSource":"Plot2.gpkg/Plot2","coordinateVersion":"plot2-original-approved-2026-08-12"},"geometry":{"type":"Point","coordinates":[77.0783816562,10.4822158055]}},{"type":"Feature","properties":{"treeNo":"1019","plot":"Plot 2","coordinateSource":"Plot2.gpkg/Plot2","coordinateVersion":"plot2-original-approved-2026-08-12"},"geometry":{"type":"Point","coordinates":[77.0783087185,10.4822190809]}},{"type":"Feature","properties":{"treeNo":"1018","plot":"Plot 2","coordinateSource":"Plot2.gpkg/Plot2","coordinateVersion":"plot2-original-approved-2026-08-12"},"geometry":{"type":"Point","coordinates":[77.0782292713,10.4822215592]}},{"type":"Feature","properties":{"treeNo":"1017","plot":"Plot 2","coordinateSource":"Plot2.gpkg/Plot2","coordinateVersion":"plot2-original-approved-2026-08-12"},"geometry":{"type":"Point","coordinates":[77.0781563467,10.4822267937]}},{"type":"Feature","properties":{"treeNo":"1016","plot":"Plot 2","coordinateSource":"Plot2.gpkg/Plot2","coordinateVersion":"plot2-original-approved-2026-08-12"},"geometry":{"type":"Point","coordinates":[77.0780749183,10.482229005]}},{"type":"Feature","properties":{"treeNo":"1043","plot":"Plot 2","coordinateSource":"Plot2.gpkg/Plot2","coordinateVersion":"plot2-original-approved-2026-08-12"},"geometry":{"type":"Point","coordinates":[77.0800091185,10.4820906952]}},{"type":"Feature","properties":{"treeNo":"1044","plot":"Plot 2","coordinateSource":"Plot2.gpkg/Plot2","coordinateVersion":"plot2-original-approved-2026-08-12"},"geometry":{"type":"Point","coordinates":[77.0799333382,10.4820917506]}},{"type":"Feature","properties":{"treeNo":"1045","plot":"Plot 2","coordinateSource":"Plot2.gpkg/Plot2","coordinateVersion":"plot2-original-approved-2026-08-12"},"geometry":{"type":"Point","coordinates":[77.0798603539,10.4820880296]}},{"type":"Feature","properties":{"treeNo":"1046","plot":"Plot 2","coordinateSource":"Plot2.gpkg/Plot2","coordinateVersion":"plot2-original-approved-2026-08-12"},"geometry":{"type":"Point","coordinates":[77.0797857309,10.4820929957]}},{"type":"Feature","properties":{"treeNo":"1047","plot":"Plot 2","coordinateSource":"Plot2.gpkg/Plot2","coordinateVersion":"plot2-original-approved-2026-08-12"},"geometry":{"type":"Point","coordinates":[77.0797142166,10.4820976615]}},{"type":"Feature","properties":{"treeNo":"1048","plot":"Plot 2","coordinateSource":"Plot2.gpkg/Plot2","coordinateVersion":"plot2-original-approved-2026-08-12"},"geometry":{"type":"Point","coordinates":[77.079636762,10.4821020863]}},{"type":"Feature","properties":{"treeNo":"1049","plot":"Plot 2","coordinateSource":"Plot2.gpkg/Plot2","coordinateVersion":"plot2-original-approved-2026-08-12"},"geometry":{"type":"Point","coordinates":[77.0795626522,10.4820992122]}},{"type":"Feature","properties":{"treeNo":"1050","plot":"Plot 2","coordinateSource":"Plot2.gpkg/Plot2","coordinateVersion":"plot2-original-approved-2026-08-12"},"geometry":{"type":"Point","coordinates":[77.0794868906,10.4821030661]}},{"type":"Feature","properties":{"treeNo":"1051","plot":"Plot 2","coordinateSource":"Plot2.gpkg/Plot2","coordinateVersion":"plot2-original-approved-2026-08-12"},"geometry":{"type":"Point","coordinates":[77.079415631,10.482103532]}},{"type":"Feature","properties":{"treeNo":"1052","plot":"Plot 2","coordinateSource":"Plot2.gpkg/Plot2","coordinateVersion":"plot2-original-approved-2026-08-12"},"geometry":{"type":"Point","coordinates":[77.0793370491,10.4821085239]}},{"type":"Feature","properties":{"treeNo":"1053","plot":"Plot 2","coordinateSource":"Plot2.gpkg/Plot2","coordinateVersion":"plot2-original-approved-2026-08-12"},"geometry":{"type":"Point","coordinates":[77.0792714562,10.482110632]}},{"type":"Feature","properties":{"treeNo":"1054","plot":"Plot 2","coordinateSource":"Plot2.gpkg/Plot2","coordinateVersion":"plot2-original-approved-2026-08-12"},"geometry":{"type":"Point","coordinates":[77.0791877432,10.4821094999]}},{"type":"Feature","properties":{"treeNo":"1055","plot":"Plot 2","coordinateSource":"Plot2.gpkg/Plot2","coordinateVersion":"plot2-original-approved-2026-08-12"},"geometry":{"type":"Point","coordinates":[77.0791165135,10.4821144436]}},{"type":"Feature","properties":{"treeNo":"1056","plot":"Plot 2","coordinateSource":"Plot2.gpkg/Plot2","coordinateVersion":"plot2-original-approved-2026-08-12"},"geometry":{"type":"Point","coordinates":[77.0790384971,10.4821194317]}},{"type":"Feature","properties":{"treeNo":"1057","plot":"Plot 2","coordinateSource":"Plot2.gpkg/Plot2","coordinateVersion":"plot2-original-approved-2026-08-12"},"geometry":{"type":"Point","coordinates":[77.0789649902,10.4821221512]}},{"type":"Feature","properties":{"treeNo":"1058","plot":"Plot 2","coordinateSource":"Plot2.gpkg/Plot2","coordinateVersion":"plot2-original-approved-2026-08-12"},"geometry":{"type":"Point","coordinates":[77.0788954421,10.4821248449]}},{"type":"Feature","properties":{"treeNo":"1059","plot":"Plot 2","coordinateSource":"Plot2.gpkg/Plot2","coordinateVersion":"plot2-original-approved-2026-08-12"},"geometry":{"type":"Point","coordinates":[77.0788100362,10.4821242835]}},{"type":"Feature","properties":{"treeNo":"1060","plot":"Plot 2","coordinateSource":"Plot2.gpkg/Plot2","coordinateVersion":"plot2-original-approved-2026-08-12"},"geometry":{"type":"Point","coordinates":[77.078739372,10.4821292235]}},{"type":"Feature","properties":{"treeNo":"1061","plot":"Plot 2","coordinateSource":"Plot2.gpkg/Plot2","coordinateVersion":"plot2-original-approved-2026-08-12"},"geometry":{"type":"Point","coordinates":[77.0786596066,10.4821263862]}},{"type":"Feature","properties":{"treeNo":"1062","plot":"Plot 2","coordinateSource":"Plot2.gpkg/Plot2","coordinateVersion":"plot2-original-approved-2026-08-12"},"geometry":{"type":"Point","coordinates":[77.0785895005,10.482130203]}},{"type":"Feature","properties":{"treeNo":"1063","plot":"Plot 2","coordinateSource":"Plot2.gpkg/Plot2","coordinateVersion":"plot2-original-approved-2026-08-12"},"geometry":{"type":"Point","coordinates":[77.0785154317,10.4821334858]}},{"type":"Feature","properties":{"treeNo":"1064","plot":"Plot 2","coordinateSource":"Plot2.gpkg/Plot2","coordinateVersion":"plot2-original-approved-2026-08-12"},"geometry":{"type":"Point","coordinates":[77.0784413928,10.4821412466]}},{"type":"Feature","properties":{"treeNo":"1065","plot":"Plot 2","coordinateSource":"Plot2.gpkg/Plot2","coordinateVersion":"plot2-original-approved-2026-08-12"},"geometry":{"type":"Point","coordinates":[77.0783718485,10.4821444998]}},{"type":"Feature","properties":{"treeNo":"1066","plot":"Plot 2","coordinateSource":"Plot2.gpkg/Plot2","coordinateVersion":"plot2-original-approved-2026-08-12"},"geometry":{"type":"Point","coordinates":[77.0782972291,10.4821500253]}},{"type":"Feature","properties":{"treeNo":"1067","plot":"Plot 2","coordinateSource":"Plot2.gpkg/Plot2","coordinateVersion":"plot2-original-approved-2026-08-12"},"geometry":{"type":"Point","coordinates":[77.0782225761,10.4821505131]}},{"type":"Feature","properties":{"treeNo":"1068","plot":"Plot 2","coordinateSource":"Plot2.gpkg/Plot2","coordinateVersion":"plot2-original-approved-2026-08-12"},"geometry":{"type":"Point","coordinates":[77.0781462563,10.4821554898]}},{"type":"Feature","properties":{"treeNo":"1069","plot":"Plot 2","coordinateSource":"Plot2.gpkg/Plot2","coordinateVersion":"plot2-original-approved-2026-08-12"},"geometry":{"type":"Point","coordinates":[77.0780625246,10.4821515588]}},{"type":"Feature","properties":{"treeNo":"1070","plot":"Plot 2","coordinateSource":"Plot2.gpkg/Plot2","coordinateVersion":"plot2-original-approved-2026-08-12"},"geometry":{"type":"Point","coordinates":[77.0780555522,10.4820813541]}},{"type":"Feature","properties":{"treeNo":"1071","plot":"Plot 2","coordinateSource":"Plot2.gpkg/Plot2","coordinateVersion":"plot2-original-approved-2026-08-12"},"geometry":{"type":"Point","coordinates":[77.0781341566,10.482079721]}},{"type":"Feature","properties":{"treeNo":"1072","plot":"Plot 2","coordinateSource":"Plot2.gpkg/Plot2","coordinateVersion":"plot2-original-approved-2026-08-12"},"geometry":{"type":"Point","coordinates":[77.078204566,10.4820789811]}},{"type":"Feature","properties":{"treeNo":"1073","plot":"Plot 2","coordinateSource":"Plot2.gpkg/Plot2","coordinateVersion":"plot2-original-approved-2026-08-12"},"geometry":{"type":"Point","coordinates":[77.0782814588,10.4820751201]}},{"type":"Feature","properties":{"treeNo":"1074","plot":"Plot 2","coordinateSource":"Plot2.gpkg/Plot2","coordinateVersion":"plot2-original-approved-2026-08-12"},"geometry":{"type":"Point","coordinates":[77.0783606474,10.4820762819]}},{"type":"Feature","properties":{"treeNo":"1075","plot":"Plot 2","coordinateSource":"Plot2.gpkg/Plot2","coordinateVersion":"plot2-original-approved-2026-08-12"},"geometry":{"type":"Point","coordinates":[77.0784380927,10.4820704581]}},{"type":"Feature","properties":{"treeNo":"1076","plot":"Plot 2","coordinateSource":"Plot2.gpkg/Plot2","coordinateVersion":"plot2-original-approved-2026-08-12"},"geometry":{"type":"Point","coordinates":[77.078512684,10.4820607346]}},{"type":"Feature","properties":{"treeNo":"1077","plot":"Plot 2","coordinateSource":"Plot2.gpkg/Plot2","coordinateVersion":"plot2-original-approved-2026-08-12"},"geometry":{"type":"Point","coordinates":[77.0785816815,10.4820602837]}},{"type":"Feature","properties":{"treeNo":"1078","plot":"Plot 2","coordinateSource":"Plot2.gpkg/Plot2","coordinateVersion":"plot2-original-approved-2026-08-12"},"geometry":{"type":"Point","coordinates":[77.0786565873,10.482055316]}},{"type":"Feature","properties":{"treeNo":"1079","plot":"Plot 2","coordinateSource":"Plot2.gpkg/Plot2","coordinateVersion":"plot2-original-approved-2026-08-12"},"geometry":{"type":"Point","coordinates":[77.0787281223,10.482053729]}},{"type":"Feature","properties":{"treeNo":"1080","plot":"Plot 2","coordinateSource":"Plot2.gpkg/Plot2","coordinateVersion":"plot2-original-approved-2026-08-12"},"geometry":{"type":"Point","coordinates":[77.0788044495,10.4820498716]}},{"type":"Feature","properties":{"treeNo":"1081","plot":"Plot 2","coordinateSource":"Plot2.gpkg/Plot2","coordinateVersion":"plot2-original-approved-2026-08-12"},"geometry":{"type":"Point","coordinates":[77.0788810632,10.482046572]}},{"type":"Feature","properties":{"treeNo":"1082","plot":"Plot 2","coordinateSource":"Plot2.gpkg/Plot2","coordinateVersion":"plot2-original-approved-2026-08-12"},"geometry":{"type":"Point","coordinates":[77.078956557,10.4820449591]}},{"type":"Feature","properties":{"treeNo":"1083","plot":"Plot 2","coordinateSource":"Plot2.gpkg/Plot2","coordinateVersion":"plot2-original-approved-2026-08-12"},"geometry":{"type":"Point","coordinates":[77.0790300676,10.4820427993]}},{"type":"Feature","properties":{"treeNo":"1084","plot":"Plot 2","coordinateSource":"Plot2.gpkg/Plot2","coordinateVersion":"plot2-original-approved-2026-08-12"},"geometry":{"type":"Point","coordinates":[77.0791018779,10.4820400908]}},{"type":"Feature","properties":{"treeNo":"1085","plot":"Plot 2","coordinateSource":"Plot2.gpkg/Plot2","coordinateVersion":"plot2-original-approved-2026-08-12"},"geometry":{"type":"Point","coordinates":[77.0791770739,10.4820362407]}},{"type":"Feature","properties":{"treeNo":"1086","plot":"Plot 2","coordinateSource":"Plot2.gpkg/Plot2","coordinateVersion":"plot2-original-approved-2026-08-12"},"geometry":{"type":"Point","coordinates":[77.0792562662,10.4820379621]}},{"type":"Feature","properties":{"treeNo":"1087","plot":"Plot 2","coordinateSource":"Plot2.gpkg/Plot2","coordinateVersion":"plot2-original-approved-2026-08-12"},"geometry":{"type":"Point","coordinates":[77.0793320465,10.4820369069]}},{"type":"Feature","properties":{"treeNo":"1088","plot":"Plot 2","coordinateSource":"Plot2.gpkg/Plot2","coordinateVersion":"plot2-original-approved-2026-08-12"},"geometry":{"type":"Point","coordinates":[77.0794066658,10.4820313812]}},{"type":"Feature","properties":{"treeNo":"1089","plot":"Plot 2","coordinateSource":"Plot2.gpkg/Plot2","coordinateVersion":"plot2-original-approved-2026-08-12"},"geometry":{"type":"Point","coordinates":[77.0794767644,10.4820264449]}},{"type":"Feature","properties":{"treeNo":"1090","plot":"Plot 2","coordinateSource":"Plot2.gpkg/Plot2","coordinateVersion":"plot2-original-approved-2026-08-12"},"geometry":{"type":"Point","coordinates":[77.0795457618,10.4820259938]}},{"type":"Feature","properties":{"treeNo":"1091","plot":"Plot 2","coordinateSource":"Plot2.gpkg/Plot2","coordinateVersion":"plot2-original-approved-2026-08-12"},"geometry":{"type":"Point","coordinates":[77.0796243549,10.4820226811]}},{"type":"Feature","properties":{"treeNo":"1092","plot":"Plot 2","coordinateSource":"Plot2.gpkg/Plot2","coordinateVersion":"plot2-original-approved-2026-08-12"},"geometry":{"type":"Point","coordinates":[77.0797075098,10.4820249362]}},{"type":"Feature","properties":{"treeNo":"1093","plot":"Plot 2","coordinateSource":"Plot2.gpkg/Plot2","coordinateVersion":"plot2-original-approved-2026-08-12"},"geometry":{"type":"Point","coordinates":[77.0797781739,10.482019996]}},{"type":"Feature","properties":{"treeNo":"1094","plot":"Plot 2","coordinateSource":"Plot2.gpkg/Plot2","coordinateVersion":"plot2-original-approved-2026-08-12"},"geometry":{"type":"Point","coordinates":[77.079849999,10.4820195264]}},{"type":"Feature","properties":{"treeNo":"1095","plot":"Plot 2","coordinateSource":"Plot2.gpkg/Plot2","coordinateVersion":"plot2-original-approved-2026-08-12"},"geometry":{"type":"Point","coordinates":[77.0799314161,10.4820156354]}},{"type":"Feature","properties":{"treeNo":"1096","plot":"Plot 2","coordinateSource":"Plot2.gpkg/Plot2","coordinateVersion":"plot2-original-approved-2026-08-12"},"geometry":{"type":"Point","coordinates":[77.0800026832,10.4820162889]}},{"type":"Feature","properties":{"treeNo":"1097","plot":"Plot 2","coordinateSource":"Plot2.gpkg/Plot2","coordinateVersion":"plot2-original-approved-2026-08-12"},"geometry":{"type":"Point","coordinates":[77.0800430653,10.4820501703]}},{"type":"Feature","properties":{"treeNo":"1098","plot":"Plot 2","coordinateSource":"Plot2.gpkg/Plot2","coordinateVersion":"plot2-original-approved-2026-08-12"},"geometry":{"type":"Point","coordinates":[77.0800408717,10.4819757362]}},{"type":"Feature","properties":{"treeNo":"1143","plot":"Plot 2","coordinateSource":"Plot2.gpkg/Plot2","coordinateVersion":"plot2-original-approved-2026-08-12"},"geometry":{"type":"Point","coordinates":[77.0800426817,10.4819079931]}},{"type":"Feature","properties":{"treeNo":"1099","plot":"Plot 2","coordinateSource":"Plot2.gpkg/Plot2","coordinateVersion":"plot2-original-approved-2026-08-12"},"geometry":{"type":"Point","coordinates":[77.0799897515,10.4819430446]}},{"type":"Feature","properties":{"treeNo":"1100","plot":"Plot 2","coordinateSource":"Plot2.gpkg/Plot2","coordinateVersion":"plot2-original-approved-2026-08-12"},"geometry":{"type":"Point","coordinates":[77.0799128476,10.4819452267]}},{"type":"Feature","properties":{"treeNo":"1101","plot":"Plot 2","coordinateSource":"Plot2.gpkg/Plot2","coordinateVersion":"plot2-original-approved-2026-08-12"},"geometry":{"type":"Point","coordinates":[77.0798415918,10.4819462525]}},{"type":"Feature","properties":{"treeNo":"1102","plot":"Plot 2","coordinateSource":"Plot2.gpkg/Plot2","coordinateVersion":"plot2-original-approved-2026-08-12"},"geometry":{"type":"Point","coordinates":[77.0797709314,10.4819517524]}},{"type":"Feature","properties":{"treeNo":"1103","plot":"Plot 2","coordinateSource":"Plot2.gpkg/Plot2","coordinateVersion":"plot2-original-approved-2026-08-12"},"geometry":{"type":"Point","coordinates":[77.0796906081,10.4819500385]}},{"type":"Feature","properties":{"treeNo":"1104","plot":"Plot 2","coordinateSource":"Plot2.gpkg/Plot2","coordinateVersion":"plot2-original-approved-2026-08-12"},"geometry":{"type":"Point","coordinates":[77.0796142735,10.4819527767]}},{"type":"Feature","properties":{"treeNo":"1105","plot":"Plot 2","coordinateSource":"Plot2.gpkg/Plot2","coordinateVersion":"plot2-original-approved-2026-08-12"},"geometry":{"type":"Point","coordinates":[77.0795441263,10.4819504365]}},{"type":"Feature","properties":{"treeNo":"1106","plot":"Plot 2","coordinateSource":"Plot2.gpkg/Plot2","coordinateVersion":"plot2-original-approved-2026-08-12"},"geometry":{"type":"Point","coordinates":[77.079468934,10.4819548464]}},{"type":"Feature","properties":{"treeNo":"1107","plot":"Plot 2","coordinateSource":"Plot2.gpkg/Plot2","coordinateVersion":"plot2-original-approved-2026-08-12"},"geometry":{"type":"Point","coordinates":[77.079387502,10.4819564983]}},{"type":"Feature","properties":{"treeNo":"1108","plot":"Plot 2","coordinateSource":"Plot2.gpkg/Plot2","coordinateVersion":"plot2-original-approved-2026-08-12"},"geometry":{"type":"Point","coordinates":[77.0793156769,10.4819569679]}},{"type":"Feature","properties":{"treeNo":"1109","plot":"Plot 2","coordinateSource":"Plot2.gpkg/Plot2","coordinateVersion":"plot2-original-approved-2026-08-12"},"geometry":{"type":"Point","coordinates":[77.079245582,10.481962464]}},{"type":"Feature","properties":{"treeNo":"1110","plot":"Plot 2","coordinateSource":"Plot2.gpkg/Plot2","coordinateVersion":"plot2-original-approved-2026-08-12"},"geometry":{"type":"Point","coordinates":[77.0791720527,10.4819618251]}},{"type":"Feature","properties":{"treeNo":"1111","plot":"Plot 2","coordinateSource":"Plot2.gpkg/Plot2","coordinateVersion":"plot2-original-approved-2026-08-12"},"geometry":{"type":"Point","coordinates":[77.0790923434,10.481967384]}},{"type":"Feature","properties":{"treeNo":"1112","plot":"Plot 2","coordinateSource":"Plot2.gpkg/Plot2","coordinateVersion":"plot2-original-approved-2026-08-12"},"geometry":{"type":"Point","coordinates":[77.0790182411,10.4819656293]}},{"type":"Feature","properties":{"treeNo":"1113","plot":"Plot 2","coordinateSource":"Plot2.gpkg/Plot2","coordinateVersion":"plot2-original-approved-2026-08-12"},"geometry":{"type":"Point","coordinates":[77.0789407866,10.4819700539]}},{"type":"Feature","properties":{"treeNo":"1114","plot":"Plot 2","coordinateSource":"Plot2.gpkg/Plot2","coordinateVersion":"plot2-original-approved-2026-08-12"},"geometry":{"type":"Point","coordinates":[77.0788638976,10.4819744748]}},{"type":"Feature","properties":{"treeNo":"1115","plot":"Plot 2","coordinateSource":"Plot2.gpkg/Plot2","coordinateVersion":"plot2-original-approved-2026-08-12"},"geometry":{"type":"Point","coordinates":[77.0787960164,10.4819726794]}},{"type":"Feature","properties":{"treeNo":"1116","plot":"Plot 2","coordinateSource":"Plot2.gpkg/Plot2","coordinateVersion":"plot2-original-approved-2026-08-12"},"geometry":{"type":"Point","coordinates":[77.0787202547,10.4819765331]}},{"type":"Feature","properties":{"treeNo":"1117","plot":"Plot 2","coordinateSource":"Plot2.gpkg/Plot2","coordinateVersion":"plot2-original-approved-2026-08-12"},"geometry":{"type":"Point","coordinates":[77.0786439201,10.4819792711]}},{"type":"Feature","properties":{"treeNo":"1118","plot":"Plot 2","coordinateSource":"Plot2.gpkg/Plot2","coordinateVersion":"plot2-original-approved-2026-08-12"},"geometry":{"type":"Point","coordinates":[77.0785667334,10.4819814548]}},{"type":"Feature","properties":{"treeNo":"1119","plot":"Plot 2","coordinateSource":"Plot2.gpkg/Plot2","coordinateVersion":"plot2-original-approved-2026-08-12"},"geometry":{"type":"Point","coordinates":[77.0781969944,10.4820037424]}},{"type":"Feature","properties":{"treeNo":"1120","plot":"Plot 2","coordinateSource":"Plot2.gpkg/Plot2","coordinateVersion":"plot2-original-approved-2026-08-12"},"geometry":{"type":"Point","coordinates":[77.0781246056,10.4820044952]}},{"type":"Feature","properties":{"treeNo":"1121","plot":"Plot 2","coordinateSource":"Plot2.gpkg/Plot2","coordinateVersion":"plot2-original-approved-2026-08-12"},"geometry":{"type":"Point","coordinates":[77.0780462933,10.4820075258]}},{"type":"Feature","properties":{"treeNo":"1122","plot":"Plot 2","coordinateSource":"Plot2.gpkg/Plot2","coordinateVersion":"plot2-original-approved-2026-08-12"},"geometry":{"type":"Point","coordinates":[77.078086413,10.4819596838]}},{"type":"Feature","properties":{"treeNo":"1123","plot":"Plot 2","coordinateSource":"Plot2.gpkg/Plot2","coordinateVersion":"plot2-original-approved-2026-08-12"},"geometry":{"type":"Point","coordinates":[77.0785566765,10.4819151886]}},{"type":"Feature","properties":{"treeNo":"1124","plot":"Plot 2","coordinateSource":"Plot2.gpkg/Plot2","coordinateVersion":"plot2-original-approved-2026-08-12"},"geometry":{"type":"Point","coordinates":[77.0786349644,10.4819085196]}},{"type":"Feature","properties":{"treeNo":"1125","plot":"Plot 2","coordinateSource":"Plot2.gpkg/Plot2","coordinateVersion":"plot2-original-approved-2026-08-12"},"geometry":{"type":"Point","coordinates":[77.0787101791,10.4819074683]}},{"type":"Feature","properties":{"treeNo":"1126","plot":"Plot 2","coordinateSource":"Plot2.gpkg/Plot2","coordinateVersion":"plot2-original-approved-2026-08-12"},"geometry":{"type":"Point","coordinates":[77.0787811354,10.4819039258]}},{"type":"Feature","properties":{"treeNo":"1127","plot":"Plot 2","coordinateSource":"Plot2.gpkg/Plot2","coordinateVersion":"plot2-original-approved-2026-08-12"},"geometry":{"type":"Point","coordinates":[77.0788603202,10.4819045278]}},{"type":"Feature","properties":{"treeNo":"1128","plot":"Plot 2","coordinateSource":"Plot2.gpkg/Plot2","coordinateVersion":"plot2-original-approved-2026-08-12"},"geometry":{"type":"Point","coordinates":[77.0789332709,10.4819032114]}},{"type":"Feature","properties":{"treeNo":"1129","plot":"Plot 2","coordinateSource":"Plot2.gpkg/Plot2","coordinateVersion":"plot2-original-approved-2026-08-12"},"geometry":{"type":"Point","coordinates":[77.0790050792,10.4819002231]}},{"type":"Feature","properties":{"treeNo":"1130","plot":"Plot 2","coordinateSource":"Plot2.gpkg/Plot2","coordinateVersion":"plot2-original-approved-2026-08-12"},"geometry":{"type":"Point","coordinates":[77.0790839271,10.4818927107]}},{"type":"Feature","properties":{"treeNo":"1131","plot":"Plot 2","coordinateSource":"Plot2.gpkg/Plot2","coordinateVersion":"plot2-original-approved-2026-08-12"},"geometry":{"type":"Point","coordinates":[77.079156329,10.4818939167]}},{"type":"Feature","properties":{"treeNo":"1132","plot":"Plot 2","coordinateSource":"Plot2.gpkg/Plot2","coordinateVersion":"plot2-original-approved-2026-08-12"},"geometry":{"type":"Point","coordinates":[77.0792281466,10.4818923277]}},{"type":"Feature","properties":{"treeNo":"1133","plot":"Plot 2","coordinateSource":"Plot2.gpkg/Plot2","coordinateVersion":"plot2-original-approved-2026-08-12"},"geometry":{"type":"Point","coordinates":[77.0793056086,10.4818890225]}},{"type":"Feature","properties":{"treeNo":"1134","plot":"Plot 2","coordinateSource":"Plot2.gpkg/Plot2","coordinateVersion":"plot2-original-approved-2026-08-12"},"geometry":{"type":"Point","coordinates":[77.079385917,10.4818884975]}},{"type":"Feature","properties":{"treeNo":"1135","plot":"Plot 2","coordinateSource":"Plot2.gpkg/Plot2","coordinateVersion":"plot2-original-approved-2026-08-12"},"geometry":{"type":"Point","coordinates":[77.0794605475,10.481884651]}},{"type":"Feature","properties":{"treeNo":"1136","plot":"Plot 2","coordinateSource":"Plot2.gpkg/Plot2","coordinateVersion":"plot2-original-approved-2026-08-12"},"geometry":{"type":"Point","coordinates":[77.0795317846,10.4818808267]}},{"type":"Feature","properties":{"treeNo":"1137","plot":"Plot 2","coordinateSource":"Plot2.gpkg/Plot2","coordinateVersion":"plot2-original-approved-2026-08-12"},"geometry":{"type":"Point","coordinates":[77.0796081416,10.481881447]}},{"type":"Feature","properties":{"treeNo":"1138","plot":"Plot 2","coordinateSource":"Plot2.gpkg/Plot2","coordinateVersion":"plot2-original-approved-2026-08-12"},"geometry":{"type":"Point","coordinates":[77.0796822103,10.4818781639]}},{"type":"Feature","properties":{"treeNo":"1139","plot":"Plot 2","coordinateSource":"Plot2.gpkg/Plot2","coordinateVersion":"plot2-original-approved-2026-08-12"},"geometry":{"type":"Point","coordinates":[77.079760807,10.481875411]}},{"type":"Feature","properties":{"treeNo":"1140","plot":"Plot 2","coordinateSource":"Plot2.gpkg/Plot2","coordinateVersion":"plot2-original-approved-2026-08-12"},"geometry":{"type":"Point","coordinates":[77.0798331977,10.4818749376]}},{"type":"Feature","properties":{"treeNo":"1141","plot":"Plot 2","coordinateSource":"Plot2.gpkg/Plot2","coordinateVersion":"plot2-original-approved-2026-08-12"},"geometry":{"type":"Point","coordinates":[77.0799078431,10.48187333]}},{"type":"Feature","properties":{"treeNo":"1142","plot":"Plot 2","coordinateSource":"Plot2.gpkg/Plot2","coordinateVersion":"plot2-original-approved-2026-08-12"},"geometry":{"type":"Point","coordinates":[77.0799824698,10.4818689236]}},{"type":"Feature","properties":{"treeNo":"1144","plot":"Plot 2","coordinateSource":"Plot2.gpkg/Plot2","coordinateVersion":"plot2-original-approved-2026-08-12"},"geometry":{"type":"Point","coordinates":[77.0800357388,10.4818422664]}},{"type":"Feature","properties":{"treeNo":"1145","plot":"Plot 2","coordinateSource":"Plot2.gpkg/Plot2","coordinateVersion":"plot2-original-approved-2026-08-12"},"geometry":{"type":"Point","coordinates":[77.0800387179,10.4818013843]}},{"type":"Feature","properties":{"treeNo":"1146","plot":"Plot 2","coordinateSource":"Plot2.gpkg/Plot2","coordinateVersion":"plot2-original-approved-2026-08-12"},"geometry":{"type":"Point","coordinates":[77.0799657281,10.4817968237]}},{"type":"Feature","properties":{"treeNo":"1147","plot":"Plot 2","coordinateSource":"Plot2.gpkg/Plot2","coordinateVersion":"plot2-original-approved-2026-08-12"},"geometry":{"type":"Point","coordinates":[77.079892477,10.4817954835]}},{"type":"Feature","properties":{"treeNo":"1148","plot":"Plot 2","coordinateSource":"Plot2.gpkg/Plot2","coordinateVersion":"plot2-original-approved-2026-08-12"},"geometry":{"type":"Point","coordinates":[77.0798185423,10.4817976463]}},{"type":"Feature","properties":{"treeNo":"1149","plot":"Plot 2","coordinateSource":"Plot2.gpkg/Plot2","coordinateVersion":"plot2-original-approved-2026-08-12"},"geometry":{"type":"Point","coordinates":[77.0797409371,10.4818006726]}},{"type":"Feature","properties":{"treeNo":"1150","plot":"Plot 2","coordinateSource":"Plot2.gpkg/Plot2","coordinateVersion":"plot2-original-approved-2026-08-12"},"geometry":{"type":"Point","coordinates":[77.0796702572,10.4818032339]}},{"type":"Feature","properties":{"treeNo":"1151","plot":"Plot 2","coordinateSource":"Plot2.gpkg/Plot2","coordinateVersion":"plot2-original-approved-2026-08-12"},"geometry":{"type":"Point","coordinates":[77.0795981437,10.4818028657]}},{"type":"Feature","properties":{"treeNo":"1152","plot":"Plot 2","coordinateSource":"Plot2.gpkg/Plot2","coordinateVersion":"plot2-original-approved-2026-08-12"},"geometry":{"type":"Point","coordinates":[77.0795170225,10.4818087138]}},{"type":"Feature","properties":{"treeNo":"1153","plot":"Plot 2","coordinateSource":"Plot2.gpkg/Plot2","coordinateVersion":"plot2-original-approved-2026-08-12"},"geometry":{"type":"Point","coordinates":[77.0794418153,10.4818108848]}},{"type":"Feature","properties":{"treeNo":"1154","plot":"Plot 2","coordinateSource":"Plot2.gpkg/Plot2","coordinateVersion":"plot2-original-approved-2026-08-12"},"geometry":{"type":"Point","coordinates":[77.0793711306,10.4818127463]}},{"type":"Feature","properties":{"treeNo":"1155","plot":"Plot 2","coordinateSource":"Plot2.gpkg/Plot2","coordinateVersion":"plot2-original-approved-2026-08-12"},"geometry":{"type":"Point","coordinates":[77.0792911144,10.4818146688]}},{"type":"Feature","properties":{"treeNo":"1156","plot":"Plot 2","coordinateSource":"Plot2.gpkg/Plot2","coordinateVersion":"plot2-original-approved-2026-08-12"},"geometry":{"type":"Point","coordinates":[77.0792187368,10.4818171011]}},{"type":"Feature","properties":{"treeNo":"1157","plot":"Plot 2","coordinateSource":"Plot2.gpkg/Plot2","coordinateVersion":"plot2-original-approved-2026-08-12"},"geometry":{"type":"Point","coordinates":[77.0791452318,10.4818201005]}},{"type":"Feature","properties":{"treeNo":"1158","plot":"Plot 2","coordinateSource":"Plot2.gpkg/Plot2","coordinateVersion":"plot2-original-approved-2026-08-12"},"geometry":{"type":"Point","coordinates":[77.0790686032,10.4818211612]}},{"type":"Feature","properties":{"treeNo":"1159","plot":"Plot 2","coordinateSource":"Plot2.gpkg/Plot2","coordinateVersion":"plot2-original-approved-2026-08-12"},"geometry":{"type":"Point","coordinates":[77.0789967856,10.4818227501]}},{"type":"Feature","properties":{"treeNo":"1160","plot":"Plot 2","coordinateSource":"Plot2.gpkg/Plot2","coordinateVersion":"plot2-original-approved-2026-08-12"},"geometry":{"type":"Point","coordinates":[77.07892217,10.4818288355]}},{"type":"Feature","properties":{"treeNo":"1161","plot":"Plot 2","coordinateSource":"Plot2.gpkg/Plot2","coordinateVersion":"plot2-original-approved-2026-08-12"},"geometry":{"type":"Point","coordinates":[77.0788480752,10.4818282002]}},{"type":"Feature","properties":{"treeNo":"1162","plot":"Plot 2","coordinateSource":"Plot2.gpkg/Plot2","coordinateVersion":"plot2-original-approved-2026-08-12"},"geometry":{"type":"Point","coordinates":[77.0787757107,10.4818325915]}},{"type":"Feature","properties":{"treeNo":"1163","plot":"Plot 2","coordinateSource":"Plot2.gpkg/Plot2","coordinateVersion":"plot2-original-approved-2026-08-12"},"geometry":{"type":"Point","coordinates":[77.0786970952,10.4818325455]}},{"type":"Feature","properties":{"treeNo":"1164","plot":"Plot 2","coordinateSource":"Plot2.gpkg/Plot2","coordinateVersion":"plot2-original-approved-2026-08-12"},"geometry":{"type":"Point","coordinates":[77.0786258505,10.4818352502]}},{"type":"Feature","properties":{"treeNo":"1165","plot":"Plot 2","coordinateSource":"Plot2.gpkg/Plot2","coordinateVersion":"plot2-original-approved-2026-08-12"},"geometry":{"type":"Point","coordinates":[77.0785461487,10.4818419284]}},{"type":"Feature","properties":{"treeNo":"1167","plot":"Plot 2","coordinateSource":"Plot2.gpkg/Plot2","coordinateVersion":"plot2-original-approved-2026-08-12"},"geometry":{"type":"Point","coordinates":[77.0785347549,10.481766015]}},{"type":"Feature","properties":{"treeNo":"1168","plot":"Plot 2","coordinateSource":"Plot2.gpkg/Plot2","coordinateVersion":"plot2-original-approved-2026-08-12"},"geometry":{"type":"Point","coordinates":[77.0786113789,10.4817642548]}},{"type":"Feature","properties":{"treeNo":"1169","plot":"Plot 2","coordinateSource":"Plot2.gpkg/Plot2","coordinateVersion":"plot2-original-approved-2026-08-12"},"geometry":{"type":"Point","coordinates":[77.078686454,10.4817634843]}},{"type":"Feature","properties":{"treeNo":"1170","plot":"Plot 2","coordinateSource":"Plot2.gpkg/Plot2","coordinateVersion":"plot2-original-approved-2026-08-12"},"geometry":{"type":"Point","coordinates":[77.0787571397,10.4817617629]}},{"type":"Feature","properties":{"treeNo":"1171","plot":"Plot 2","coordinateSource":"Plot2.gpkg/Plot2","coordinateVersion":"plot2-original-approved-2026-08-12"},"geometry":{"type":"Point","coordinates":[77.0788351597,10.4817573347]}},{"type":"Feature","properties":{"treeNo":"1172","plot":"Plot 2","coordinateSource":"Plot2.gpkg/Plot2","coordinateVersion":"plot2-original-approved-2026-08-12"},"geometry":{"type":"Point","coordinates":[77.0789137528,10.4817540222]}},{"type":"Feature","properties":{"treeNo":"1173","plot":"Plot 2","coordinateSource":"Plot2.gpkg/Plot2","coordinateVersion":"plot2-original-approved-2026-08-12"},"geometry":{"type":"Point","coordinates":[77.0789833007,10.4817513286]}},{"type":"Feature","properties":{"treeNo":"1174","plot":"Plot 2","coordinateSource":"Plot2.gpkg/Plot2","coordinateVersion":"plot2-original-approved-2026-08-12"},"geometry":{"type":"Point","coordinates":[77.0790624892,10.4817524902]}},{"type":"Feature","properties":{"treeNo":"1175","plot":"Plot 2","coordinateSource":"Plot2.gpkg/Plot2","coordinateVersion":"plot2-original-approved-2026-08-12"},"geometry":{"type":"Point","coordinates":[77.0791422171,10.4817497301]}},{"type":"Feature","properties":{"treeNo":"1176","plot":"Plot 2","coordinateSource":"Plot2.gpkg/Plot2","coordinateVersion":"plot2-original-approved-2026-08-12"},"geometry":{"type":"Point","coordinates":[77.0792128812,10.48174479]}},{"type":"Feature","properties":{"treeNo":"1177","plot":"Plot 2","coordinateSource":"Plot2.gpkg/Plot2","coordinateVersion":"plot2-original-approved-2026-08-12"},"geometry":{"type":"Point","coordinates":[77.0792858524,10.4817465521]}},{"type":"Feature","properties":{"treeNo":"1178","plot":"Plot 2","coordinateSource":"Plot2.gpkg/Plot2","coordinateVersion":"plot2-original-approved-2026-08-12"},"geometry":{"type":"Point","coordinates":[77.0793576438,10.4817410449]}},{"type":"Feature","properties":{"treeNo":"1179","plot":"Plot 2","coordinateSource":"Plot2.gpkg/Plot2","coordinateVersion":"plot2-original-approved-2026-08-12"},"geometry":{"type":"Point","coordinates":[77.0794328622,10.4817405532]}},{"type":"Feature","properties":{"treeNo":"1180","plot":"Plot 2","coordinateSource":"Plot2.gpkg/Plot2","coordinateVersion":"plot2-original-approved-2026-08-12"},"geometry":{"type":"Point","coordinates":[77.0795075263,10.4817417443]}},{"type":"Feature","properties":{"treeNo":"1181","plot":"Plot 2","coordinateSource":"Plot2.gpkg/Plot2","coordinateVersion":"plot2-original-approved-2026-08-12"},"geometry":{"type":"Point","coordinates":[77.0795855426,10.4817367562]}},{"type":"Feature","properties":{"treeNo":"1182","plot":"Plot 2","coordinateSource":"Plot2.gpkg/Plot2","coordinateVersion":"plot2-original-approved-2026-08-12"},"geometry":{"type":"Point","coordinates":[77.0796618734,10.4817334583]}},{"type":"Feature","properties":{"treeNo":"1183","plot":"Plot 2","coordinateSource":"Plot2.gpkg/Plot2","coordinateVersion":"plot2-original-approved-2026-08-12"},"geometry":{"type":"Point","coordinates":[77.0797359569,10.4817324141]}},{"type":"Feature","properties":{"treeNo":"1184","plot":"Plot 2","coordinateSource":"Plot2.gpkg/Plot2","coordinateVersion":"plot2-original-approved-2026-08-12"},"geometry":{"type":"Point","coordinates":[77.0798048982,10.4817235669]}},{"type":"Feature","properties":{"treeNo":"1185","plot":"Plot 2","coordinateSource":"Plot2.gpkg/Plot2","coordinateVersion":"plot2-original-approved-2026-08-12"},"geometry":{"type":"Point","coordinates":[77.0798874762,10.4817241465]}},{"type":"Feature","properties":{"treeNo":"1186","plot":"Plot 2","coordinateSource":"Plot2.gpkg/Plot2","coordinateVersion":"plot2-original-approved-2026-08-12"},"geometry":{"type":"Point","coordinates":[77.0799536345,10.4817220346]}},{"type":"Feature","properties":{"treeNo":"1187","plot":"Plot 2","coordinateSource":"Plot2.gpkg/Plot2","coordinateVersion":"plot2-original-approved-2026-08-12"},"geometry":{"type":"Point","coordinates":[77.0800322537,10.48172264]}},{"type":"Feature","properties":{"treeNo":"1188","plot":"Plot 2","coordinateSource":"Plot2.gpkg/Plot2","coordinateVersion":"plot2-original-approved-2026-08-12"},"geometry":{"type":"Point","coordinates":[77.0800193594,10.481654993]}},{"type":"Feature","properties":{"treeNo":"1189","plot":"Plot 2","coordinateSource":"Plot2.gpkg/Plot2","coordinateVersion":"plot2-original-approved-2026-08-12"},"geometry":{"type":"Point","coordinates":[77.0799429838,10.4816515741]}},{"type":"Feature","properties":{"treeNo":"1190","plot":"Plot 2","coordinateSource":"Plot2.gpkg/Plot2","coordinateVersion":"plot2-original-approved-2026-08-12"},"geometry":{"type":"Point","coordinates":[77.0798677766,10.4816537452]}},{"type":"Feature","properties":{"treeNo":"1191","plot":"Plot 2","coordinateSource":"Plot2.gpkg/Plot2","coordinateVersion":"plot2-original-approved-2026-08-12"},"geometry":{"type":"Point","coordinates":[77.0797982138,10.4816542001]}},{"type":"Feature","properties":{"treeNo":"1192","plot":"Plot 2","coordinateSource":"Plot2.gpkg/Plot2","coordinateVersion":"plot2-original-approved-2026-08-12"},"geometry":{"type":"Point","coordinates":[77.0797213062,10.4816558224]}},{"type":"Feature","properties":{"treeNo":"1193","plot":"Plot 2","coordinateSource":"Plot2.gpkg/Plot2","coordinateVersion":"plot2-original-approved-2026-08-12"},"geometry":{"type":"Point","coordinates":[77.0796449643,10.4816574411]}},{"type":"Feature","properties":{"treeNo":"1194","plot":"Plot 2","coordinateSource":"Plot2.gpkg/Plot2","coordinateVersion":"plot2-original-approved-2026-08-12"},"geometry":{"type":"Point","coordinates":[77.0795725774,10.4816584741]}},{"type":"Feature","properties":{"treeNo":"1195","plot":"Plot 2","coordinateSource":"Plot2.gpkg/Plot2","coordinateVersion":"plot2-original-approved-2026-08-12"},"geometry":{"type":"Point","coordinates":[77.0795008009,10.4816662203]}},{"type":"Feature","properties":{"treeNo":"1196","plot":"Plot 2","coordinateSource":"Plot2.gpkg/Plot2","coordinateVersion":"plot2-original-approved-2026-08-12"},"geometry":{"type":"Point","coordinates":[77.0794153727,10.4816623007]}},{"type":"Feature","properties":{"treeNo":"1197","plot":"Plot 2","coordinateSource":"Plot2.gpkg/Plot2","coordinateVersion":"plot2-original-approved-2026-08-12"},"geometry":{"type":"Point","coordinates":[77.0793469671,10.4816666662]}},{"type":"Feature","properties":{"treeNo":"1198","plot":"Plot 2","coordinateSource":"Plot2.gpkg/Plot2","coordinateVersion":"plot2-original-approved-2026-08-12"},"geometry":{"type":"Point","coordinates":[77.0792774378,10.4816721586]}},{"type":"Feature","properties":{"treeNo":"1199","plot":"Plot 2","coordinateSource":"Plot2.gpkg/Plot2","coordinateVersion":"plot2-original-approved-2026-08-12"},"geometry":{"type":"Point","coordinates":[77.0791937548,10.4816755045]}},{"type":"Feature","properties":{"treeNo":"1200","plot":"Plot 2","coordinateSource":"Plot2.gpkg/Plot2","coordinateVersion":"plot2-original-approved-2026-08-12"},"geometry":{"type":"Point","coordinates":[77.0791207874,10.4816743021]}},{"type":"Feature","properties":{"treeNo":"1201","plot":"Plot 2","coordinateSource":"Plot2.gpkg/Plot2","coordinateVersion":"plot2-original-approved-2026-08-12"},"geometry":{"type":"Point","coordinates":[77.0790427562,10.4816770512]}},{"type":"Feature","properties":{"treeNo":"1202","plot":"Plot 2","coordinateSource":"Plot2.gpkg/Plot2","coordinateVersion":"plot2-original-approved-2026-08-12"},"geometry":{"type":"Point","coordinates":[77.0789681221,10.4816803379]}},{"type":"Feature","properties":{"treeNo":"1203","plot":"Plot 2","coordinateSource":"Plot2.gpkg/Plot2","coordinateVersion":"plot2-original-approved-2026-08-12"},"geometry":{"type":"Point","coordinates":[77.078899694,10.4816813449]}},{"type":"Feature","properties":{"treeNo":"1204","plot":"Plot 2","coordinateSource":"Plot2.gpkg/Plot2","coordinateVersion":"plot2-original-approved-2026-08-12"},"geometry":{"type":"Point","coordinates":[77.0788261797,10.4816829449]}},{"type":"Feature","properties":{"treeNo":"1205","plot":"Plot 2","coordinateSource":"Plot2.gpkg/Plot2","coordinateVersion":"plot2-original-approved-2026-08-12"},"geometry":{"type":"Point","coordinates":[77.07874589,10.4816862684]}},{"type":"Feature","properties":{"treeNo":"1206","plot":"Plot 2","coordinateSource":"Plot2.gpkg/Plot2","coordinateVersion":"plot2-original-approved-2026-08-12"},"geometry":{"type":"Point","coordinates":[77.0786695517,10.4816884466]}},{"type":"Feature","properties":{"treeNo":"1207","plot":"Plot 2","coordinateSource":"Plot2.gpkg/Plot2","coordinateVersion":"plot2-original-approved-2026-08-12"},"geometry":{"type":"Point","coordinates":[77.0785994531,10.4816933828]}},{"type":"Feature","properties":{"treeNo":"1208","plot":"Plot 2","coordinateSource":"Plot2.gpkg/Plot2","coordinateVersion":"plot2-original-approved-2026-08-12"},"geometry":{"type":"Point","coordinates":[77.0785219725,10.4816938891]}},{"type":"Feature","properties":{"treeNo":"1209","plot":"Plot 2","coordinateSource":"Plot2.gpkg/Plot2","coordinateVersion":"plot2-original-approved-2026-08-12"},"geometry":{"type":"Point","coordinates":[77.0783635787,10.4816890466]}},{"type":"Feature","properties":{"treeNo":"1210","plot":"Plot 2","coordinateSource":"Plot2.gpkg/Plot2","coordinateVersion":"plot2-original-approved-2026-08-12"},"geometry":{"type":"Point","coordinates":[77.0784378059,10.4816247486]}},{"type":"Feature","properties":{"treeNo":"1211","plot":"Plot 2","coordinateSource":"Plot2.gpkg/Plot2","coordinateVersion":"plot2-original-approved-2026-08-12"},"geometry":{"type":"Point","coordinates":[77.0785141517,10.48162369]}},{"type":"Feature","properties":{"treeNo":"1212","plot":"Plot 2","coordinateSource":"Plot2.gpkg/Plot2","coordinateVersion":"plot2-original-approved-2026-08-12"},"geometry":{"type":"Point","coordinates":[77.0785887784,10.481619284]}},{"type":"Feature","properties":{"treeNo":"1213","plot":"Plot 2","coordinateSource":"Plot2.gpkg/Plot2","coordinateVersion":"plot2-original-approved-2026-08-12"},"geometry":{"type":"Point","coordinates":[77.0786656654,10.4816145833]}},{"type":"Feature","properties":{"treeNo":"1214","plot":"Plot 2","coordinateSource":"Plot2.gpkg/Plot2","coordinateVersion":"plot2-original-approved-2026-08-12"},"geometry":{"type":"Point","coordinates":[77.0787377696,10.4816135523]}},{"type":"Feature","properties":{"treeNo":"1215","plot":"Plot 2","coordinateSource":"Plot2.gpkg/Plot2","coordinateVersion":"plot2-original-approved-2026-08-12"},"geometry":{"type":"Point","coordinates":[77.0788107071,10.4816102768]}},{"type":"Feature","properties":{"treeNo":"1216","plot":"Plot 2","coordinateSource":"Plot2.gpkg/Plot2","coordinateVersion":"plot2-original-approved-2026-08-12"},"geometry":{"type":"Point","coordinates":[77.0788842139,10.4816075573]}},{"type":"Feature","properties":{"treeNo":"1217","plot":"Plot 2","coordinateSource":"Plot2.gpkg/Plot2","coordinateVersion":"plot2-original-approved-2026-08-12"},"geometry":{"type":"Point","coordinates":[77.0789605709,10.4816081778]}},{"type":"Feature","properties":{"treeNo":"1218","plot":"Plot 2","coordinateSource":"Plot2.gpkg/Plot2","coordinateVersion":"plot2-original-approved-2026-08-12"},"geometry":{"type":"Point","coordinates":[77.079037456,10.4816031972]}},{"type":"Feature","properties":{"treeNo":"1219","plot":"Plot 2","coordinateSource":"Plot2.gpkg/Plot2","coordinateVersion":"plot2-original-approved-2026-08-12"},"geometry":{"type":"Point","coordinates":[77.0791137906,10.4816004592]}},{"type":"Feature","properties":{"treeNo":"1220","plot":"Plot 2","coordinateSource":"Plot2.gpkg/Plot2","coordinateVersion":"plot2-original-approved-2026-08-12"},"geometry":{"type":"Point","coordinates":[77.0791844733,10.4815983179]}},{"type":"Feature","properties":{"treeNo":"1221","plot":"Plot 2","coordinateSource":"Plot2.gpkg/Plot2","coordinateVersion":"plot2-original-approved-2026-08-12"},"geometry":{"type":"Point","coordinates":[77.079265336,10.48159611]}},{"type":"Feature","properties":{"treeNo":"1222","plot":"Plot 2","coordinateSource":"Plot2.gpkg/Plot2","coordinateVersion":"plot2-original-approved-2026-08-12"},"geometry":{"type":"Point","coordinates":[77.0793377154,10.4815939576]}},{"type":"Feature","properties":{"treeNo":"1223","plot":"Plot 2","coordinateSource":"Plot2.gpkg/Plot2","coordinateVersion":"plot2-original-approved-2026-08-12"},"geometry":{"type":"Point","coordinates":[77.0794078475,10.4815940588]}},{"type":"Feature","properties":{"treeNo":"1224","plot":"Plot 2","coordinateSource":"Plot2.gpkg/Plot2","coordinateVersion":"plot2-original-approved-2026-08-12"},"geometry":{"type":"Point","coordinates":[77.0794819385,10.4815941342]}},{"type":"Feature","properties":{"treeNo":"1225","plot":"Plot 2","coordinateSource":"Plot2.gpkg/Plot2","coordinateVersion":"plot2-original-approved-2026-08-12"},"geometry":{"type":"Point","coordinates":[77.0795633369,10.4815874447]}},{"type":"Feature","properties":{"treeNo":"1226","plot":"Plot 2","coordinateSource":"Plot2.gpkg/Plot2","coordinateVersion":"plot2-original-approved-2026-08-12"},"geometry":{"type":"Point","coordinates":[77.0796397087,10.4815903039]}},{"type":"Feature","properties":{"treeNo":"1227","plot":"Plot 2","coordinateSource":"Plot2.gpkg/Plot2","coordinateVersion":"plot2-original-approved-2026-08-12"},"geometry":{"type":"Point","coordinates":[77.0797064214,10.4815865092]}},{"type":"Feature","properties":{"treeNo":"1228","plot":"Plot 2","coordinateSource":"Plot2.gpkg/Plot2","coordinateVersion":"plot2-original-approved-2026-08-12"},"geometry":{"type":"Point","coordinates":[77.0797850144,10.4815831965]}},{"type":"Feature","properties":{"treeNo":"1229","plot":"Plot 2","coordinateSource":"Plot2.gpkg/Plot2","coordinateVersion":"plot2-original-approved-2026-08-12"},"geometry":{"type":"Point","coordinates":[77.0798624987,10.4815832496]}},{"type":"Feature","properties":{"treeNo":"1230","plot":"Plot 2","coordinateSource":"Plot2.gpkg/Plot2","coordinateVersion":"plot2-original-approved-2026-08-12"},"geometry":{"type":"Point","coordinates":[77.0799354062,10.481575496]}},{"type":"Feature","properties":{"treeNo":"1231","plot":"Plot 2","coordinateSource":"Plot2.gpkg/Plot2","coordinateVersion":"plot2-original-approved-2026-08-12"},"geometry":{"type":"Point","coordinates":[77.0799937813,10.4815935864]}},{"type":"Feature","properties":{"treeNo":"1232","plot":"Plot 2","coordinateSource":"Plot2.gpkg/Plot2","coordinateVersion":"plot2-original-approved-2026-08-12"},"geometry":{"type":"Point","coordinates":[77.0799696433,10.4815360887]}},{"type":"Feature","properties":{"treeNo":"1233","plot":"Plot 2","coordinateSource":"Plot2.gpkg/Plot2","coordinateVersion":"plot2-original-approved-2026-08-12"},"geometry":{"type":"Point","coordinates":[77.0799235534,10.4814944079]}},{"type":"Feature","properties":{"treeNo":"1234","plot":"Plot 2","coordinateSource":"Plot2.gpkg/Plot2","coordinateVersion":"plot2-original-approved-2026-08-12"},"geometry":{"type":"Point","coordinates":[77.079848938,10.4815004934]}},{"type":"Feature","properties":{"treeNo":"1235","plot":"Plot 2","coordinateSource":"Plot2.gpkg/Plot2","coordinateVersion":"plot2-original-approved-2026-08-12"},"geometry":{"type":"Point","coordinates":[77.0797731803,10.4815049071]}},{"type":"Feature","properties":{"treeNo":"1236","plot":"Plot 2","coordinateSource":"Plot2.gpkg/Plot2","coordinateVersion":"plot2-original-approved-2026-08-12"},"geometry":{"type":"Point","coordinates":[77.0796962877,10.4815087684]}},{"type":"Feature","properties":{"treeNo":"1237","plot":"Plot 2","coordinateSource":"Plot2.gpkg/Plot2","coordinateVersion":"plot2-original-approved-2026-08-12"},"geometry":{"type":"Point","coordinates":[77.0796210656,10.4815087005]}},{"type":"Feature","properties":{"treeNo":"1238","plot":"Plot 2","coordinateSource":"Plot2.gpkg/Plot2","coordinateVersion":"plot2-original-approved-2026-08-12"},"geometry":{"type":"Point","coordinates":[77.0795498248,10.4815119651]}},{"type":"Feature","properties":{"treeNo":"1239","plot":"Plot 2","coordinateSource":"Plot2.gpkg/Plot2","coordinateVersion":"plot2-original-approved-2026-08-12"},"geometry":{"type":"Point","coordinates":[77.0794785915,10.4815163491]}},{"type":"Feature","properties":{"treeNo":"1240","plot":"Plot 2","coordinateSource":"Plot2.gpkg/Plot2","coordinateVersion":"plot2-original-approved-2026-08-12"},"geometry":{"type":"Point","coordinates":[77.0794028114,10.4815174043]}},{"type":"Feature","properties":{"treeNo":"1241","plot":"Plot 2","coordinateSource":"Plot2.gpkg/Plot2","coordinateVersion":"plot2-original-approved-2026-08-12"},"geometry":{"type":"Point","coordinates":[77.0793270611,10.4815229373]}},{"type":"Feature","properties":{"treeNo":"1242","plot":"Plot 2","coordinateSource":"Plot2.gpkg/Plot2","coordinateVersion":"plot2-original-approved-2026-08-12"},"geometry":{"type":"Point","coordinates":[77.0792478689,10.481521216]}},{"type":"Feature","properties":{"treeNo":"1243","plot":"Plot 2","coordinateSource":"Plot2.gpkg/Plot2","coordinateVersion":"plot2-original-approved-2026-08-12"},"geometry":{"type":"Point","coordinates":[77.0791760887,10.4815284023]}},{"type":"Feature","properties":{"treeNo":"1244","plot":"Plot 2","coordinateSource":"Plot2.gpkg/Plot2","coordinateVersion":"plot2-original-approved-2026-08-12"},"geometry":{"type":"Point","coordinates":[77.0791031251,10.4815277597]}},{"type":"Feature","properties":{"treeNo":"1245","plot":"Plot 2","coordinateSource":"Plot2.gpkg/Plot2","coordinateVersion":"plot2-original-approved-2026-08-12"},"geometry":{"type":"Point","coordinates":[77.0790262287,10.4815310611]}},{"type":"Feature","properties":{"treeNo":"1246","plot":"Plot 2","coordinateSource":"Plot2.gpkg/Plot2","coordinateVersion":"plot2-original-approved-2026-08-12"},"geometry":{"type":"Point","coordinates":[77.0789521601,10.4815343441]}},{"type":"Feature","properties":{"treeNo":"1247","plot":"Plot 2","coordinateSource":"Plot2.gpkg/Plot2","coordinateVersion":"plot2-original-approved-2026-08-12"},"geometry":{"type":"Point","coordinates":[77.0788786347,10.4815342649]}},{"type":"Feature","properties":{"treeNo":"1248","plot":"Plot 2","coordinateSource":"Plot2.gpkg/Plot2","coordinateVersion":"plot2-original-approved-2026-08-12"},"geometry":{"type":"Point","coordinates":[77.0788056972,10.4815375404]}},{"type":"Feature","properties":{"treeNo":"1249","plot":"Plot 2","coordinateSource":"Plot2.gpkg/Plot2","coordinateVersion":"plot2-original-approved-2026-08-12"},"geometry":{"type":"Point","coordinates":[77.0787242652,10.4815391921]}},{"type":"Feature","properties":{"treeNo":"1250","plot":"Plot 2","coordinateSource":"Plot2.gpkg/Plot2","coordinateVersion":"plot2-original-approved-2026-08-12"},"geometry":{"type":"Point","coordinates":[77.0786496198,10.4815407994]}},{"type":"Feature","properties":{"treeNo":"1251","plot":"Plot 2","coordinateSource":"Plot2.gpkg/Plot2","coordinateVersion":"plot2-original-approved-2026-08-12"},"geometry":{"type":"Point","coordinates":[77.0785721654,10.4815452239]}},{"type":"Feature","properties":{"treeNo":"1252","plot":"Plot 2","coordinateSource":"Plot2.gpkg/Plot2","coordinateVersion":"plot2-original-approved-2026-08-12"},"geometry":{"type":"Point","coordinates":[77.0785088311,10.4815467573]}},{"type":"Feature","properties":{"treeNo":"1253","plot":"Plot 2","coordinateSource":"Plot2.gpkg/Plot2","coordinateVersion":"plot2-original-approved-2026-08-12"},"geometry":{"type":"Point","coordinates":[77.0784319085,10.4815461404]}},{"type":"Feature","properties":{"treeNo":"1254","plot":"Plot 2","coordinateSource":"Plot2.gpkg/Plot2","coordinateVersion":"plot2-original-approved-2026-08-12"},"geometry":{"type":"Point","coordinates":[77.0783556113,10.4815544756]}},{"type":"Feature","properties":{"treeNo":"1255","plot":"Plot 2","coordinateSource":"Plot2.gpkg/Plot2","coordinateVersion":"plot2-original-approved-2026-08-12"},"geometry":{"type":"Point","coordinates":[77.0784184565,10.4814796165]}},{"type":"Feature","properties":{"treeNo":"1256","plot":"Plot 2","coordinateSource":"Plot2.gpkg/Plot2","coordinateVersion":"plot2-original-approved-2026-08-12"},"geometry":{"type":"Point","coordinates":[77.078491394,10.4814763411]}},{"type":"Feature","properties":{"treeNo":"1257","plot":"Plot 2","coordinateSource":"Plot2.gpkg/Plot2","coordinateVersion":"plot2-original-approved-2026-08-12"},"geometry":{"type":"Point","coordinates":[77.0785688447,10.4814713569]}},{"type":"Feature","properties":{"treeNo":"1258","plot":"Plot 2","coordinateSource":"Plot2.gpkg/Plot2","coordinateVersion":"plot2-original-approved-2026-08-12"},"geometry":{"type":"Point","coordinates":[77.0786400968,10.4814697717]}},{"type":"Feature","properties":{"treeNo":"1259","plot":"Plot 2","coordinateSource":"Plot2.gpkg/Plot2","coordinateVersion":"plot2-original-approved-2026-08-12"},"geometry":{"type":"Point","coordinates":[77.0787243528,10.4814675418]}},{"type":"Feature","properties":{"treeNo":"1260","plot":"Plot 2","coordinateSource":"Plot2.gpkg/Plot2","coordinateVersion":"plot2-original-approved-2026-08-12"},"geometry":{"type":"Point","coordinates":[77.0787944513,10.4814626056]}},{"type":"Feature","properties":{"treeNo":"1261","plot":"Plot 2","coordinateSource":"Plot2.gpkg/Plot2","coordinateVersion":"plot2-original-approved-2026-08-12"},"geometry":{"type":"Point","coordinates":[77.0788691302,10.4814660359]}},{"type":"Feature","properties":{"treeNo":"1262","plot":"Plot 2","coordinateSource":"Plot2.gpkg/Plot2","coordinateVersion":"plot2-original-approved-2026-08-12"},"geometry":{"type":"Point","coordinates":[77.0789426295,10.4814621969]}},{"type":"Feature","properties":{"treeNo":"1263","plot":"Plot 2","coordinateSource":"Plot2.gpkg/Plot2","coordinateVersion":"plot2-original-approved-2026-08-12"},"geometry":{"type":"Point","coordinates":[77.0790183873,10.4814577835]}},{"type":"Feature","properties":{"treeNo":"1264","plot":"Plot 2","coordinateSource":"Plot2.gpkg/Plot2","coordinateVersion":"plot2-original-approved-2026-08-12"},"geometry":{"type":"Point","coordinates":[77.0790964185,10.4814550344]}},{"type":"Feature","properties":{"treeNo":"1265","plot":"Plot 2","coordinateSource":"Plot2.gpkg/Plot2","coordinateVersion":"plot2-original-approved-2026-08-12"},"geometry":{"type":"Point","coordinates":[77.0791665506,10.4814551357]}},{"type":"Feature","properties":{"treeNo":"1266","plot":"Plot 2","coordinateSource":"Plot2.gpkg/Plot2","coordinateVersion":"plot2-original-approved-2026-08-12"},"geometry":{"type":"Point","coordinates":[77.0792377988,10.4814529907]}},{"type":"Feature","properties":{"treeNo":"1267","plot":"Plot 2","coordinateSource":"Plot2.gpkg/Plot2","coordinateVersion":"plot2-original-approved-2026-08-12"},"geometry":{"type":"Point","coordinates":[77.0793175042,10.4814468721]}},{"type":"Feature","properties":{"treeNo":"1268","plot":"Plot 2","coordinateSource":"Plot2.gpkg/Plot2","coordinateVersion":"plot2-original-approved-2026-08-12"},"geometry":{"type":"Point","coordinates":[77.0793938686,10.4814486119]}},{"type":"Feature","properties":{"treeNo":"1269","plot":"Plot 2","coordinateSource":"Plot2.gpkg/Plot2","coordinateVersion":"plot2-original-approved-2026-08-12"},"geometry":{"type":"Point","coordinates":[77.0794623003,10.4814481645]}},{"type":"Feature","properties":{"treeNo":"1270","plot":"Plot 2","coordinateSource":"Plot2.gpkg/Plot2","coordinateVersion":"plot2-original-approved-2026-08-12"},"geometry":{"type":"Point","coordinates":[77.079548796,10.4814425612]}},{"type":"Feature","properties":{"treeNo":"1271","plot":"Plot 2","coordinateSource":"Plot2.gpkg/Plot2","coordinateVersion":"plot2-original-approved-2026-08-12"},"geometry":{"type":"Point","coordinates":[77.0796126847,10.4814393447]}},{"type":"Feature","properties":{"treeNo":"1272","plot":"Plot 2","coordinateSource":"Plot2.gpkg/Plot2","coordinateVersion":"plot2-original-approved-2026-08-12"},"geometry":{"type":"Point","coordinates":[77.0796884685,10.4814388492]}},{"type":"Feature","properties":{"treeNo":"1273","plot":"Plot 2","coordinateSource":"Plot2.gpkg/Plot2","coordinateVersion":"plot2-original-approved-2026-08-12"},"geometry":{"type":"Point","coordinates":[77.0797599902,10.4814353029]}},{"type":"Feature","properties":{"treeNo":"1274","plot":"Plot 2","coordinateSource":"Plot2.gpkg/Plot2","coordinateVersion":"plot2-original-approved-2026-08-12"},"geometry":{"type":"Point","coordinates":[77.0798400157,10.4814347796]}},{"type":"Feature","properties":{"treeNo":"1275","plot":"Plot 2","coordinateSource":"Plot2.gpkg/Plot2","coordinateVersion":"plot2-original-approved-2026-08-12"},"geometry":{"type":"Point","coordinates":[77.0799028031,10.4814360484]}},{"type":"Feature","properties":{"treeNo":"1276","plot":"Plot 2","coordinateSource":"Plot2.gpkg/Plot2","coordinateVersion":"plot2-original-approved-2026-08-12"},"geometry":{"type":"Point","coordinates":[77.0798682752,10.481389534]}},{"type":"Feature","properties":{"treeNo":"1278","plot":"Plot 2","coordinateSource":"Plot2.gpkg/Plot2","coordinateVersion":"plot2-original-approved-2026-08-12"},"geometry":{"type":"Point","coordinates":[77.0797450885,10.4813634708]}},{"type":"Feature","properties":{"treeNo":"1279","plot":"Plot 2","coordinateSource":"Plot2.gpkg/Plot2","coordinateVersion":"plot2-original-approved-2026-08-12"},"geometry":{"type":"Point","coordinates":[77.0796732822,10.4813667391]}},{"type":"Feature","properties":{"treeNo":"1280","plot":"Plot 2","coordinateSource":"Plot2.gpkg/Plot2","coordinateVersion":"plot2-original-approved-2026-08-12"},"geometry":{"type":"Point","coordinates":[77.0796003037,10.4813638577]}},{"type":"Feature","properties":{"treeNo":"1280.1","plot":"Plot 2","coordinateSource":"Plot2.gpkg/Plot2","coordinateVersion":"plot2-original-approved-2026-08-12"},"geometry":{"type":"Point","coordinates":[77.0795273775,10.4813688126]}},{"type":"Feature","properties":{"treeNo":"1281","plot":"Plot 2","coordinateSource":"Plot2.gpkg/Plot2","coordinateVersion":"plot2-original-approved-2026-08-12"},"geometry":{"type":"Point","coordinates":[77.0794533015,10.4813709761]}},{"type":"Feature","properties":{"treeNo":"1282","plot":"Plot 2","coordinateSource":"Plot2.gpkg/Plot2","coordinateVersion":"plot2-original-approved-2026-08-12"},"geometry":{"type":"Point","coordinates":[77.0793752816,10.4813754045]}},{"type":"Feature","properties":{"treeNo":"1283","plot":"Plot 2","coordinateSource":"Plot2.gpkg/Plot2","coordinateVersion":"plot2-original-approved-2026-08-12"},"geometry":{"type":"Point","coordinates":[77.079301773,10.4813778442]}},{"type":"Feature","properties":{"treeNo":"1284","plot":"Plot 2","coordinateSource":"Plot2.gpkg/Plot2","coordinateVersion":"plot2-original-approved-2026-08-12"},"geometry":{"type":"Point","coordinates":[77.0792242813,10.4813766714]}},{"type":"Feature","properties":{"treeNo":"1285","plot":"Plot 2","coordinateSource":"Plot2.gpkg/Plot2","coordinateVersion":"plot2-original-approved-2026-08-12"},"geometry":{"type":"Point","coordinates":[77.0791530555,10.4813821749]}},{"type":"Feature","properties":{"treeNo":"1286","plot":"Plot 2","coordinateSource":"Plot2.gpkg/Plot2","coordinateVersion":"plot2-original-approved-2026-08-12"},"geometry":{"type":"Point","coordinates":[77.0790767135,10.4813837934]}},{"type":"Feature","properties":{"treeNo":"1287","plot":"Plot 2","coordinateSource":"Plot2.gpkg/Plot2","coordinateVersion":"plot2-original-approved-2026-08-12"},"geometry":{"type":"Point","coordinates":[77.0790060233,10.4813848152]}},{"type":"Feature","properties":{"treeNo":"1288","plot":"Plot 2","coordinateSource":"Plot2.gpkg/Plot2","coordinateVersion":"plot2-original-approved-2026-08-12"},"geometry":{"type":"Point","coordinates":[77.0789257262,10.4813870193]}},{"type":"Feature","properties":{"treeNo":"1289","plot":"Plot 2","coordinateSource":"Plot2.gpkg/Plot2","coordinateVersion":"plot2-original-approved-2026-08-12"},"geometry":{"type":"Point","coordinates":[77.0788607065,10.4813902431]}},{"type":"Feature","properties":{"treeNo":"1290","plot":"Plot 2","coordinateSource":"Plot2.gpkg/Plot2","coordinateVersion":"plot2-original-approved-2026-08-12"},"geometry":{"type":"Point","coordinates":[77.0787804019,10.4813913277]}},{"type":"Feature","properties":{"treeNo":"1291","plot":"Plot 2","coordinateSource":"Plot2.gpkg/Plot2","coordinateVersion":"plot2-original-approved-2026-08-12"},"geometry":{"type":"Point","coordinates":[77.0787023707,10.4813940767]}},{"type":"Feature","properties":{"treeNo":"1292","plot":"Plot 2","coordinateSource":"Plot2.gpkg/Plot2","coordinateVersion":"plot2-original-approved-2026-08-12"},"geometry":{"type":"Point","coordinates":[77.0786322573,10.4813967739]}},{"type":"Feature","properties":{"treeNo":"1293","plot":"Plot 2","coordinateSource":"Plot2.gpkg/Plot2","coordinateVersion":"plot2-original-approved-2026-08-12"},"geometry":{"type":"Point","coordinates":[77.0785524847,10.4813928171]}},{"type":"Feature","properties":{"treeNo":"1294","plot":"Plot 2","coordinateSource":"Plot2.gpkg/Plot2","coordinateVersion":"plot2-original-approved-2026-08-12"},"geometry":{"type":"Point","coordinates":[77.0784823936,10.4813988727]}},{"type":"Feature","properties":{"treeNo":"1295","plot":"Plot 2","coordinateSource":"Plot2.gpkg/Plot2","coordinateVersion":"plot2-original-approved-2026-08-12"},"geometry":{"type":"Point","coordinates":[77.0784168008,10.4814009806]}},{"type":"Feature","properties":{"treeNo":"1296","plot":"Plot 2","coordinateSource":"Plot2.gpkg/Plot2","coordinateVersion":"plot2-original-approved-2026-08-12"},"geometry":{"type":"Point","coordinates":[77.0783551669,10.4814030626]}},{"type":"Feature","properties":{"treeNo":"1297","plot":"Plot 2","coordinateSource":"Plot2.gpkg/Plot2","coordinateVersion":"plot2-original-approved-2026-08-12"},"geometry":{"type":"Point","coordinates":[77.0783518612,10.4813314345]}},{"type":"Feature","properties":{"treeNo":"1298","plot":"Plot 2","coordinateSource":"Plot2.gpkg/Plot2","coordinateVersion":"plot2-original-approved-2026-08-12"},"geometry":{"type":"Point","coordinates":[77.0784129445,10.4813315952]}},{"type":"Feature","properties":{"treeNo":"1299","plot":"Plot 2","coordinateSource":"Plot2.gpkg/Plot2","coordinateVersion":"plot2-original-approved-2026-08-12"},"geometry":{"type":"Point","coordinates":[77.0784723013,10.481327289]}},{"type":"Feature","properties":{"treeNo":"1300","plot":"Plot 2","coordinateSource":"Plot2.gpkg/Plot2","coordinateVersion":"plot2-original-approved-2026-08-12"},"geometry":{"type":"Point","coordinates":[77.0785424297,10.4813268307]}},{"type":"Feature","properties":{"treeNo":"1301","plot":"Plot 2","coordinateSource":"Plot2.gpkg/Plot2","coordinateVersion":"plot2-original-approved-2026-08-12"},"geometry":{"type":"Point","coordinates":[77.0786198654,10.4813196076]}},{"type":"Feature","properties":{"treeNo":"1302","plot":"Plot 2","coordinateSource":"Plot2.gpkg/Plot2","coordinateVersion":"plot2-original-approved-2026-08-12"},"geometry":{"type":"Point","coordinates":[77.0786911361,10.4813208211]}},{"type":"Feature","properties":{"treeNo":"1303","plot":"Plot 2","coordinateSource":"Plot2.gpkg/Plot2","coordinateVersion":"plot2-original-approved-2026-08-12"},"geometry":{"type":"Point","coordinates":[77.0787663507,10.4813197698]}},{"type":"Feature","properties":{"treeNo":"1304","plot":"Plot 2","coordinateSource":"Plot2.gpkg/Plot2","coordinateVersion":"plot2-original-approved-2026-08-12"},"geometry":{"type":"Point","coordinates":[77.0788432582,10.4813181477]}},{"type":"Feature","properties":{"treeNo":"1305","plot":"Plot 2","coordinateSource":"Plot2.gpkg/Plot2","coordinateVersion":"plot2-original-approved-2026-08-12"},"geometry":{"type":"Point","coordinates":[77.0789195777,10.4813131708]}},{"type":"Feature","properties":{"treeNo":"1306","plot":"Plot 2","coordinateSource":"Plot2.gpkg/Plot2","coordinateVersion":"plot2-original-approved-2026-08-12"},"geometry":{"type":"Point","coordinates":[77.0789930957,10.4813121305]}},{"type":"Feature","properties":{"treeNo":"1307","plot":"Plot 2","coordinateSource":"Plot2.gpkg/Plot2","coordinateVersion":"plot2-original-approved-2026-08-12"},"geometry":{"type":"Point","coordinates":[77.0790660294,10.4813082952]}},{"type":"Feature","properties":{"treeNo":"1308","plot":"Plot 2","coordinateSource":"Plot2.gpkg/Plot2","coordinateVersion":"plot2-original-approved-2026-08-12"},"geometry":{"type":"Point","coordinates":[77.079141817,10.4813083596]}},{"type":"Feature","properties":{"treeNo":"1309","plot":"Plot 2","coordinateSource":"Plot2.gpkg/Plot2","coordinateVersion":"plot2-original-approved-2026-08-12"},"geometry":{"type":"Point","coordinates":[77.0792220879,10.4813022373]}},{"type":"Feature","properties":{"treeNo":"1310","plot":"Plot 2","coordinateSource":"Plot2.gpkg/Plot2","coordinateVersion":"plot2-original-approved-2026-08-12"},"geometry":{"type":"Point","coordinates":[77.0792964653,10.4813028707]}},{"type":"Feature","properties":{"treeNo":"1311","plot":"Plot 2","coordinateSource":"Plot2.gpkg/Plot2","coordinateVersion":"plot2-original-approved-2026-08-12"},"geometry":{"type":"Point","coordinates":[77.0793674046,10.4812968093]}},{"type":"Feature","properties":{"treeNo":"1312","plot":"Plot 2","coordinateSource":"Plot2.gpkg/Plot2","coordinateVersion":"plot2-original-approved-2026-08-12"},"geometry":{"type":"Point","coordinates":[77.0794440592,10.4812996668]}},{"type":"Feature","properties":{"treeNo":"1313","plot":"Plot 2","coordinateSource":"Plot2.gpkg/Plot2","coordinateVersion":"plot2-original-approved-2026-08-12"},"geometry":{"type":"Point","coordinates":[77.0795206727,10.4812963671]}},{"type":"Feature","properties":{"treeNo":"1314","plot":"Plot 2","coordinateSource":"Plot2.gpkg/Plot2","coordinateVersion":"plot2-original-approved-2026-08-12"},"geometry":{"type":"Point","coordinates":[77.0795933198,10.4812919738]}},{"type":"Feature","properties":{"treeNo":"1315","plot":"Plot 2","coordinateSource":"Plot2.gpkg/Plot2","coordinateVersion":"plot2-original-approved-2026-08-12"},"geometry":{"type":"Point","coordinates":[77.0796648508,10.4812898269]}},{"type":"Feature","properties":{"treeNo":"1316","plot":"Plot 2","coordinateSource":"Plot2.gpkg/Plot2","coordinateVersion":"plot2-original-approved-2026-08-12"},"geometry":{"type":"Point","coordinates":[77.0797329885,10.4812877021]}},{"type":"Feature","properties":{"treeNo":"1317","plot":"Plot 2","coordinateSource":"Plot2.gpkg/Plot2","coordinateVersion":"plot2-original-approved-2026-08-12"},"geometry":{"type":"Point","coordinates":[77.0797942109,10.4813087127]}},{"type":"Feature","properties":{"treeNo":"1318","plot":"Plot 2","coordinateSource":"Plot2.gpkg/Plot2","coordinateVersion":"plot2-original-approved-2026-08-12"},"geometry":{"type":"Point","coordinates":[77.0797689755,10.48125626]}},{"type":"Feature","properties":{"treeNo":"1319","plot":"Plot 2","coordinateSource":"Plot2.gpkg/Plot2","coordinateVersion":"plot2-original-approved-2026-08-12"},"geometry":{"type":"Point","coordinates":[77.0797262677,10.4812128778]}},{"type":"Feature","properties":{"treeNo":"1320","plot":"Plot 2","coordinateSource":"Plot2.gpkg/Plot2","coordinateVersion":"plot2-original-approved-2026-08-12"},"geometry":{"type":"Point","coordinates":[77.0796547611,10.481218663]}},{"type":"Feature","properties":{"treeNo":"1321","plot":"Plot 2","coordinateSource":"Plot2.gpkg/Plot2","coordinateVersion":"plot2-original-approved-2026-08-12"},"geometry":{"type":"Point","coordinates":[77.079583511,10.4812205283]}},{"type":"Feature","properties":{"treeNo":"1322","plot":"Plot 2","coordinateSource":"Plot2.gpkg/Plot2","coordinateVersion":"plot2-original-approved-2026-08-12"},"geometry":{"type":"Point","coordinates":[77.0795074836,10.4812269028]}},{"type":"Feature","properties":{"treeNo":"1323","plot":"Plot 2","coordinateSource":"Plot2.gpkg/Plot2","coordinateVersion":"plot2-original-approved-2026-08-12"},"geometry":{"type":"Point","coordinates":[77.0794319527,10.4812229185]}},{"type":"Feature","properties":{"treeNo":"1324","plot":"Plot 2","coordinateSource":"Plot2.gpkg/Plot2","coordinateVersion":"plot2-original-approved-2026-08-12"},"geometry":{"type":"Point","coordinates":[77.0793558861,10.4812234157]}},{"type":"Feature","properties":{"treeNo":"1325","plot":"Plot 2","coordinateSource":"Plot2.gpkg/Plot2","coordinateVersion":"plot2-original-approved-2026-08-12"},"geometry":{"type":"Point","coordinates":[77.079280694,10.4812278256]}},{"type":"Feature","properties":{"treeNo":"1326","plot":"Plot 2","coordinateSource":"Plot2.gpkg/Plot2","coordinateVersion":"plot2-original-approved-2026-08-12"},"geometry":{"type":"Point","coordinates":[77.0792066236,10.4812308287]}},{"type":"Feature","properties":{"treeNo":"1327","plot":"Plot 2","coordinateSource":"Plot2.gpkg/Plot2","coordinateVersion":"plot2-original-approved-2026-08-12"},"geometry":{"type":"Point","coordinates":[77.0791328341,10.4812335501]}},{"type":"Feature","properties":{"treeNo":"1328","plot":"Plot 2","coordinateSource":"Plot2.gpkg/Plot2","coordinateVersion":"plot2-original-approved-2026-08-12"},"geometry":{"type":"Point","coordinates":[77.079057627,10.4812357209]}},{"type":"Feature","properties":{"treeNo":"1329","plot":"Plot 2","coordinateSource":"Plot2.gpkg/Plot2","coordinateVersion":"plot2-original-approved-2026-08-12"},"geometry":{"type":"Point","coordinates":[77.0789823994,10.4812348132]}},{"type":"Feature","properties":{"treeNo":"1330","plot":"Plot 2","coordinateSource":"Plot2.gpkg/Plot2","coordinateVersion":"plot2-original-approved-2026-08-12"},"geometry":{"type":"Point","coordinates":[77.0789043907,10.4812409207]}},{"type":"Feature","properties":{"treeNo":"1331","plot":"Plot 2","coordinateSource":"Plot2.gpkg/Plot2","coordinateVersion":"plot2-original-approved-2026-08-12"},"geometry":{"type":"Point","coordinates":[77.0788342848,10.4812447374]}},{"type":"Feature","properties":{"treeNo":"1332","plot":"Plot 2","coordinateSource":"Plot2.gpkg/Plot2","coordinateVersion":"plot2-original-approved-2026-08-12"},"geometry":{"type":"Point","coordinates":[77.078759059,10.4812441095]}},{"type":"Feature","properties":{"treeNo":"1333","plot":"Plot 2","coordinateSource":"Plot2.gpkg/Plot2","coordinateVersion":"plot2-original-approved-2026-08-12"},"geometry":{"type":"Point","coordinates":[77.0786835766,10.4812474016]}},{"type":"Feature","properties":{"treeNo":"1334","plot":"Plot 2","coordinateSource":"Plot2.gpkg/Plot2","coordinateVersion":"plot2-original-approved-2026-08-12"},"geometry":{"type":"Point","coordinates":[77.078610347,10.4812492796]}},{"type":"Feature","properties":{"treeNo":"1335","plot":"Plot 2","coordinateSource":"Plot2.gpkg/Plot2","coordinateVersion":"plot2-original-approved-2026-08-12"},"geometry":{"type":"Point","coordinates":[77.0785373853,10.4812489167]}},{"type":"Feature","properties":{"treeNo":"1336","plot":"Plot 2","coordinateSource":"Plot2.gpkg/Plot2","coordinateVersion":"plot2-original-approved-2026-08-12"},"geometry":{"type":"Point","coordinates":[77.0784559627,10.4812519677]}},{"type":"Feature","properties":{"treeNo":"1337","plot":"Plot 2","coordinateSource":"Plot2.gpkg/Plot2","coordinateVersion":"plot2-original-approved-2026-08-12"},"geometry":{"type":"Point","coordinates":[77.0783802311,10.4812602992]}},{"type":"Feature","properties":{"treeNo":"1338","plot":"Plot 2","coordinateSource":"Plot2.gpkg/Plot2","coordinateVersion":"plot2-original-approved-2026-08-12"},"geometry":{"type":"Point","coordinates":[77.0783254538,10.4812304299]}},{"type":"Feature","properties":{"treeNo":"1339","plot":"Plot 2","coordinateSource":"Plot2.gpkg/Plot2","coordinateVersion":"plot2-original-approved-2026-08-12"},"geometry":{"type":"Point","coordinates":[77.0783221295,10.4811560031]}},{"type":"Feature","properties":{"treeNo":"1340","plot":"Plot 2","coordinateSource":"Plot2.gpkg/Plot2","coordinateVersion":"plot2-original-approved-2026-08-12"},"geometry":{"type":"Point","coordinates":[77.0783701108,10.4811845174]}},{"type":"Feature","properties":{"treeNo":"1341","plot":"Plot 2","coordinateSource":"Plot2.gpkg/Plot2","coordinateVersion":"plot2-original-approved-2026-08-12"},"geometry":{"type":"Point","coordinates":[77.0784489996,10.4811831623]}},{"type":"Feature","properties":{"treeNo":"1342","plot":"Plot 2","coordinateSource":"Plot2.gpkg/Plot2","coordinateVersion":"plot2-original-approved-2026-08-12"},"geometry":{"type":"Point","coordinates":[77.0785216524,10.4811796089]}},{"type":"Feature","properties":{"treeNo":"1343","plot":"Plot 2","coordinateSource":"Plot2.gpkg/Plot2","coordinateVersion":"plot2-original-approved-2026-08-12"},"geometry":{"type":"Point","coordinates":[77.0785988296,10.4811760259]}},{"type":"Feature","properties":{"treeNo":"1344","plot":"Plot 2","coordinateSource":"Plot2.gpkg/Plot2","coordinateVersion":"plot2-original-approved-2026-08-12"},"geometry":{"type":"Point","coordinates":[77.0786709392,10.4811758345]}},{"type":"Feature","properties":{"treeNo":"1345","plot":"Plot 2","coordinateSource":"Plot2.gpkg/Plot2","coordinateVersion":"plot2-original-approved-2026-08-12"},"geometry":{"type":"Point","coordinates":[77.0787458617,10.4811733857]}},{"type":"Feature","properties":{"treeNo":"1346","plot":"Plot 2","coordinateSource":"Plot2.gpkg/Plot2","coordinateVersion":"plot2-original-approved-2026-08-12"},"geometry":{"type":"Point","coordinates":[77.0788204939,10.4811698193]}},{"type":"Feature","properties":{"treeNo":"1347","plot":"Plot 2","coordinateSource":"Plot2.gpkg/Plot2","coordinateVersion":"plot2-original-approved-2026-08-12"},"geometry":{"type":"Point","coordinates":[77.0788968414,10.4811690405]}},{"type":"Feature","properties":{"treeNo":"1348","plot":"Plot 2","coordinateSource":"Plot2.gpkg/Plot2","coordinateVersion":"plot2-original-approved-2026-08-12"},"geometry":{"type":"Point","coordinates":[77.0789703369,10.4811646418]}},{"type":"Feature","properties":{"treeNo":"1349","plot":"Plot 2","coordinateSource":"Plot2.gpkg/Plot2","coordinateVersion":"plot2-original-approved-2026-08-12"},"geometry":{"type":"Point","coordinates":[77.0790509148,10.481162156]}},{"type":"Feature","properties":{"treeNo":"1350","plot":"Plot 2","coordinateSource":"Plot2.gpkg/Plot2","coordinateVersion":"plot2-original-approved-2026-08-12"},"geometry":{"type":"Point","coordinates":[77.0791230151,10.4811605652]}},{"type":"Feature","properties":{"treeNo":"1351","plot":"Plot 2","coordinateSource":"Plot2.gpkg/Plot2","coordinateVersion":"plot2-original-approved-2026-08-12"},"geometry":{"type":"Point","coordinates":[77.0791942801,10.481160939]}},{"type":"Feature","properties":{"treeNo":"1352","plot":"Plot 2","coordinateSource":"Plot2.gpkg/Plot2","coordinateVersion":"plot2-original-approved-2026-08-12"},"geometry":{"type":"Point","coordinates":[77.0792658186,10.4811599117]}},{"type":"Feature","properties":{"treeNo":"1353","plot":"Plot 2","coordinateSource":"Plot2.gpkg/Plot2","coordinateVersion":"plot2-original-approved-2026-08-12"},"geometry":{"type":"Point","coordinates":[77.0793455314,10.4811549125]}},{"type":"Feature","properties":{"treeNo":"1354","plot":"Plot 2","coordinateSource":"Plot2.gpkg/Plot2","coordinateVersion":"plot2-original-approved-2026-08-12"},"geometry":{"type":"Point","coordinates":[77.079419038,10.4811521929]}},{"type":"Feature","properties":{"treeNo":"1355","plot":"Plot 2","coordinateSource":"Plot2.gpkg/Plot2","coordinateVersion":"plot2-original-approved-2026-08-12"},"geometry":{"type":"Point","coordinates":[77.0794936777,10.4811497458]}},{"type":"Feature","properties":{"treeNo":"1356","plot":"Plot 2","coordinateSource":"Plot2.gpkg/Plot2","coordinateVersion":"plot2-original-approved-2026-08-12"},"geometry":{"type":"Point","coordinates":[77.0795666318,10.481148989]}},{"type":"Feature","properties":{"treeNo":"1357","plot":"Plot 2","coordinateSource":"Plot2.gpkg/Plot2","coordinateVersion":"plot2-original-approved-2026-08-12"},"geometry":{"type":"Point","coordinates":[77.0796398165,10.481140394]}},{"type":"Feature","properties":{"treeNo":"1358","plot":"Plot 2","coordinateSource":"Plot2.gpkg/Plot2","coordinateVersion":"plot2-original-approved-2026-08-12"},"geometry":{"type":"Point","coordinates":[77.0797012027,10.4811647621]}},{"type":"Feature","properties":{"treeNo":"1359","plot":"Plot 2","coordinateSource":"Plot2.gpkg/Plot2","coordinateVersion":"plot2-original-approved-2026-08-12"},"geometry":{"type":"Point","coordinates":[77.0796744656,10.4810991648]}},{"type":"Feature","properties":{"treeNo":"1360","plot":"Plot 2","coordinateSource":"Plot2.gpkg/Plot2","coordinateVersion":"plot2-original-approved-2026-08-12"},"geometry":{"type":"Point","coordinates":[77.079629082,10.4810732576]}},{"type":"Feature","properties":{"treeNo":"1361","plot":"Plot 2","coordinateSource":"Plot2.gpkg/Plot2","coordinateVersion":"plot2-original-approved-2026-08-12"},"geometry":{"type":"Point","coordinates":[77.0795551218,10.4810715721]}},{"type":"Feature","properties":{"treeNo":"1362","plot":"Plot 2","coordinateSource":"Plot2.gpkg/Plot2","coordinateVersion":"plot2-original-approved-2026-08-12"},"geometry":{"type":"Point","coordinates":[77.0794841527,10.4810731556]}},{"type":"Feature","properties":{"treeNo":"1363","plot":"Plot 2","coordinateSource":"Plot2.gpkg/Plot2","coordinateVersion":"plot2-original-approved-2026-08-12"},"geometry":{"type":"Point","coordinates":[77.0794050036,10.4810778712]}},{"type":"Feature","properties":{"treeNo":"1364","plot":"Plot 2","coordinateSource":"Plot2.gpkg/Plot2","coordinateVersion":"plot2-original-approved-2026-08-12"},"geometry":{"type":"Point","coordinates":[77.0793323415,10.4810800255]}},{"type":"Feature","properties":{"treeNo":"1365","plot":"Plot 2","coordinateSource":"Plot2.gpkg/Plot2","coordinateVersion":"plot2-original-approved-2026-08-12"},"geometry":{"type":"Point","coordinates":[77.0792591214,10.4810833029]}},{"type":"Feature","properties":{"treeNo":"1366","plot":"Plot 2","coordinateSource":"Plot2.gpkg/Plot2","coordinateVersion":"plot2-original-approved-2026-08-12"},"geometry":{"type":"Point","coordinates":[77.079185877,10.481082942]}},{"type":"Feature","properties":{"treeNo":"1367","plot":"Plot 2","coordinateSource":"Plot2.gpkg/Plot2","coordinateVersion":"plot2-original-approved-2026-08-12"},"geometry":{"type":"Point","coordinates":[77.0791115238,10.4810859469]}},{"type":"Feature","properties":{"treeNo":"1368","plot":"Plot 2","coordinateSource":"Plot2.gpkg/Plot2","coordinateVersion":"plot2-original-approved-2026-08-12"},"geometry":{"type":"Point","coordinates":[77.0790388599,10.4810878213]}},{"type":"Feature","properties":{"treeNo":"1369","plot":"Plot 2","coordinateSource":"Plot2.gpkg/Plot2","coordinateVersion":"plot2-original-approved-2026-08-12"},"geometry":{"type":"Point","coordinates":[77.0789619655,10.4810914025]}},{"type":"Feature","properties":{"treeNo":"1370","plot":"Plot 2","coordinateSource":"Plot2.gpkg/Plot2","coordinateVersion":"plot2-original-approved-2026-08-12"},"geometry":{"type":"Point","coordinates":[77.0788811104,10.4810947298]}},{"type":"Feature","properties":{"treeNo":"1371","plot":"Plot 2","coordinateSource":"Plot2.gpkg/Plot2","coordinateVersion":"plot2-original-approved-2026-08-12"},"geometry":{"type":"Point","coordinates":[77.0788143978,10.4810985244]}},{"type":"Feature","properties":{"treeNo":"1372","plot":"Plot 2","coordinateSource":"Plot2.gpkg/Plot2","coordinateVersion":"plot2-original-approved-2026-08-12"},"geometry":{"type":"Point","coordinates":[77.0787335054,10.4810962542]}},{"type":"Feature","properties":{"treeNo":"1373","plot":"Plot 2","coordinateSource":"Plot2.gpkg/Plot2","coordinateVersion":"plot2-original-approved-2026-08-12"},"geometry":{"type":"Point","coordinates":[77.0786622478,10.4810969997]}},{"type":"Feature","properties":{"treeNo":"1374","plot":"Plot 2","coordinateSource":"Plot2.gpkg/Plot2","coordinateVersion":"plot2-original-approved-2026-08-12"},"geometry":{"type":"Point","coordinates":[77.0785817035,10.4811045231]}},{"type":"Feature","properties":{"treeNo":"1375","plot":"Plot 2","coordinateSource":"Plot2.gpkg/Plot2","coordinateVersion":"plot2-original-approved-2026-08-12"},"geometry":{"type":"Point","coordinates":[77.0785132681,10.4811044105]}},{"type":"Feature","properties":{"treeNo":"1376","plot":"Plot 2","coordinateSource":"Plot2.gpkg/Plot2","coordinateVersion":"plot2-original-approved-2026-08-12"},"geometry":{"type":"Point","coordinates":[77.0784352444,10.4811082789]}},{"type":"Feature","properties":{"treeNo":"1377","plot":"Plot 2","coordinateSource":"Plot2.gpkg/Plot2","coordinateVersion":"plot2-original-approved-2026-08-12"},"geometry":{"type":"Point","coordinates":[77.0783583482,10.4811115802]}},{"type":"Feature","properties":{"treeNo":"1378","plot":"Plot 2","coordinateSource":"Plot2.gpkg/Plot2","coordinateVersion":"plot2-original-approved-2026-08-12"},"geometry":{"type":"Point","coordinates":[77.0783516417,10.4810388548]}},{"type":"Feature","properties":{"treeNo":"1379","plot":"Plot 2","coordinateSource":"Plot2.gpkg/Plot2","coordinateVersion":"plot2-original-approved-2026-08-12"},"geometry":{"type":"Point","coordinates":[77.0784251615,10.4810380945]}},{"type":"Feature","properties":{"treeNo":"1380","plot":"Plot 2","coordinateSource":"Plot2.gpkg/Plot2","coordinateVersion":"plot2-original-approved-2026-08-12"},"geometry":{"type":"Point","coordinates":[77.0785031758,10.4810328268]}},{"type":"Feature","properties":{"treeNo":"1381","plot":"Plot 2","coordinateSource":"Plot2.gpkg/Plot2","coordinateVersion":"plot2-original-approved-2026-08-12"},"geometry":{"type":"Point","coordinates":[77.0785755252,10.4810261966]}},{"type":"Feature","properties":{"treeNo":"1382","plot":"Plot 2","coordinateSource":"Plot2.gpkg/Plot2","coordinateVersion":"plot2-original-approved-2026-08-12"},"geometry":{"type":"Point","coordinates":[77.0786498858,10.4810243113]}},{"type":"Feature","properties":{"treeNo":"1383","plot":"Plot 2","coordinateSource":"Plot2.gpkg/Plot2","coordinateVersion":"plot2-original-approved-2026-08-12"},"geometry":{"type":"Point","coordinates":[77.0787222894,10.4810257973]}},{"type":"Feature","properties":{"treeNo":"1384","plot":"Plot 2","coordinateSource":"Plot2.gpkg/Plot2","coordinateVersion":"plot2-original-approved-2026-08-12"},"geometry":{"type":"Point","coordinates":[77.0787988898,10.4810205388]}},{"type":"Feature","properties":{"treeNo":"1385","plot":"Plot 2","coordinateSource":"Plot2.gpkg/Plot2","coordinateVersion":"plot2-original-approved-2026-08-12"},"geometry":{"type":"Point","coordinates":[77.0788724002,10.4810183791]}},{"type":"Feature","properties":{"treeNo":"1386","plot":"Plot 2","coordinateSource":"Plot2.gpkg/Plot2","coordinateVersion":"plot2-original-approved-2026-08-12"},"geometry":{"type":"Point","coordinates":[77.0789510117,10.4810178653]}},{"type":"Feature","properties":{"treeNo":"1387","plot":"Plot 2","coordinateSource":"Plot2.gpkg/Plot2","coordinateVersion":"plot2-original-approved-2026-08-12"},"geometry":{"type":"Point","coordinates":[77.0790262113,10.481014575]}},{"type":"Feature","properties":{"treeNo":"1388","plot":"Plot 2","coordinateSource":"Plot2.gpkg/Plot2","coordinateVersion":"plot2-original-approved-2026-08-12"},"geometry":{"type":"Point","coordinates":[77.0791008696,10.4810149267]}},{"type":"Feature","properties":{"treeNo":"1389","plot":"Plot 2","coordinateSource":"Plot2.gpkg/Plot2","coordinateVersion":"plot2-original-approved-2026-08-12"},"geometry":{"type":"Point","coordinates":[77.0791760542,10.4810093974]}},{"type":"Feature","properties":{"treeNo":"1390","plot":"Plot 2","coordinateSource":"Plot2.gpkg/Plot2","coordinateVersion":"plot2-original-approved-2026-08-12"},"geometry":{"type":"Point","coordinates":[77.0792439128,10.4810078343]}},{"type":"Feature","properties":{"treeNo":"1391","plot":"Plot 2","coordinateSource":"Plot2.gpkg/Plot2","coordinateVersion":"plot2-original-approved-2026-08-12"},"geometry":{"type":"Point","coordinates":[77.0793253465,10.4810064624]}},{"type":"Feature","properties":{"treeNo":"1392","plot":"Plot 2","coordinateSource":"Plot2.gpkg/Plot2","coordinateVersion":"plot2-original-approved-2026-08-12"},"geometry":{"type":"Point","coordinates":[77.079396604,10.4810057167]}},{"type":"Feature","properties":{"treeNo":"1393","plot":"Plot 2","coordinateSource":"Plot2.gpkg/Plot2","coordinateVersion":"plot2-original-approved-2026-08-12"},"geometry":{"type":"Point","coordinates":[77.079470371,10.4809996368]}},{"type":"Feature","properties":{"treeNo":"1394","plot":"Plot 2","coordinateSource":"Plot2.gpkg/Plot2","coordinateVersion":"plot2-original-approved-2026-08-12"},"geometry":{"type":"Point","coordinates":[77.0795433532,10.4810030781]}},{"type":"Feature","properties":{"treeNo":"1395","plot":"Plot 2","coordinateSource":"Plot2.gpkg/Plot2","coordinateVersion":"plot2-original-approved-2026-08-12"},"geometry":{"type":"Point","coordinates":[77.0796110037,10.4810127115]}},{"type":"Feature","properties":{"treeNo":"1396","plot":"Plot 2","coordinateSource":"Plot2.gpkg/Plot2","coordinateVersion":"plot2-original-approved-2026-08-12"},"geometry":{"type":"Point","coordinates":[77.0795875877,10.4809574481]}},{"type":"Feature","properties":{"treeNo":"1397","plot":"Plot 2","coordinateSource":"Plot2.gpkg/Plot2","coordinateVersion":"plot2-original-approved-2026-08-12"},"geometry":{"type":"Point","coordinates":[77.0795316531,10.4809236683]}},{"type":"Feature","properties":{"treeNo":"1398","plot":"Plot 2","coordinateSource":"Plot2.gpkg/Plot2","coordinateVersion":"plot2-original-approved-2026-08-12"},"geometry":{"type":"Point","coordinates":[77.0794594302,10.4809280587]}},{"type":"Feature","properties":{"treeNo":"1399","plot":"Plot 2","coordinateSource":"Plot2.gpkg/Plot2","coordinateVersion":"plot2-original-approved-2026-08-12"},"geometry":{"type":"Point","coordinates":[77.0793845228,10.4809327466]}},{"type":"Feature","properties":{"treeNo":"1400","plot":"Plot 2","coordinateSource":"Plot2.gpkg/Plot2","coordinateVersion":"plot2-original-approved-2026-08-12"},"geometry":{"type":"Point","coordinates":[77.0793078888,10.4809329677]}},{"type":"Feature","properties":{"treeNo":"1401","plot":"Plot 2","coordinateSource":"Plot2.gpkg/Plot2","coordinateVersion":"plot2-original-approved-2026-08-12"},"geometry":{"type":"Point","coordinates":[77.0792386238,10.4809356595]}},{"type":"Feature","properties":{"treeNo":"1402","plot":"Plot 2","coordinateSource":"Plot2.gpkg/Plot2","coordinateVersion":"plot2-original-approved-2026-08-12"},"geometry":{"type":"Point","coordinates":[77.0791594617,10.480938416]}},{"type":"Feature","properties":{"treeNo":"1403","plot":"Plot 2","coordinateSource":"Plot2.gpkg/Plot2","coordinateVersion":"plot2-original-approved-2026-08-12"},"geometry":{"type":"Point","coordinates":[77.0790845468,10.4809419843]}},{"type":"Feature","properties":{"treeNo":"1404","plot":"Plot 2","coordinateSource":"Plot2.gpkg/Plot2","coordinateVersion":"plot2-original-approved-2026-08-12"},"geometry":{"type":"Point","coordinates":[77.0790118698,10.4809418996]}},{"type":"Feature","properties":{"treeNo":"1405","plot":"Plot 2","coordinateSource":"Plot2.gpkg/Plot2","coordinateVersion":"plot2-original-approved-2026-08-12"},"geometry":{"type":"Point","coordinates":[77.0789352713,10.4809474381]}},{"type":"Feature","properties":{"treeNo":"1406","plot":"Plot 2","coordinateSource":"Plot2.gpkg/Plot2","coordinateVersion":"plot2-original-approved-2026-08-12"},"geometry":{"type":"Point","coordinates":[77.0788631748,10.4809495885]}},{"type":"Feature","properties":{"treeNo":"1407","plot":"Plot 2","coordinateSource":"Plot2.gpkg/Plot2","coordinateVersion":"plot2-original-approved-2026-08-12"},"geometry":{"type":"Point","coordinates":[77.0787896252,10.480945871]}},{"type":"Feature","properties":{"treeNo":"1408","plot":"Plot 2","coordinateSource":"Plot2.gpkg/Plot2","coordinateVersion":"plot2-original-approved-2026-08-12"},"geometry":{"type":"Point","coordinates":[77.0787150061,10.4809513965]}},{"type":"Feature","properties":{"treeNo":"1409","plot":"Plot 2","coordinateSource":"Plot2.gpkg/Plot2","coordinateVersion":"plot2-original-approved-2026-08-12"},"geometry":{"type":"Point","coordinates":[77.0786375518,10.4809558209]}},{"type":"Feature","properties":{"treeNo":"1410","plot":"Plot 2","coordinateSource":"Plot2.gpkg/Plot2","coordinateVersion":"plot2-original-approved-2026-08-12"},"geometry":{"type":"Point","coordinates":[77.0785632043,10.4809596653]}},{"type":"Feature","properties":{"treeNo":"1411","plot":"Plot 2","coordinateSource":"Plot2.gpkg/Plot2","coordinateVersion":"plot2-original-approved-2026-08-12"},"geometry":{"type":"Point","coordinates":[77.0784862782,10.4809584887]}},{"type":"Feature","properties":{"treeNo":"1412","plot":"Plot 2","coordinateSource":"Plot2.gpkg/Plot2","coordinateVersion":"plot2-original-approved-2026-08-12"},"geometry":{"type":"Point","coordinates":[77.0784206893,10.4809611563]}},{"type":"Feature","properties":{"treeNo":"1413","plot":"Plot 2","coordinateSource":"Plot2.gpkg/Plot2","coordinateVersion":"plot2-original-approved-2026-08-12"},"geometry":{"type":"Point","coordinates":[77.0783415457,10.4809667113]}},{"type":"Feature","properties":{"treeNo":"1414","plot":"Plot 2","coordinateSource":"Plot2.gpkg/Plot2","coordinateVersion":"plot2-original-approved-2026-08-12"},"geometry":{"type":"Point","coordinates":[77.0783379256,10.4808903273]}},{"type":"Feature","properties":{"treeNo":"1415","plot":"Plot 2","coordinateSource":"Plot2.gpkg/Plot2","coordinateVersion":"plot2-original-approved-2026-08-12"},"geometry":{"type":"Point","coordinates":[77.0784035145,10.4808876597]}},{"type":"Feature","properties":{"treeNo":"1416","plot":"Plot 2","coordinateSource":"Plot2.gpkg/Plot2","coordinateVersion":"plot2-original-approved-2026-08-12"},"geometry":{"type":"Point","coordinates":[77.0784781523,10.4808849329]}},{"type":"Feature","properties":{"treeNo":"1417","plot":"Plot 2","coordinateSource":"Plot2.gpkg/Plot2","coordinateVersion":"plot2-original-approved-2026-08-12"},"geometry":{"type":"Point","coordinates":[77.0785556178,10.4808821877]}},{"type":"Feature","properties":{"treeNo":"1418","plot":"Plot 2","coordinateSource":"Plot2.gpkg/Plot2","coordinateVersion":"plot2-original-approved-2026-08-12"},"geometry":{"type":"Point","coordinates":[77.0786274614,10.4808845171]}},{"type":"Feature","properties":{"treeNo":"1419","plot":"Plot 2","coordinateSource":"Plot2.gpkg/Plot2","coordinateVersion":"plot2-original-approved-2026-08-12"},"geometry":{"type":"Point","coordinates":[77.0786980992,10.480875659]}},{"type":"Feature","properties":{"treeNo":"1420","plot":"Plot 2","coordinateSource":"Plot2.gpkg/Plot2","coordinateVersion":"plot2-original-approved-2026-08-12"},"geometry":{"type":"Point","coordinates":[77.0787806621,10.480874]}},{"type":"Feature","properties":{"treeNo":"1421","plot":"Plot 2","coordinateSource":"Plot2.gpkg/Plot2","coordinateVersion":"plot2-original-approved-2026-08-12"},"geometry":{"type":"Point","coordinates":[77.0788490863,10.4808724333]}},{"type":"Feature","properties":{"treeNo":"1422","plot":"Plot 2","coordinateSource":"Plot2.gpkg/Plot2","coordinateVersion":"plot2-original-approved-2026-08-12"},"geometry":{"type":"Point","coordinates":[77.0789276978,10.4808719195]}},{"type":"Feature","properties":{"treeNo":"1423","plot":"Plot 2","coordinateSource":"Plot2.gpkg/Plot2","coordinateVersion":"plot2-original-approved-2026-08-12"},"geometry":{"type":"Point","coordinates":[77.0790034666,10.4808691853]}},{"type":"Feature","properties":{"treeNo":"1424","plot":"Plot 2","coordinateSource":"Plot2.gpkg/Plot2","coordinateVersion":"plot2-original-approved-2026-08-12"},"geometry":{"type":"Point","coordinates":[77.0790741567,10.4808681635]}},{"type":"Feature","properties":{"treeNo":"1425","plot":"Plot 2","coordinateSource":"Plot2.gpkg/Plot2","coordinateVersion":"plot2-original-approved-2026-08-12"},"geometry":{"type":"Point","coordinates":[77.0791485041,10.480864319]}},{"type":"Feature","properties":{"treeNo":"1426","plot":"Plot 2","coordinateSource":"Plot2.gpkg/Plot2","coordinateVersion":"plot2-original-approved-2026-08-12"},"geometry":{"type":"Point","coordinates":[77.0792242841,10.4808632639]}},{"type":"Feature","properties":{"treeNo":"1427","plot":"Plot 2","coordinateSource":"Plot2.gpkg/Plot2","coordinateVersion":"plot2-original-approved-2026-08-12"},"geometry":{"type":"Point","coordinates":[77.079301199,10.4808627612]}},{"type":"Feature","properties":{"treeNo":"1428","plot":"Plot 2","coordinateSource":"Plot2.gpkg/Plot2","coordinateVersion":"plot2-original-approved-2026-08-12"},"geometry":{"type":"Point","coordinates":[77.0793721475,10.4808580992]}},{"type":"Feature","properties":{"treeNo":"1429","plot":"Plot 2","coordinateSource":"Plot2.gpkg/Plot2","coordinateVersion":"plot2-original-approved-2026-08-12"},"geometry":{"type":"Point","coordinates":[77.0794544687,10.4808625989]}},{"type":"Feature","properties":{"treeNo":"1430","plot":"Plot 2","coordinateSource":"Plot2.gpkg/Plot2","coordinateVersion":"plot2-original-approved-2026-08-12"},"geometry":{"type":"Point","coordinates":[77.0795232279,10.4808688666]}},{"type":"Feature","properties":{"treeNo":"1431","plot":"Plot 2","coordinateSource":"Plot2.gpkg/Plot2","coordinateVersion":"plot2-original-approved-2026-08-12"},"geometry":{"type":"Point","coordinates":[77.0794952963,10.4807937611]}},{"type":"Feature","properties":{"treeNo":"1432","plot":"Plot 2","coordinateSource":"Plot2.gpkg/Plot2","coordinateVersion":"plot2-original-approved-2026-08-12"},"geometry":{"type":"Point","coordinates":[77.0794364006,10.4807823911]}},{"type":"Feature","properties":{"treeNo":"1433","plot":"Plot 2","coordinateSource":"Plot2.gpkg/Plot2","coordinateVersion":"plot2-original-approved-2026-08-12"},"geometry":{"type":"Point","coordinates":[77.0793606617,10.4807896033]}},{"type":"Feature","properties":{"treeNo":"1434","plot":"Plot 2","coordinateSource":"Plot2.gpkg/Plot2","coordinateVersion":"plot2-original-approved-2026-08-12"},"geometry":{"type":"Point","coordinates":[77.0792842863,10.4807861842]}},{"type":"Feature","properties":{"treeNo":"1435","plot":"Plot 2","coordinateSource":"Plot2.gpkg/Plot2","coordinateVersion":"plot2-original-approved-2026-08-12"},"geometry":{"type":"Point","coordinates":[77.0792096486,10.4807889111]}},{"type":"Feature","properties":{"treeNo":"1436","plot":"Plot 2","coordinateSource":"Plot2.gpkg/Plot2","coordinateVersion":"plot2-original-approved-2026-08-12"},"geometry":{"type":"Point","coordinates":[77.0791339097,10.4807961233]}},{"type":"Feature","properties":{"treeNo":"1437","plot":"Plot 2","coordinateSource":"Plot2.gpkg/Plot2","coordinateVersion":"plot2-original-approved-2026-08-12"},"geometry":{"type":"Point","coordinates":[77.0790665794,10.4807920853]}},{"type":"Feature","properties":{"treeNo":"1438","plot":"Plot 2","coordinateSource":"Plot2.gpkg/Plot2","coordinateVersion":"plot2-original-approved-2026-08-12"},"geometry":{"type":"Point","coordinates":[77.0789823124,10.480792636]}},{"type":"Feature","properties":{"treeNo":"1439","plot":"Plot 2","coordinateSource":"Plot2.gpkg/Plot2","coordinateVersion":"plot2-original-approved-2026-08-12"},"geometry":{"type":"Point","coordinates":[77.0789093676,10.4807947921]}},{"type":"Feature","properties":{"treeNo":"1440","plot":"Plot 2","coordinateSource":"Plot2.gpkg/Plot2","coordinateVersion":"plot2-original-approved-2026-08-12"},"geometry":{"type":"Point","coordinates":[77.0788409584,10.4807985977]}},{"type":"Feature","properties":{"treeNo":"1441","plot":"Plot 2","coordinateSource":"Plot2.gpkg/Plot2","coordinateVersion":"plot2-original-approved-2026-08-12"},"geometry":{"type":"Point","coordinates":[77.0787681615,10.4808017323]}},{"type":"Feature","properties":{"treeNo":"1442","plot":"Plot 2","coordinateSource":"Plot2.gpkg/Plot2","coordinateVersion":"plot2-original-approved-2026-08-12"},"geometry":{"type":"Point","coordinates":[77.0786925238,10.4808029263]}},{"type":"Feature","properties":{"treeNo":"1443","plot":"Plot 2","coordinateSource":"Plot2.gpkg/Plot2","coordinateVersion":"plot2-original-approved-2026-08-12"},"geometry":{"type":"Point","coordinates":[77.0786157718,10.4808066465]}},{"type":"Feature","properties":{"treeNo":"1444","plot":"Plot 2","coordinateSource":"Plot2.gpkg/Plot2","coordinateVersion":"plot2-original-approved-2026-08-12"},"geometry":{"type":"Point","coordinates":[77.0785421126,10.4808076875]}},{"type":"Feature","properties":{"treeNo":"1445","plot":"Plot 2","coordinateSource":"Plot2.gpkg/Plot2","coordinateVersion":"plot2-original-approved-2026-08-12"},"geometry":{"type":"Point","coordinates":[77.0784717118,10.4808096869]}},{"type":"Feature","properties":{"treeNo":"1446","plot":"Plot 2","coordinateSource":"Plot2.gpkg/Plot2","coordinateVersion":"plot2-original-approved-2026-08-12"},"geometry":{"type":"Point","coordinates":[77.0783905721,10.480812736]}},{"type":"Feature","properties":{"treeNo":"1447","plot":"Plot 2","coordinateSource":"Plot2.gpkg/Plot2","coordinateVersion":"plot2-original-approved-2026-08-12"},"geometry":{"type":"Point","coordinates":[77.0783249907,10.480816523]}},{"type":"Feature","properties":{"treeNo":"1448","plot":"Plot 2","coordinateSource":"Plot2.gpkg/Plot2","coordinateVersion":"plot2-original-approved-2026-08-12"},"geometry":{"type":"Point","coordinates":[77.0783338406,10.4807442558]}},{"type":"Feature","properties":{"treeNo":"1449","plot":"Plot 2","coordinateSource":"Plot2.gpkg/Plot2","coordinateVersion":"plot2-original-approved-2026-08-12"},"geometry":{"type":"Point","coordinates":[77.0783980269,10.4807432766]}},{"type":"Feature","properties":{"treeNo":"1450","plot":"Plot 2","coordinateSource":"Plot2.gpkg/Plot2","coordinateVersion":"plot2-original-approved-2026-08-12"},"geometry":{"type":"Point","coordinates":[77.078460215,10.4807395117]}},{"type":"Feature","properties":{"treeNo":"1451","plot":"Plot 2","coordinateSource":"Plot2.gpkg/Plot2","coordinateVersion":"plot2-original-approved-2026-08-12"},"geometry":{"type":"Point","coordinates":[77.0785317572,10.4807390443]}},{"type":"Feature","properties":{"treeNo":"1452","plot":"Plot 2","coordinateSource":"Plot2.gpkg/Plot2","coordinateVersion":"plot2-original-approved-2026-08-12"},"geometry":{"type":"Point","coordinates":[77.0786109081,10.4807346087]}},{"type":"Feature","properties":{"treeNo":"1453","plot":"Plot 2","coordinateSource":"Plot2.gpkg/Plot2","coordinateVersion":"plot2-original-approved-2026-08-12"},"geometry":{"type":"Point","coordinates":[77.0786832817,10.4807316169]}},{"type":"Feature","properties":{"treeNo":"1454","plot":"Plot 2","coordinateSource":"Plot2.gpkg/Plot2","coordinateVersion":"plot2-original-approved-2026-08-12"},"geometry":{"type":"Point","coordinates":[77.0787565223,10.4807314182]}},{"type":"Feature","properties":{"treeNo":"1455","plot":"Plot 2","coordinateSource":"Plot2.gpkg/Plot2","coordinateVersion":"plot2-original-approved-2026-08-12"},"geometry":{"type":"Point","coordinates":[77.0788339859,10.480728393]}},{"type":"Feature","properties":{"treeNo":"1456","plot":"Plot 2","coordinateSource":"Plot2.gpkg/Plot2","coordinateVersion":"plot2-original-approved-2026-08-12"},"geometry":{"type":"Point","coordinates":[77.0789058145,10.4807284834]}},{"type":"Feature","properties":{"treeNo":"1457","plot":"Plot 2","coordinateSource":"Plot2.gpkg/Plot2","coordinateVersion":"plot2-original-approved-2026-08-12"},"geometry":{"type":"Point","coordinates":[77.0789801657,10.4807251986]}},{"type":"Feature","properties":{"treeNo":"1458","plot":"Plot 2","coordinateSource":"Plot2.gpkg/Plot2","coordinateVersion":"plot2-original-approved-2026-08-12"},"geometry":{"type":"Point","coordinates":[77.0790547884,10.4807202328]}},{"type":"Feature","properties":{"treeNo":"1459","plot":"Plot 2","coordinateSource":"Plot2.gpkg/Plot2","coordinateVersion":"plot2-original-approved-2026-08-12"},"geometry":{"type":"Point","coordinates":[77.0791291639,10.4807205864]}},{"type":"Feature","properties":{"treeNo":"1460","plot":"Plot 2","coordinateSource":"Plot2.gpkg/Plot2","coordinateVersion":"plot2-original-approved-2026-08-12"},"geometry":{"type":"Point","coordinates":[77.079202663,10.4807167474]}},{"type":"Feature","properties":{"treeNo":"1461","plot":"Plot 2","coordinateSource":"Plot2.gpkg/Plot2","coordinateVersion":"plot2-original-approved-2026-08-12"},"geometry":{"type":"Point","coordinates":[77.0792784262,10.4807131735]}},{"type":"Feature","properties":{"treeNo":"1462","plot":"Plot 2","coordinateSource":"Plot2.gpkg/Plot2","coordinateVersion":"plot2-original-approved-2026-08-12"},"geometry":{"type":"Point","coordinates":[77.0793465787,10.4807132878]}},{"type":"Feature","properties":{"treeNo":"1463","plot":"Plot 2","coordinateSource":"Plot2.gpkg/Plot2","coordinateVersion":"plot2-original-approved-2026-08-12"},"geometry":{"type":"Point","coordinates":[77.079422885,10.4807063517]}},{"type":"Feature","properties":{"treeNo":"1464","plot":"Plot 2","coordinateSource":"Plot2.gpkg/Plot2","coordinateVersion":"plot2-original-approved-2026-08-12"},"geometry":{"type":"Point","coordinates":[77.0794788531,10.4807451692]}},{"type":"Feature","properties":{"treeNo":"1465","plot":"Plot 2","coordinateSource":"Plot2.gpkg/Plot2","coordinateVersion":"plot2-original-approved-2026-08-12"},"geometry":{"type":"Point","coordinates":[77.0794147887,10.4806372739]}},{"type":"Feature","properties":{"treeNo":"1466","plot":"Plot 2","coordinateSource":"Plot2.gpkg/Plot2","coordinateVersion":"plot2-original-approved-2026-08-12"},"geometry":{"type":"Point","coordinates":[77.0793415145,10.4806324351]}},{"type":"Feature","properties":{"treeNo":"1467","plot":"Plot 2","coordinateSource":"Plot2.gpkg/Plot2","coordinateVersion":"plot2-original-approved-2026-08-12"},"geometry":{"type":"Point","coordinates":[77.0792665904,10.4806346042]}},{"type":"Feature","properties":{"treeNo":"1468","plot":"Plot 2","coordinateSource":"Plot2.gpkg/Plot2","coordinateVersion":"plot2-original-approved-2026-08-12"},"geometry":{"type":"Point","coordinates":[77.0791900032,10.4806418219]}},{"type":"Feature","properties":{"treeNo":"1469","plot":"Plot 2","coordinateSource":"Plot2.gpkg/Plot2","coordinateVersion":"plot2-original-approved-2026-08-12"},"geometry":{"type":"Point","coordinates":[77.0791145097,10.4806434349]}},{"type":"Feature","properties":{"treeNo":"1470","plot":"Plot 2","coordinateSource":"Plot2.gpkg/Plot2","coordinateVersion":"plot2-original-approved-2026-08-12"},"geometry":{"type":"Point","coordinates":[77.0790463535,10.4806427608]}},{"type":"Feature","properties":{"treeNo":"1471","plot":"Plot 2","coordinateSource":"Plot2.gpkg/Plot2","coordinateVersion":"plot2-original-approved-2026-08-12"},"geometry":{"type":"Point","coordinates":[77.0789669367,10.4806497171]}},{"type":"Feature","properties":{"treeNo":"1472","plot":"Plot 2","coordinateSource":"Plot2.gpkg/Plot2","coordinateVersion":"plot2-original-approved-2026-08-12"},"geometry":{"type":"Point","coordinates":[77.0788940031,10.4806535523]}},{"type":"Feature","properties":{"treeNo":"1473","plot":"Plot 2","coordinateSource":"Plot2.gpkg/Plot2","coordinateVersion":"plot2-original-approved-2026-08-12"},"geometry":{"type":"Point","coordinates":[77.0788179142,10.480650691]}},{"type":"Feature","properties":{"treeNo":"1474","plot":"Plot 2","coordinateSource":"Plot2.gpkg/Plot2","coordinateVersion":"plot2-original-approved-2026-08-12"},"geometry":{"type":"Point","coordinates":[77.078742432,10.4806539831]}},{"type":"Feature","properties":{"treeNo":"1475","plot":"Plot 2","coordinateSource":"Plot2.gpkg/Plot2","coordinateVersion":"plot2-original-approved-2026-08-12"},"geometry":{"type":"Point","coordinates":[77.0786700621,10.4806575347]}},{"type":"Feature","properties":{"treeNo":"1476","plot":"Plot 2","coordinateSource":"Plot2.gpkg/Plot2","coordinateVersion":"plot2-original-approved-2026-08-12"},"geometry":{"type":"Point","coordinates":[77.0785948514,10.4806591456]}},{"type":"Feature","properties":{"treeNo":"1477","plot":"Plot 2","coordinateSource":"Plot2.gpkg/Plot2","coordinateVersion":"plot2-original-approved-2026-08-12"},"geometry":{"type":"Point","coordinates":[77.0785221856,10.48066074]}},{"type":"Feature","properties":{"treeNo":"1478","plot":"Plot 2","coordinateSource":"Plot2.gpkg/Plot2","coordinateVersion":"plot2-original-approved-2026-08-12"},"geometry":{"type":"Point","coordinates":[77.0784481153,10.4806637429]}},{"type":"Feature","properties":{"treeNo":"1479","plot":"Plot 2","coordinateSource":"Plot2.gpkg/Plot2","coordinateVersion":"plot2-original-approved-2026-08-12"},"geometry":{"type":"Point","coordinates":[77.0783743297,10.4806670238]}},{"type":"Feature","properties":{"treeNo":"1480","plot":"Plot 2","coordinateSource":"Plot2.gpkg/Plot2","coordinateVersion":"plot2-original-approved-2026-08-12"},"geometry":{"type":"Point","coordinates":[77.0783238035,10.4806385261]}},{"type":"Feature","properties":{"treeNo":"1481","plot":"Plot 2","coordinateSource":"Plot2.gpkg/Plot2","coordinateVersion":"plot2-original-approved-2026-08-12"},"geometry":{"type":"Point","coordinates":[77.0783611045,10.4805921019]}},{"type":"Feature","properties":{"treeNo":"1482","plot":"Plot 2","coordinateSource":"Plot2.gpkg/Plot2","coordinateVersion":"plot2-original-approved-2026-08-12"},"geometry":{"type":"Point","coordinates":[77.0784332383,10.480595549]}},{"type":"Feature","properties":{"treeNo":"1483","plot":"Plot 2","coordinateSource":"Plot2.gpkg/Plot2","coordinateVersion":"plot2-original-approved-2026-08-12"},"geometry":{"type":"Point","coordinates":[77.0785115166,10.4805874807]}},{"type":"Feature","properties":{"treeNo":"1484","plot":"Plot 2","coordinateSource":"Plot2.gpkg/Plot2","coordinateVersion":"plot2-original-approved-2026-08-12"},"geometry":{"type":"Point","coordinates":[77.0785864669,10.48058923]}},{"type":"Feature","properties":{"treeNo":"1485","plot":"Plot 2","coordinateSource":"Plot2.gpkg/Plot2","coordinateVersion":"plot2-original-approved-2026-08-12"},"geometry":{"type":"Point","coordinates":[77.0786630616,10.4805831319]}},{"type":"Feature","properties":{"treeNo":"1486","plot":"Plot 2","coordinateSource":"Plot2.gpkg/Plot2","coordinateVersion":"plot2-original-approved-2026-08-12"},"geometry":{"type":"Point","coordinates":[77.0787348977,10.4805843418]}},{"type":"Feature","properties":{"treeNo":"1487","plot":"Plot 2","coordinateSource":"Plot2.gpkg/Plot2","coordinateVersion":"plot2-original-approved-2026-08-12"},"geometry":{"type":"Point","coordinates":[77.0788069997,10.480583031]}},{"type":"Feature","properties":{"treeNo":"1488","plot":"Plot 2","coordinateSource":"Plot2.gpkg/Plot2","coordinateVersion":"plot2-original-approved-2026-08-12"},"geometry":{"type":"Point","coordinates":[77.0788796542,10.4805797574]}},{"type":"Feature","properties":{"treeNo":"1489","plot":"Plot 2","coordinateSource":"Plot2.gpkg/Plot2","coordinateVersion":"plot2-original-approved-2026-08-12"},"geometry":{"type":"Point","coordinates":[77.0789559754,10.4805750604]}},{"type":"Feature","properties":{"treeNo":"1490","plot":"Plot 2","coordinateSource":"Plot2.gpkg/Plot2","coordinateVersion":"plot2-original-approved-2026-08-12"},"geometry":{"type":"Point","coordinates":[77.0790317479,10.4805728859]}},{"type":"Feature","properties":{"treeNo":"1491","plot":"Plot 2","coordinateSource":"Plot2.gpkg/Plot2","coordinateVersion":"plot2-original-approved-2026-08-12"},"geometry":{"type":"Point","coordinates":[77.0791027151,10.4805710226]}},{"type":"Feature","properties":{"treeNo":"1492","plot":"Plot 2","coordinateSource":"Plot2.gpkg/Plot2","coordinateVersion":"plot2-original-approved-2026-08-12"},"geometry":{"type":"Point","coordinates":[77.0791801693,10.4805665981]}},{"type":"Feature","properties":{"treeNo":"1493","plot":"Plot 2","coordinateSource":"Plot2.gpkg/Plot2","coordinateVersion":"plot2-original-approved-2026-08-12"},"geometry":{"type":"Point","coordinates":[77.0792548032,10.4805633114]}},{"type":"Feature","properties":{"treeNo":"1494","plot":"Plot 2","coordinateSource":"Plot2.gpkg/Plot2","coordinateVersion":"plot2-original-approved-2026-08-12"},"geometry":{"type":"Point","coordinates":[77.0793297311,10.4805617021]}},{"type":"Feature","properties":{"treeNo":"1495","plot":"Plot 2","coordinateSource":"Plot2.gpkg/Plot2","coordinateVersion":"plot2-original-approved-2026-08-12"},"geometry":{"type":"Point","coordinates":[77.0794032563,10.4805617813]}},{"type":"Feature","properties":{"treeNo":"1496","plot":"Plot 2","coordinateSource":"Plot2.gpkg/Plot2","coordinateVersion":"plot2-original-approved-2026-08-12"},"geometry":{"type":"Point","coordinates":[77.0793784987,10.480496171]}},{"type":"Feature","properties":{"treeNo":"1497","plot":"Plot 2","coordinateSource":"Plot2.gpkg/Plot2","coordinateVersion":"plot2-original-approved-2026-08-12"},"geometry":{"type":"Point","coordinates":[77.0793205224,10.4804954304]}},{"type":"Feature","properties":{"treeNo":"1498","plot":"Plot 2","coordinateSource":"Plot2.gpkg/Plot2","coordinateVersion":"plot2-original-approved-2026-08-12"},"geometry":{"type":"Point","coordinates":[77.0792396208,10.480491761]}},{"type":"Feature","properties":{"treeNo":"1499","plot":"Plot 2","coordinateSource":"Plot2.gpkg/Plot2","coordinateVersion":"plot2-original-approved-2026-08-12"},"geometry":{"type":"Point","coordinates":[77.0791678035,10.48049335]}},{"type":"Feature","properties":{"treeNo":"1500","plot":"Plot 2","coordinateSource":"Plot2.gpkg/Plot2","coordinateVersion":"plot2-original-approved-2026-08-12"},"geometry":{"type":"Point","coordinates":[77.0790985218,10.4804935229]}},{"type":"Feature","properties":{"treeNo":"1501","plot":"Plot 2","coordinateSource":"Plot2.gpkg/Plot2","coordinateVersion":"plot2-original-approved-2026-08-12"},"geometry":{"type":"Point","coordinates":[77.0790233391,10.480499332]}},{"type":"Feature","properties":{"treeNo":"1502","plot":"Plot 2","coordinateSource":"Plot2.gpkg/Plot2","coordinateVersion":"plot2-original-approved-2026-08-12"},"geometry":{"type":"Point","coordinates":[77.0789472615,10.4804981499]}},{"type":"Feature","properties":{"treeNo":"1503","plot":"Plot 2","coordinateSource":"Plot2.gpkg/Plot2","coordinateVersion":"plot2-original-approved-2026-08-12"},"geometry":{"type":"Point","coordinates":[77.0788714927,10.4805008841]}},{"type":"Feature","properties":{"treeNo":"1504","plot":"Plot 2","coordinateSource":"Plot2.gpkg/Plot2","coordinateVersion":"plot2-original-approved-2026-08-12"},"geometry":{"type":"Point","coordinates":[77.0788025423,10.4805083317]}},{"type":"Feature","properties":{"treeNo":"1505","plot":"Plot 2","coordinateSource":"Plot2.gpkg/Plot2","coordinateVersion":"plot2-original-approved-2026-08-12"},"geometry":{"type":"Point","coordinates":[77.0787233616,10.4805082894]}},{"type":"Feature","properties":{"treeNo":"1506","plot":"Plot 2","coordinateSource":"Plot2.gpkg/Plot2","coordinateVersion":"plot2-original-approved-2026-08-12"},"geometry":{"type":"Point","coordinates":[77.0786495966,10.4805146489]}},{"type":"Feature","properties":{"treeNo":"1507","plot":"Plot 2","coordinateSource":"Plot2.gpkg/Plot2","coordinateVersion":"plot2-original-approved-2026-08-12"},"geometry":{"type":"Point","coordinates":[77.0785729552,10.4805137503]}},{"type":"Feature","properties":{"treeNo":"1508","plot":"Plot 2","coordinateSource":"Plot2.gpkg/Plot2","coordinateVersion":"plot2-original-approved-2026-08-12"},"geometry":{"type":"Point","coordinates":[77.0784966284,10.4805176076]}},{"type":"Feature","properties":{"treeNo":"1509","plot":"Plot 2","coordinateSource":"Plot2.gpkg/Plot2","coordinateVersion":"plot2-original-approved-2026-08-12"},"geometry":{"type":"Point","coordinates":[77.0784205544,10.4805169851]}},{"type":"Feature","properties":{"treeNo":"1510","plot":"Plot 2","coordinateSource":"Plot2.gpkg/Plot2","coordinateVersion":"plot2-original-approved-2026-08-12"},"geometry":{"type":"Point","coordinates":[77.0783490366,10.4805210909]}},{"type":"Feature","properties":{"treeNo":"1511","plot":"Plot 2","coordinateSource":"Plot2.gpkg/Plot2","coordinateVersion":"plot2-original-approved-2026-08-12"},"geometry":{"type":"Point","coordinates":[77.0783386374,10.4804458707]}},{"type":"Feature","properties":{"treeNo":"1512","plot":"Plot 2","coordinateSource":"Plot2.gpkg/Plot2","coordinateVersion":"plot2-original-approved-2026-08-12"},"geometry":{"type":"Point","coordinates":[77.0784138704,10.4804476182]}},{"type":"Feature","properties":{"treeNo":"1513","plot":"Plot 2","coordinateSource":"Plot2.gpkg/Plot2","coordinateVersion":"plot2-original-approved-2026-08-12"},"geometry":{"type":"Point","coordinates":[77.078495291,10.4804442874]}},{"type":"Feature","properties":{"treeNo":"1514","plot":"Plot 2","coordinateSource":"Plot2.gpkg/Plot2","coordinateVersion":"plot2-original-approved-2026-08-12"},"geometry":{"type":"Point","coordinates":[77.0785654135,10.4804429896]}},{"type":"Feature","properties":{"treeNo":"1515","plot":"Plot 2","coordinateSource":"Plot2.gpkg/Plot2","coordinateVersion":"plot2-original-approved-2026-08-12"},"geometry":{"type":"Point","coordinates":[77.0786363564,10.4804374881]}},{"type":"Feature","properties":{"treeNo":"1516","plot":"Plot 2","coordinateSource":"Plot2.gpkg/Plot2","coordinateVersion":"plot2-original-approved-2026-08-12"},"geometry":{"type":"Point","coordinates":[77.0787155185,10.4804347318]}},{"type":"Feature","properties":{"treeNo":"1517","plot":"Plot 2","coordinateSource":"Plot2.gpkg/Plot2","coordinateVersion":"plot2-original-approved-2026-08-12"},"geometry":{"type":"Point","coordinates":[77.0787828095,10.4804328927]}},{"type":"Feature","properties":{"treeNo":"1518","plot":"Plot 2","coordinateSource":"Plot2.gpkg/Plot2","coordinateVersion":"plot2-original-approved-2026-08-12"},"geometry":{"type":"Point","coordinates":[77.0788616907,10.480430418]}},{"type":"Feature","properties":{"treeNo":"1519","plot":"Plot 2","coordinateSource":"Plot2.gpkg/Plot2","coordinateVersion":"plot2-original-approved-2026-08-12"},"geometry":{"type":"Point","coordinates":[77.0789349387,10.4804313388]}},{"type":"Feature","properties":{"treeNo":"1520","plot":"Plot 2","coordinateSource":"Plot2.gpkg/Plot2","coordinateVersion":"plot2-original-approved-2026-08-12"},"geometry":{"type":"Point","coordinates":[77.0790095688,10.4804274925]}},{"type":"Feature","properties":{"treeNo":"1521","plot":"Plot 2","coordinateSource":"Plot2.gpkg/Plot2","coordinateVersion":"plot2-original-approved-2026-08-12"},"geometry":{"type":"Point","coordinates":[77.0790833824,10.4804284095]}},{"type":"Feature","properties":{"treeNo":"1522","plot":"Plot 2","coordinateSource":"Plot2.gpkg/Plot2","coordinateVersion":"plot2-original-approved-2026-08-12"},"geometry":{"type":"Point","coordinates":[77.0791588403,10.480421479]}},{"type":"Feature","properties":{"treeNo":"1523","plot":"Plot 2","coordinateSource":"Plot2.gpkg/Plot2","coordinateVersion":"plot2-original-approved-2026-08-12"},"geometry":{"type":"Point","coordinates":[77.0792317831,10.4804190431]}},{"type":"Feature","properties":{"treeNo":"1524","plot":"Plot 2","coordinateSource":"Plot2.gpkg/Plot2","coordinateVersion":"plot2-original-approved-2026-08-12"},"geometry":{"type":"Point","coordinates":[77.0793027447,10.4804163402]}},{"type":"Feature","properties":{"treeNo":"1525","plot":"Plot 2","coordinateSource":"Plot2.gpkg/Plot2","coordinateVersion":"plot2-original-approved-2026-08-12"},"geometry":{"type":"Point","coordinates":[77.0793715598,10.480431004]}},{"type":"Feature","properties":{"treeNo":"1526","plot":"Plot 2","coordinateSource":"Plot2.gpkg/Plot2","coordinateVersion":"plot2-original-approved-2026-08-12"},"geometry":{"type":"Point","coordinates":[77.0793507761,10.4803676068]}},{"type":"Feature","properties":{"treeNo":"1527","plot":"Plot 2","coordinateSource":"Plot2.gpkg/Plot2","coordinateVersion":"plot2-original-approved-2026-08-12"},"geometry":{"type":"Point","coordinates":[77.0792971449,10.4803399692]}},{"type":"Feature","properties":{"treeNo":"1528","plot":"Plot 2","coordinateSource":"Plot2.gpkg/Plot2","coordinateVersion":"plot2-original-approved-2026-08-12"},"geometry":{"type":"Point","coordinates":[77.0792202656,10.4803457894]}},{"type":"Feature","properties":{"treeNo":"1529","plot":"Plot 2","coordinateSource":"Plot2.gpkg/Plot2","coordinateVersion":"plot2-original-approved-2026-08-12"},"geometry":{"type":"Point","coordinates":[77.0791484427,10.4803465387]}},{"type":"Feature","properties":{"treeNo":"1530","plot":"Plot 2","coordinateSource":"Plot2.gpkg/Plot2","coordinateVersion":"plot2-original-approved-2026-08-12"},"geometry":{"type":"Point","coordinates":[77.079074395,10.4803529002]}},{"type":"Feature","properties":{"treeNo":"1531","plot":"Plot 2","coordinateSource":"Plot2.gpkg/Plot2","coordinateVersion":"plot2-original-approved-2026-08-12"},"geometry":{"type":"Point","coordinates":[77.0789986001,10.4803517163]}},{"type":"Feature","properties":{"treeNo":"1532","plot":"Plot 2","coordinateSource":"Plot2.gpkg/Plot2","coordinateVersion":"plot2-original-approved-2026-08-12"},"geometry":{"type":"Point","coordinates":[77.0789202977,10.4803561463]}},{"type":"Feature","properties":{"treeNo":"1533","plot":"Plot 2","coordinateSource":"Plot2.gpkg/Plot2","coordinateVersion":"plot2-original-approved-2026-08-12"},"geometry":{"type":"Point","coordinates":[77.0788470777,10.4803594236]}},{"type":"Feature","properties":{"treeNo":"1534","plot":"Plot 2","coordinateSource":"Plot2.gpkg/Plot2","coordinateVersion":"plot2-original-approved-2026-08-12"},"geometry":{"type":"Point","coordinates":[77.0787809214,10.4803618151]}},{"type":"Feature","properties":{"treeNo":"1535","plot":"Plot 2","coordinateSource":"Plot2.gpkg/Plot2","coordinateVersion":"plot2-original-approved-2026-08-12"},"geometry":{"type":"Point","coordinates":[77.078702003,10.4803586924]}},{"type":"Feature","properties":{"treeNo":"1536","plot":"Plot 2","coordinateSource":"Plot2.gpkg/Plot2","coordinateVersion":"plot2-original-approved-2026-08-12"},"geometry":{"type":"Point","coordinates":[77.0786194664,10.4803642695]}},{"type":"Feature","properties":{"treeNo":"1537","plot":"Plot 2","coordinateSource":"Plot2.gpkg/Plot2","coordinateVersion":"plot2-original-approved-2026-08-12"},"geometry":{"type":"Point","coordinates":[77.0785498963,10.4803636046]}},{"type":"Feature","properties":{"treeNo":"1538","plot":"Plot 2","coordinateSource":"Plot2.gpkg/Plot2","coordinateVersion":"plot2-original-approved-2026-08-12"},"geometry":{"type":"Point","coordinates":[77.0784747417,10.4803736116]}},{"type":"Feature","properties":{"treeNo":"1539","plot":"Plot 2","coordinateSource":"Plot2.gpkg/Plot2","coordinateVersion":"plot2-original-approved-2026-08-12"},"geometry":{"type":"Point","coordinates":[77.0784040349,10.4803721144]}},{"type":"Feature","properties":{"treeNo":"1540","plot":"Plot 2","coordinateSource":"Plot2.gpkg/Plot2","coordinateVersion":"plot2-original-approved-2026-08-12"},"geometry":{"type":"Point","coordinates":[77.0783271257,10.4803734565]}},{"type":"Feature","properties":{"treeNo":"1541","plot":"Plot 2","coordinateSource":"Plot2.gpkg/Plot2","coordinateVersion":"plot2-original-approved-2026-08-12"},"geometry":{"type":"Point","coordinates":[77.0783204343,10.4803029701]}},{"type":"Feature","properties":{"treeNo":"1542","plot":"Plot 2","coordinateSource":"Plot2.gpkg/Plot2","coordinateVersion":"plot2-original-approved-2026-08-12"},"geometry":{"type":"Point","coordinates":[77.078388345,10.4803092436]}},{"type":"Feature","properties":{"treeNo":"1543","plot":"Plot 2","coordinateSource":"Plot2.gpkg/Plot2","coordinateVersion":"plot2-original-approved-2026-08-12"},"geometry":{"type":"Point","coordinates":[77.0784434936,10.4803100028]}},{"type":"Feature","properties":{"treeNo":"1544","plot":"Plot 2","coordinateSource":"Plot2.gpkg/Plot2","coordinateVersion":"plot2-original-approved-2026-08-12"},"geometry":{"type":"Point","coordinates":[77.0785076629,10.4803065048]}},{"type":"Feature","properties":{"treeNo":"1545","plot":"Plot 2","coordinateSource":"Plot2.gpkg/Plot2","coordinateVersion":"plot2-original-approved-2026-08-12"},"geometry":{"type":"Point","coordinates":[77.0785727105,10.4803074792]}},{"type":"Feature","properties":{"treeNo":"1546","plot":"Plot 2","coordinateSource":"Plot2.gpkg/Plot2","coordinateVersion":"plot2-original-approved-2026-08-12"},"geometry":{"type":"Point","coordinates":[77.0786558369,10.4803055367]}},{"type":"Feature","properties":{"treeNo":"1547","plot":"Plot 2","coordinateSource":"Plot2.gpkg/Plot2","coordinateVersion":"plot2-original-approved-2026-08-12"},"geometry":{"type":"Point","coordinates":[77.0787377968,10.4802982839]}},{"type":"Feature","properties":{"treeNo":"1548","plot":"Plot 2","coordinateSource":"Plot2.gpkg/Plot2","coordinateVersion":"plot2-original-approved-2026-08-12"},"geometry":{"type":"Point","coordinates":[77.0788169662,10.4802966471]}},{"type":"Feature","properties":{"treeNo":"1549","plot":"Plot 2","coordinateSource":"Plot2.gpkg/Plot2","coordinateVersion":"plot2-original-approved-2026-08-12"},"geometry":{"type":"Point","coordinates":[77.0788916113,10.4802950397]}},{"type":"Feature","properties":{"treeNo":"1550","plot":"Plot 2","coordinateSource":"Plot2.gpkg/Plot2","coordinateVersion":"plot2-original-approved-2026-08-12"},"geometry":{"type":"Point","coordinates":[77.0789839909,10.4802812816]}},{"type":"Feature","properties":{"treeNo":"1551","plot":"Plot 2","coordinateSource":"Plot2.gpkg/Plot2","coordinateVersion":"plot2-original-approved-2026-08-12"},"geometry":{"type":"Point","coordinates":[77.0790583531,10.4802796761]}},{"type":"Feature","properties":{"treeNo":"1552","plot":"Plot 2","coordinateSource":"Plot2.gpkg/Plot2","coordinateVersion":"plot2-original-approved-2026-08-12"},"geometry":{"type":"Point","coordinates":[77.0791343934,10.4802752608]}},{"type":"Feature","properties":{"treeNo":"1553","plot":"Plot 2","coordinateSource":"Plot2.gpkg/Plot2","coordinateVersion":"plot2-original-approved-2026-08-12"},"geometry":{"type":"Point","coordinates":[77.0792110197,10.4802739203]}},{"type":"Feature","properties":{"treeNo":"1554","plot":"Plot 2","coordinateSource":"Plot2.gpkg/Plot2","coordinateVersion":"plot2-original-approved-2026-08-12"},"geometry":{"type":"Point","coordinates":[77.0792839513,10.4802698052]}},{"type":"Feature","properties":{"treeNo":"1555","plot":"Plot 2","coordinateSource":"Plot2.gpkg/Plot2","coordinateVersion":"plot2-original-approved-2026-08-12"},"geometry":{"type":"Point","coordinates":[77.0793330879,10.4803019502]}},{"type":"Feature","properties":{"treeNo":"1556","plot":"Plot 2","coordinateSource":"Plot2.gpkg/Plot2","coordinateVersion":"plot2-original-approved-2026-08-12"},"geometry":{"type":"Point","coordinates":[77.0793190199,10.4802278736]}},{"type":"Feature","properties":{"treeNo":"1557","plot":"Plot 2","coordinateSource":"Plot2.gpkg/Plot2","coordinateVersion":"plot2-original-approved-2026-08-12"},"geometry":{"type":"Point","coordinates":[77.0792712654,10.4801909615]}},{"type":"Feature","properties":{"treeNo":"1558","plot":"Plot 2","coordinateSource":"Plot2.gpkg/Plot2","coordinateVersion":"plot2-original-approved-2026-08-12"},"geometry":{"type":"Point","coordinates":[77.0791988994,10.480195073]}},{"type":"Feature","properties":{"treeNo":"1559","plot":"Plot 2","coordinateSource":"Plot2.gpkg/Plot2","coordinateVersion":"plot2-original-approved-2026-08-12"},"geometry":{"type":"Point","coordinates":[77.079124273,10.4801994791]}},{"type":"Feature","properties":{"treeNo":"1560","plot":"Plot 2","coordinateSource":"Plot2.gpkg/Plot2","coordinateVersion":"plot2-original-approved-2026-08-12"},"geometry":{"type":"Point","coordinates":[77.0790527441,10.4802019057]}},{"type":"Feature","properties":{"treeNo":"1561","plot":"Plot 2","coordinateSource":"Plot2.gpkg/Plot2","coordinateVersion":"plot2-original-approved-2026-08-12"},"geometry":{"type":"Point","coordinates":[77.0789784099,10.4802077092]}},{"type":"Feature","properties":{"treeNo":"1562","plot":"Plot 2","coordinateSource":"Plot2.gpkg/Plot2","coordinateVersion":"plot2-original-approved-2026-08-12"},"geometry":{"type":"Point","coordinates":[77.0789000962,10.4802104601]}},{"type":"Feature","properties":{"treeNo":"1563","plot":"Plot 2","coordinateSource":"Plot2.gpkg/Plot2","coordinateVersion":"plot2-original-approved-2026-08-12"},"geometry":{"type":"Point","coordinates":[77.0788279906,10.4802112112]}},{"type":"Feature","properties":{"treeNo":"1564","plot":"Plot 2","coordinateSource":"Plot2.gpkg/Plot2","coordinateVersion":"plot2-original-approved-2026-08-12"},"geometry":{"type":"Point","coordinates":[77.0787482705,10.4802150907]}},{"type":"Feature","properties":{"treeNo":"1565","plot":"Plot 2","coordinateSource":"Plot2.gpkg/Plot2","coordinateVersion":"plot2-original-approved-2026-08-12"},"geometry":{"type":"Point","coordinates":[77.0786742171,10.4802206124]}},{"type":"Feature","properties":{"treeNo":"1566","plot":"Plot 2","coordinateSource":"Plot2.gpkg/Plot2","coordinateVersion":"plot2-original-approved-2026-08-12"},"geometry":{"type":"Point","coordinates":[77.0786029486,10.4802196787]}},{"type":"Feature","properties":{"treeNo":"1567","plot":"Plot 2","coordinateSource":"Plot2.gpkg/Plot2","coordinateVersion":"plot2-original-approved-2026-08-12"},"geometry":{"type":"Point","coordinates":[77.0785328167,10.4802195772]}},{"type":"Feature","properties":{"treeNo":"1568","plot":"Plot 2","coordinateSource":"Plot2.gpkg/Plot2","coordinateVersion":"plot2-original-approved-2026-08-12"},"geometry":{"type":"Point","coordinates":[77.0784609919,10.4802200465]}},{"type":"Feature","properties":{"treeNo":"1569","plot":"Plot 2","coordinateSource":"Plot2.gpkg/Plot2","coordinateVersion":"plot2-original-approved-2026-08-12"},"geometry":{"type":"Point","coordinates":[77.0783835471,10.4802258702]}},{"type":"Feature","properties":{"treeNo":"1570","plot":"Plot 2","coordinateSource":"Plot2.gpkg/Plot2","coordinateVersion":"plot2-original-approved-2026-08-12"},"geometry":{"type":"Point","coordinates":[77.0783218892,10.4802243139]}},{"type":"Feature","properties":{"treeNo":"1572","plot":"Plot 2","coordinateSource":"Plot2.gpkg/Plot2","coordinateVersion":"plot2-original-approved-2026-08-12"},"geometry":{"type":"Point","coordinates":[77.0784475307,10.4801521232]}},{"type":"Feature","properties":{"treeNo":"1573","plot":"Plot 2","coordinateSource":"Plot2.gpkg/Plot2","coordinateVersion":"plot2-original-approved-2026-08-12"},"geometry":{"type":"Point","coordinates":[77.0785193424,10.4801496948]}},{"type":"Feature","properties":{"treeNo":"1574","plot":"Plot 2","coordinateSource":"Plot2.gpkg/Plot2","coordinateVersion":"plot2-original-approved-2026-08-12"},"geometry":{"type":"Point","coordinates":[77.0785925754,10.4801483767]}},{"type":"Feature","properties":{"treeNo":"1575","plot":"Plot 2","coordinateSource":"Plot2.gpkg/Plot2","coordinateVersion":"plot2-original-approved-2026-08-12"},"geometry":{"type":"Point","coordinates":[77.0786671794,10.4801406123]}},{"type":"Feature","properties":{"treeNo":"1576","plot":"Plot 2","coordinateSource":"Plot2.gpkg/Plot2","coordinateVersion":"plot2-original-approved-2026-08-12"},"geometry":{"type":"Point","coordinates":[77.0787441034,10.4801415091]}},{"type":"Feature","properties":{"treeNo":"1577","plot":"Plot 2","coordinateSource":"Plot2.gpkg/Plot2","coordinateVersion":"plot2-original-approved-2026-08-12"},"geometry":{"type":"Point","coordinates":[77.0788159263,10.4801407599]}},{"type":"Feature","properties":{"treeNo":"1578","plot":"Plot 2","coordinateSource":"Plot2.gpkg/Plot2","coordinateVersion":"plot2-original-approved-2026-08-12"},"geometry":{"type":"Point","coordinates":[77.0788930976,10.4801363372]}},{"type":"Feature","properties":{"treeNo":"1579","plot":"Plot 2","coordinateSource":"Plot2.gpkg/Plot2","coordinateVersion":"plot2-original-approved-2026-08-12"},"geometry":{"type":"Point","coordinates":[77.078962089,10.4801350467]}},{"type":"Feature","properties":{"treeNo":"1580","plot":"Plot 2","coordinateSource":"Plot2.gpkg/Plot2","coordinateVersion":"plot2-original-approved-2026-08-12"},"geometry":{"type":"Point","coordinates":[77.0790406873,10.4801325739]}},{"type":"Feature","properties":{"treeNo":"1581","plot":"Plot 2","coordinateSource":"Plot2.gpkg/Plot2","coordinateVersion":"plot2-original-approved-2026-08-12"},"geometry":{"type":"Point","coordinates":[77.079112778,10.4801295838]}},{"type":"Feature","properties":{"treeNo":"1582","plot":"Plot 2","coordinateSource":"Plot2.gpkg/Plot2","coordinateVersion":"plot2-original-approved-2026-08-12"},"geometry":{"type":"Point","coordinates":[77.0791854436,10.4801279894]}},{"type":"Feature","properties":{"treeNo":"1583","plot":"Plot 2","coordinateSource":"Plot2.gpkg/Plot2","coordinateVersion":"plot2-original-approved-2026-08-12"},"geometry":{"type":"Point","coordinates":[77.0792631972,10.4801260818]}},{"type":"Feature","properties":{"treeNo":"1584","plot":"Plot 2","coordinateSource":"Plot2.gpkg/Plot2","coordinateVersion":"plot2-original-approved-2026-08-12"},"geometry":{"type":"Point","coordinates":[77.0793069443,10.4801557431]}},{"type":"Feature","properties":{"treeNo":"1585","plot":"Plot 2","coordinateSource":"Plot2.gpkg/Plot2","coordinateVersion":"plot2-original-approved-2026-08-12"},"geometry":{"type":"Point","coordinates":[77.0792920485,10.4800847506]}},{"type":"Feature","properties":{"treeNo":"1586","plot":"Plot 2","coordinateSource":"Plot2.gpkg/Plot2","coordinateVersion":"plot2-original-approved-2026-08-12"},"geometry":{"type":"Point","coordinates":[77.0792527847,10.4800489025]}},{"type":"Feature","properties":{"treeNo":"1587","plot":"Plot 2","coordinateSource":"Plot2.gpkg/Plot2","coordinateVersion":"plot2-original-approved-2026-08-12"},"geometry":{"type":"Point","coordinates":[77.0791772951,10.4800510752]}},{"type":"Feature","properties":{"treeNo":"1588","plot":"Plot 2","coordinateSource":"Plot2.gpkg/Plot2","coordinateVersion":"plot2-original-approved-2026-08-12"},"geometry":{"type":"Point","coordinates":[77.0791032157,10.4800526789]}},{"type":"Feature","properties":{"treeNo":"1589","plot":"Plot 2","coordinateSource":"Plot2.gpkg/Plot2","coordinateVersion":"plot2-original-approved-2026-08-12"},"geometry":{"type":"Point","coordinates":[77.0790314059,10.4800553873]}},{"type":"Feature","properties":{"treeNo":"1590","plot":"Plot 2","coordinateSource":"Plot2.gpkg/Plot2","coordinateVersion":"plot2-original-approved-2026-08-12"},"geometry":{"type":"Point","coordinates":[77.0789534068,10.480062894]}},{"type":"Feature","properties":{"treeNo":"1591","plot":"Plot 2","coordinateSource":"Plot2.gpkg/Plot2","coordinateVersion":"plot2-original-approved-2026-08-12"},"geometry":{"type":"Point","coordinates":[77.0788815765,10.4800625238]}},{"type":"Feature","properties":{"treeNo":"1592","plot":"Plot 2","coordinateSource":"Plot2.gpkg/Plot2","coordinateVersion":"plot2-original-approved-2026-08-12"},"geometry":{"type":"Point","coordinates":[77.0788080719,10.4800655231]}},{"type":"Feature","properties":{"treeNo":"1593","plot":"Plot 2","coordinateSource":"Plot2.gpkg/Plot2","coordinateVersion":"plot2-original-approved-2026-08-12"},"geometry":{"type":"Point","coordinates":[77.0787382322,10.4800668191]}},{"type":"Feature","properties":{"treeNo":"1594","plot":"Plot 2","coordinateSource":"Plot2.gpkg/Plot2","coordinateVersion":"plot2-original-approved-2026-08-12"},"geometry":{"type":"Point","coordinates":[77.0786607632,10.4800690046]}},{"type":"Feature","properties":{"treeNo":"1595","plot":"Plot 2","coordinateSource":"Plot2.gpkg/Plot2","coordinateVersion":"plot2-original-approved-2026-08-12"},"geometry":{"type":"Point","coordinates":[77.0785796312,10.4800731731]}},{"type":"Feature","properties":{"treeNo":"1596","plot":"Plot 2","coordinateSource":"Plot2.gpkg/Plot2","coordinateVersion":"plot2-original-approved-2026-08-12"},"geometry":{"type":"Point","coordinates":[77.0785106753,10.4800797811]}},{"type":"Feature","properties":{"treeNo":"1597","plot":"Plot 2","coordinateSource":"Plot2.gpkg/Plot2","coordinateVersion":"plot2-original-approved-2026-08-12"},"geometry":{"type":"Point","coordinates":[77.0784385659,10.4800799723]}},{"type":"Feature","properties":{"treeNo":"1598","plot":"Plot 2","coordinateSource":"Plot2.gpkg/Plot2","coordinateVersion":"plot2-original-approved-2026-08-12"},"geometry":{"type":"Point","coordinates":[77.0783301694,10.4800878175]}},{"type":"Feature","properties":{"treeNo":"1599","plot":"Plot 2","coordinateSource":"Plot2.gpkg/Plot2","coordinateVersion":"plot2-original-approved-2026-08-12"},"geometry":{"type":"Point","coordinates":[77.0783359406,10.4800203283]}},{"type":"Feature","properties":{"treeNo":"1600","plot":"Plot 2","coordinateSource":"Plot2.gpkg/Plot2","coordinateVersion":"plot2-original-approved-2026-08-12"},"geometry":{"type":"Point","coordinates":[77.0784212218,10.4800022786]}},{"type":"Feature","properties":{"treeNo":"1601","plot":"Plot 2","coordinateSource":"Plot2.gpkg/Plot2","coordinateVersion":"plot2-original-approved-2026-08-12"},"geometry":{"type":"Point","coordinates":[77.0784965738,10.4800006667]}},{"type":"Feature","properties":{"treeNo":"1602","plot":"Plot 2","coordinateSource":"Plot2.gpkg/Plot2","coordinateVersion":"plot2-original-approved-2026-08-12"},"geometry":{"type":"Point","coordinates":[77.0785753414,10.4800023911]}},{"type":"Feature","properties":{"treeNo":"1603","plot":"Plot 2","coordinateSource":"Plot2.gpkg/Plot2","coordinateVersion":"plot2-original-approved-2026-08-12"},"geometry":{"type":"Point","coordinates":[77.0786436231,10.4800006855]}},{"type":"Feature","properties":{"treeNo":"1604","plot":"Plot 2","coordinateSource":"Plot2.gpkg/Plot2","coordinateVersion":"plot2-original-approved-2026-08-12"},"geometry":{"type":"Point","coordinates":[77.0787236436,10.479999463]}},{"type":"Feature","properties":{"treeNo":"1605","plot":"Plot 2","coordinateSource":"Plot2.gpkg/Plot2","coordinateVersion":"plot2-original-approved-2026-08-12"},"geometry":{"type":"Point","coordinates":[77.0787971239,10.4799928254]}},{"type":"Feature","properties":{"treeNo":"1606","plot":"Plot 2","coordinateSource":"Plot2.gpkg/Plot2","coordinateVersion":"plot2-original-approved-2026-08-12"},"geometry":{"type":"Point","coordinates":[77.0788734394,10.4799872888]}},{"type":"Feature","properties":{"treeNo":"1607","plot":"Plot 2","coordinateSource":"Plot2.gpkg/Plot2","coordinateVersion":"plot2-original-approved-2026-08-12"},"geometry":{"type":"Point","coordinates":[77.0789444195,10.4799873848]}},{"type":"Feature","properties":{"treeNo":"1608","plot":"Plot 2","coordinateSource":"Plot2.gpkg/Plot2","coordinateVersion":"plot2-original-approved-2026-08-12"},"geometry":{"type":"Point","coordinates":[77.0790204839,10.4799866078]}},{"type":"Feature","properties":{"treeNo":"1609","plot":"Plot 2","coordinateSource":"Plot2.gpkg/Plot2","coordinateVersion":"plot2-original-approved-2026-08-12"},"geometry":{"type":"Point","coordinates":[77.0790965241,10.4799821925]}},{"type":"Feature","properties":{"treeNo":"1610","plot":"Plot 2","coordinateSource":"Plot2.gpkg/Plot2","coordinateVersion":"plot2-original-approved-2026-08-12"},"geometry":{"type":"Point","coordinates":[77.0791660754,10.4799800587]}},{"type":"Feature","properties":{"treeNo":"1611","plot":"Plot 2","coordinateSource":"Plot2.gpkg/Plot2","coordinateVersion":"plot2-original-approved-2026-08-12"},"geometry":{"type":"Point","coordinates":[77.079237902,10.4799798691]}},{"type":"Feature","properties":{"treeNo":"1612","plot":"Plot 2","coordinateSource":"Plot2.gpkg/Plot2","coordinateVersion":"plot2-original-approved-2026-08-12"},"geometry":{"type":"Point","coordinates":[77.0792785273,10.4800078716]}},{"type":"Feature","properties":{"treeNo":"1613","plot":"Plot 2","coordinateSource":"Plot2.gpkg/Plot2","coordinateVersion":"plot2-original-approved-2026-08-12"},"geometry":{"type":"Point","coordinates":[77.0792363003,10.4799093494]}},{"type":"Feature","properties":{"treeNo":"1614","plot":"Plot 2","coordinateSource":"Plot2.gpkg/Plot2","coordinateVersion":"plot2-original-approved-2026-08-12"},"geometry":{"type":"Point","coordinates":[77.0791542752,10.4799068068]}},{"type":"Feature","properties":{"treeNo":"1615","plot":"Plot 2","coordinateSource":"Plot2.gpkg/Plot2","coordinateVersion":"plot2-original-approved-2026-08-12"},"geometry":{"type":"Point","coordinates":[77.0790790479,10.4799058991]}},{"type":"Feature","properties":{"treeNo":"1616","plot":"Plot 2","coordinateSource":"Plot2.gpkg/Plot2","coordinateVersion":"plot2-original-approved-2026-08-12"},"geometry":{"type":"Point","coordinates":[77.0790072512,10.4799105665]}},{"type":"Feature","properties":{"treeNo":"1617","plot":"Plot 2","coordinateSource":"Plot2.gpkg/Plot2","coordinateVersion":"plot2-original-approved-2026-08-12"},"geometry":{"type":"Point","coordinates":[77.0789382599,10.479911857]}},{"type":"Feature","properties":{"treeNo":"1618","plot":"Plot 2","coordinateSource":"Plot2.gpkg/Plot2","coordinateVersion":"plot2-original-approved-2026-08-12"},"geometry":{"type":"Point","coordinates":[77.0788579949,10.4799188188]}},{"type":"Feature","properties":{"treeNo":"1619","plot":"Plot 2","coordinateSource":"Plot2.gpkg/Plot2","coordinateVersion":"plot2-original-approved-2026-08-12"},"geometry":{"type":"Point","coordinates":[77.0787838968,10.4799176237]}},{"type":"Feature","properties":{"treeNo":"1620","plot":"Plot 2","coordinateSource":"Plot2.gpkg/Plot2","coordinateVersion":"plot2-original-approved-2026-08-12"},"geometry":{"type":"Point","coordinates":[77.0787140702,10.4799208788]}},{"type":"Feature","properties":{"treeNo":"1621","plot":"Plot 2","coordinateSource":"Plot2.gpkg/Plot2","coordinateVersion":"plot2-original-approved-2026-08-12"},"geometry":{"type":"Point","coordinates":[77.0786405563,10.4799224787]}},{"type":"Feature","properties":{"treeNo":"1622","plot":"Plot 2","coordinateSource":"Plot2.gpkg/Plot2","coordinateVersion":"plot2-original-approved-2026-08-12"},"geometry":{"type":"Point","coordinates":[77.0785577725,10.4799333752]}},{"type":"Feature","properties":{"treeNo":"1623","plot":"Plot 2","coordinateSource":"Plot2.gpkg/Plot2","coordinateVersion":"plot2-original-approved-2026-08-12"},"geometry":{"type":"Point","coordinates":[77.078486028,10.4799458788]}},{"type":"Feature","properties":{"treeNo":"1624","plot":"Plot 2","coordinateSource":"Plot2.gpkg/Plot2","coordinateVersion":"plot2-original-approved-2026-08-12"},"geometry":{"type":"Point","coordinates":[77.0784164301,10.4799410158]}},{"type":"Feature","properties":{"treeNo":"1625","plot":"Plot 2","coordinateSource":"Plot2.gpkg/Plot2","coordinateVersion":"plot2-original-approved-2026-08-12"},"geometry":{"type":"Point","coordinates":[77.0783261746,10.4799340486]}},{"type":"Feature","properties":{"treeNo":"1626","plot":"Plot 2","coordinateSource":"Plot2.gpkg/Plot2","coordinateVersion":"plot2-original-approved-2026-08-12"},"geometry":{"type":"Point","coordinates":[77.0787400047,10.4798874034]}},{"type":"Feature","properties":{"treeNo":"1627","plot":"Plot 2","coordinateSource":"Plot2.gpkg/Plot2","coordinateVersion":"plot2-original-approved-2026-08-12"},"geometry":{"type":"Point","coordinates":[77.0788304589,10.4798817745]}},{"type":"Feature","properties":{"treeNo":"1628","plot":"Plot 2","coordinateSource":"Plot2.gpkg/Plot2","coordinateVersion":"plot2-original-approved-2026-08-12"},"geometry":{"type":"Point","coordinates":[77.0789235205,10.4798431025]}},{"type":"Feature","properties":{"treeNo":"1629","plot":"Plot 2","coordinateSource":"Plot2.gpkg/Plot2","coordinateVersion":"plot2-original-approved-2026-08-12"},"geometry":{"type":"Point","coordinates":[77.0789973227,10.4798423403]}},{"type":"Feature","properties":{"treeNo":"1630","plot":"Plot 2","coordinateSource":"Plot2.gpkg/Plot2","coordinateVersion":"plot2-original-approved-2026-08-12"},"geometry":{"type":"Point","coordinates":[77.0791465771,10.4798338081]}},{"type":"Feature","properties":{"treeNo":"1632","plot":"Plot 2","coordinateSource":"Plot2.gpkg/Plot2","coordinateVersion":"plot2-original-approved-2026-08-12"},"geometry":{"type":"Point","coordinates":[77.078186624,10.4799559514]}},{"type":"Feature","properties":{"treeNo":"1633","plot":"Plot 2","coordinateSource":"Plot2.gpkg/Plot2","coordinateVersion":"plot2-original-approved-2026-08-12"},"geometry":{"type":"Point","coordinates":[77.0781111549,10.4799612024]}},{"type":"Feature","properties":{"treeNo":"1634","plot":"Plot 2","coordinateSource":"Plot2.gpkg/Plot2","coordinateVersion":"plot2-original-approved-2026-08-12"},"geometry":{"type":"Point","coordinates":[77.078037347,10.4799611248]}},{"type":"Feature","properties":{"treeNo":"1635","plot":"Plot 2","coordinateSource":"Plot2.gpkg/Plot2","coordinateVersion":"plot2-original-approved-2026-08-12"},"geometry":{"type":"Point","coordinates":[77.0779853613,10.4799681815]}},{"type":"Feature","properties":{"treeNo":"1636","plot":"Plot 2","coordinateSource":"Plot2.gpkg/Plot2","coordinateVersion":"plot2-original-approved-2026-08-12"},"geometry":{"type":"Point","coordinates":[77.0779319299,10.4799704897]}},{"type":"Feature","properties":{"treeNo":"1637","plot":"Plot 2","coordinateSource":"Plot2.gpkg/Plot2","coordinateVersion":"plot2-original-approved-2026-08-12"},"geometry":{"type":"Point","coordinates":[77.0778717437,10.4799776]}},{"type":"Feature","properties":{"treeNo":"1638","plot":"Plot 2","coordinateSource":"Plot2.gpkg/Plot2","coordinateVersion":"plot2-original-approved-2026-08-12"},"geometry":{"type":"Point","coordinates":[77.077489114,10.4800595853]}},{"type":"Feature","properties":{"treeNo":"1639","plot":"Plot 2","coordinateSource":"Plot2.gpkg/Plot2","coordinateVersion":"plot2-original-approved-2026-08-12"},"geometry":{"type":"Point","coordinates":[77.077542718,10.4800407631]}},{"type":"Feature","properties":{"treeNo":"1640","plot":"Plot 2","coordinateSource":"Plot2.gpkg/Plot2","coordinateVersion":"plot2-original-approved-2026-08-12"},"geometry":{"type":"Point","coordinates":[77.0776020447,10.4800319792]}},{"type":"Feature","properties":{"treeNo":"1641","plot":"Plot 2","coordinateSource":"Plot2.gpkg/Plot2","coordinateVersion":"plot2-original-approved-2026-08-12"},"geometry":{"type":"Point","coordinates":[77.0776795287,10.4800320329]}},{"type":"Feature","properties":{"treeNo":"1642","plot":"Plot 2","coordinateSource":"Plot2.gpkg/Plot2","coordinateVersion":"plot2-original-approved-2026-08-12"},"geometry":{"type":"Point","coordinates":[77.0777541477,10.4800265077]}},{"type":"Feature","properties":{"treeNo":"1643","plot":"Plot 2","coordinateSource":"Plot2.gpkg/Plot2","coordinateVersion":"plot2-original-approved-2026-08-12"},"geometry":{"type":"Point","coordinates":[77.0778225717,10.4800249412]}},{"type":"Feature","properties":{"treeNo":"1644","plot":"Plot 2","coordinateSource":"Plot2.gpkg/Plot2","coordinateVersion":"plot2-original-approved-2026-08-12"},"geometry":{"type":"Point","coordinates":[77.0779006026,10.4800221925]}},{"type":"Feature","properties":{"treeNo":"1645","plot":"Plot 2","coordinateSource":"Plot2.gpkg/Plot2","coordinateVersion":"plot2-original-approved-2026-08-12"},"geometry":{"type":"Point","coordinates":[77.0779729518,10.4800155626]}},{"type":"Feature","properties":{"treeNo":"1646","plot":"Plot 2","coordinateSource":"Plot2.gpkg/Plot2","coordinateVersion":"plot2-original-approved-2026-08-12"},"geometry":{"type":"Point","coordinates":[77.0780498964,10.4800195381]}},{"type":"Feature","properties":{"treeNo":"1647","plot":"Plot 2","coordinateSource":"Plot2.gpkg/Plot2","coordinateVersion":"plot2-original-approved-2026-08-12"},"geometry":{"type":"Point","coordinates":[77.0781211481,10.4800179531]}},{"type":"Feature","properties":{"treeNo":"1648","plot":"Plot 2","coordinateSource":"Plot2.gpkg/Plot2","coordinateVersion":"plot2-original-approved-2026-08-12"},"geometry":{"type":"Point","coordinates":[77.0782037108,10.4800162942]}},{"type":"Feature","properties":{"treeNo":"1649","plot":"Plot 2","coordinateSource":"Plot2.gpkg/Plot2","coordinateVersion":"plot2-original-approved-2026-08-12"},"geometry":{"type":"Point","coordinates":[77.078206421,10.4800834481]}},{"type":"Feature","properties":{"treeNo":"1650","plot":"Plot 2","coordinateSource":"Plot2.gpkg/Plot2","coordinateVersion":"plot2-original-approved-2026-08-12"},"geometry":{"type":"Point","coordinates":[77.0781329182,10.4800867271]}},{"type":"Feature","properties":{"treeNo":"1651","plot":"Plot 2","coordinateSource":"Plot2.gpkg/Plot2","coordinateVersion":"plot2-original-approved-2026-08-12"},"geometry":{"type":"Point","coordinates":[77.0780605466,10.4800899987]}},{"type":"Feature","properties":{"treeNo":"1652","plot":"Plot 2","coordinateSource":"Plot2.gpkg/Plot2","coordinateVersion":"plot2-original-approved-2026-08-12"},"geometry":{"type":"Point","coordinates":[77.0779836542,10.4800938595]}},{"type":"Feature","properties":{"treeNo":"1653","plot":"Plot 2","coordinateSource":"Plot2.gpkg/Plot2","coordinateVersion":"plot2-original-approved-2026-08-12"},"geometry":{"type":"Point","coordinates":[77.0779022039,10.4800927122]}},{"type":"Feature","properties":{"treeNo":"1654","plot":"Plot 2","coordinateSource":"Plot2.gpkg/Plot2","coordinateVersion":"plot2-original-approved-2026-08-12"},"geometry":{"type":"Point","coordinates":[77.077833248,10.48009932]}},{"type":"Feature","properties":{"treeNo":"1655","plot":"Plot 2","coordinateSource":"Plot2.gpkg/Plot2","coordinateVersion":"plot2-original-approved-2026-08-12"},"geometry":{"type":"Point","coordinates":[77.0777682098,10.4800997448]}},{"type":"Feature","properties":{"treeNo":"1656","plot":"Plot 2","coordinateSource":"Plot2.gpkg/Plot2","coordinateVersion":"plot2-original-approved-2026-08-12"},"geometry":{"type":"Point","coordinates":[77.0776834072,10.4801047768]}},{"type":"Feature","properties":{"treeNo":"1657","plot":"Plot 2","coordinateSource":"Plot2.gpkg/Plot2","coordinateVersion":"plot2-original-approved-2026-08-12"},"geometry":{"type":"Point","coordinates":[77.077636853,10.4800782122]}},{"type":"Feature","properties":{"treeNo":"1658","plot":"Plot 2","coordinateSource":"Plot2.gpkg/Plot2","coordinateVersion":"plot2-original-approved-2026-08-12"},"geometry":{"type":"Point","coordinates":[77.0774764103,10.4801900932]}},{"type":"Feature","properties":{"treeNo":"1659","plot":"Plot 2","coordinateSource":"Plot2.gpkg/Plot2","coordinateVersion":"plot2-original-approved-2026-08-12"},"geometry":{"type":"Point","coordinates":[77.0775527035,10.4801811985]}},{"type":"Feature","properties":{"treeNo":"1660","plot":"Plot 2","coordinateSource":"Plot2.gpkg/Plot2","coordinateVersion":"plot2-original-approved-2026-08-12"},"geometry":{"type":"Point","coordinates":[77.0776222586,10.4801796247]}},{"type":"Feature","properties":{"treeNo":"1661","plot":"Plot 2","coordinateSource":"Plot2.gpkg/Plot2","coordinateVersion":"plot2-original-approved-2026-08-12"},"geometry":{"type":"Point","coordinates":[77.0776811393,10.4801887561]}},{"type":"Feature","properties":{"treeNo":"1662","plot":"Plot 2","coordinateSource":"Plot2.gpkg/Plot2","coordinateVersion":"plot2-original-approved-2026-08-12"},"geometry":{"type":"Point","coordinates":[77.0777479114,10.4801939177]}},{"type":"Feature","properties":{"treeNo":"1664","plot":"Plot 2","coordinateSource":"Plot2.gpkg/Plot2","coordinateVersion":"plot2-original-approved-2026-08-12"},"geometry":{"type":"Point","coordinates":[77.07795178,10.4801483648]}},{"type":"Feature","properties":{"treeNo":"1665","plot":"Plot 2","coordinateSource":"Plot2.gpkg/Plot2","coordinateVersion":"plot2-original-approved-2026-08-12"},"geometry":{"type":"Point","coordinates":[77.0780762867,10.480160426]}},{"type":"Feature","properties":{"treeNo":"1666","plot":"Plot 2","coordinateSource":"Plot2.gpkg/Plot2","coordinateVersion":"plot2-original-approved-2026-08-12"},"geometry":{"type":"Point","coordinates":[77.0781466958,10.4801596862]}},{"type":"Feature","properties":{"treeNo":"1667","plot":"Plot 2","coordinateSource":"Plot2.gpkg/Plot2","coordinateVersion":"plot2-original-approved-2026-08-12"},"geometry":{"type":"Point","coordinates":[77.0782199083,10.4801552896]}},{"type":"Feature","properties":{"treeNo":"1668","plot":"Plot 2","coordinateSource":"Plot2.gpkg/Plot2","coordinateVersion":"plot2-original-approved-2026-08-12"},"geometry":{"type":"Point","coordinates":[77.078233725,10.4802341259]}},{"type":"Feature","properties":{"treeNo":"1669","plot":"Plot 2","coordinateSource":"Plot2.gpkg/Plot2","coordinateVersion":"plot2-original-approved-2026-08-12"},"geometry":{"type":"Point","coordinates":[77.0780591233,10.4802582168]}},{"type":"Feature","properties":{"treeNo":"1670","plot":"Plot 2","coordinateSource":"Plot2.gpkg/Plot2","coordinateVersion":"plot2-original-approved-2026-08-12"},"geometry":{"type":"Point","coordinates":[77.0780038627,10.4802406654]}},{"type":"Feature","properties":{"treeNo":"1671","plot":"Plot 2","coordinateSource":"Plot2.gpkg/Plot2","coordinateVersion":"plot2-original-approved-2026-08-12"},"geometry":{"type":"Point","coordinates":[77.0779337439,10.4802425228]}},{"type":"Feature","properties":{"treeNo":"1672","plot":"Plot 2","coordinateSource":"Plot2.gpkg/Plot2","coordinateVersion":"plot2-original-approved-2026-08-12"},"geometry":{"type":"Point","coordinates":[77.0778548833,10.4802480758]}},{"type":"Feature","properties":{"treeNo":"1673","plot":"Plot 2","coordinateSource":"Plot2.gpkg/Plot2","coordinateVersion":"plot2-original-approved-2026-08-12"},"geometry":{"type":"Point","coordinates":[77.0777895362,10.4802445843]}},{"type":"Feature","properties":{"treeNo":"1674","plot":"Plot 2","coordinateSource":"Plot2.gpkg/Plot2","coordinateVersion":"plot2-original-approved-2026-08-12"},"geometry":{"type":"Point","coordinates":[77.0777101119,10.4802504208]}},{"type":"Feature","properties":{"treeNo":"1675","plot":"Plot 2","coordinateSource":"Plot2.gpkg/Plot2","coordinateVersion":"plot2-original-approved-2026-08-12"},"geometry":{"type":"Point","coordinates":[77.07763489,10.4802503523]}},{"type":"Feature","properties":{"treeNo":"1676","plot":"Plot 2","coordinateSource":"Plot2.gpkg/Plot2","coordinateVersion":"plot2-original-approved-2026-08-12"},"geometry":{"type":"Point","coordinates":[77.0775636382,10.4802519371]}},{"type":"Feature","properties":{"treeNo":"1677","plot":"Plot 2","coordinateSource":"Plot2.gpkg/Plot2","coordinateVersion":"plot2-original-approved-2026-08-12"},"geometry":{"type":"Point","coordinates":[77.0774906674,10.4802501746]}},{"type":"Feature","properties":{"treeNo":"1678","plot":"Plot 2","coordinateSource":"Plot2.gpkg/Plot2","coordinateVersion":"plot2-original-approved-2026-08-12"},"geometry":{"type":"Point","coordinates":[77.0774138235,10.480261312]}},{"type":"Feature","properties":{"treeNo":"1679","plot":"Plot 2","coordinateSource":"Plot2.gpkg/Plot2","coordinateVersion":"plot2-original-approved-2026-08-12"},"geometry":{"type":"Point","coordinates":[77.077338583,10.4802584447]}},{"type":"Feature","properties":{"treeNo":"1680","plot":"Plot 2","coordinateSource":"Plot2.gpkg/Plot2","coordinateVersion":"plot2-original-approved-2026-08-12"},"geometry":{"type":"Point","coordinates":[77.0772662597,10.4802689927]}},{"type":"Feature","properties":{"treeNo":"1681","plot":"Plot 2","coordinateSource":"Plot2.gpkg/Plot2","coordinateVersion":"plot2-original-approved-2026-08-12"},"geometry":{"type":"Point","coordinates":[77.0771884854,10.4802678213]}},{"type":"Feature","properties":{"treeNo":"1682","plot":"Plot 2","coordinateSource":"Plot2.gpkg/Plot2","coordinateVersion":"plot2-original-approved-2026-08-12"},"geometry":{"type":"Point","coordinates":[77.0771189881,10.4802780709]}},{"type":"Feature","properties":{"treeNo":"1683","plot":"Plot 2","coordinateSource":"Plot2.gpkg/Plot2","coordinateVersion":"plot2-original-approved-2026-08-12"},"geometry":{"type":"Point","coordinates":[77.0770763898,10.4802934627]}},{"type":"Feature","properties":{"treeNo":"1684","plot":"Plot 2","coordinateSource":"Plot2.gpkg/Plot2","coordinateVersion":"plot2-original-approved-2026-08-12"},"geometry":{"type":"Point","coordinates":[77.0770085891,10.4803037012]}},{"type":"Feature","properties":{"treeNo":"1685","plot":"Plot 2","coordinateSource":"Plot2.gpkg/Plot2","coordinateVersion":"plot2-original-approved-2026-08-12"},"geometry":{"type":"Point","coordinates":[77.0769252282,10.4803129218]}},{"type":"Feature","properties":{"treeNo":"1686","plot":"Plot 2","coordinateSource":"Plot2.gpkg/Plot2","coordinateVersion":"plot2-original-approved-2026-08-12"},"geometry":{"type":"Point","coordinates":[77.0768639556,10.4803267562]}},{"type":"Feature","properties":{"treeNo":"1687","plot":"Plot 2","coordinateSource":"Plot2.gpkg/Plot2","coordinateVersion":"plot2-original-approved-2026-08-12"},"geometry":{"type":"Point","coordinates":[77.0767538803,10.4803585417]}},{"type":"Feature","properties":{"treeNo":"1688","plot":"Plot 2","coordinateSource":"Plot2.gpkg/Plot2","coordinateVersion":"plot2-original-approved-2026-08-12"},"geometry":{"type":"Point","coordinates":[77.0768324918,10.4803580285]}},{"type":"Feature","properties":{"treeNo":"1689","plot":"Plot 2","coordinateSource":"Plot2.gpkg/Plot2","coordinateVersion":"plot2-original-approved-2026-08-12"},"geometry":{"type":"Point","coordinates":[77.0768992118,10.4803553538]}},{"type":"Feature","properties":{"treeNo":"1690","plot":"Plot 2","coordinateSource":"Plot2.gpkg/Plot2","coordinateVersion":"plot2-original-approved-2026-08-12"},"geometry":{"type":"Point","coordinates":[77.0769749694,10.4803509409]}},{"type":"Feature","properties":{"treeNo":"1691","plot":"Plot 2","coordinateSource":"Plot2.gpkg/Plot2","coordinateVersion":"plot2-original-approved-2026-08-12"},"geometry":{"type":"Point","coordinates":[77.0770535473,10.48034539]}},{"type":"Feature","properties":{"treeNo":"1692","plot":"Plot 2","coordinateSource":"Plot2.gpkg/Plot2","coordinateVersion":"plot2-original-approved-2026-08-12"},"geometry":{"type":"Point","coordinates":[77.0771287655,10.4803448988]}},{"type":"Feature","properties":{"treeNo":"1693","plot":"Plot 2","coordinateSource":"Plot2.gpkg/Plot2","coordinateVersion":"plot2-original-approved-2026-08-12"},"geometry":{"type":"Point","coordinates":[77.0772028227,10.4803399372]}},{"type":"Feature","properties":{"treeNo":"1694","plot":"Plot 2","coordinateSource":"Plot2.gpkg/Plot2","coordinateVersion":"plot2-original-approved-2026-08-12"},"geometry":{"type":"Point","coordinates":[77.0772757451,10.4803344231]}},{"type":"Feature","properties":{"treeNo":"1695","plot":"Plot 2","coordinateSource":"Plot2.gpkg/Plot2","coordinateVersion":"plot2-original-approved-2026-08-12"},"geometry":{"type":"Point","coordinates":[77.0773475737,10.4803345138]}},{"type":"Feature","properties":{"treeNo":"1696","plot":"Plot 2","coordinateSource":"Plot2.gpkg/Plot2","coordinateVersion":"plot2-original-approved-2026-08-12"},"geometry":{"type":"Point","coordinates":[77.0774233089,10.4803267424]}},{"type":"Feature","properties":{"treeNo":"1697","plot":"Plot 2","coordinateSource":"Plot2.gpkg/Plot2","coordinateVersion":"plot2-original-approved-2026-08-12"},"geometry":{"type":"Point","coordinates":[77.0774991187,10.4803301656]}},{"type":"Feature","properties":{"treeNo":"1698","plot":"Plot 2","coordinateSource":"Plot2.gpkg/Plot2","coordinateVersion":"plot2-original-approved-2026-08-12"},"geometry":{"type":"Point","coordinates":[77.0775743182,10.4803268757]}},{"type":"Feature","properties":{"treeNo":"1699","plot":"Plot 2","coordinateSource":"Plot2.gpkg/Plot2","coordinateVersion":"plot2-original-approved-2026-08-12"},"geometry":{"type":"Point","coordinates":[77.0776489335,10.4803207907]}},{"type":"Feature","properties":{"treeNo":"1700","plot":"Plot 2","coordinateSource":"Plot2.gpkg/Plot2","coordinateVersion":"plot2-original-approved-2026-08-12"},"geometry":{"type":"Point","coordinates":[77.0777168032,10.4803209072]}},{"type":"Feature","properties":{"treeNo":"1701","plot":"Plot 2","coordinateSource":"Plot2.gpkg/Plot2","coordinateVersion":"plot2-original-approved-2026-08-12"},"geometry":{"type":"Point","coordinates":[77.0777943321,10.4803276778]}},{"type":"Feature","properties":{"treeNo":"1702","plot":"Plot 2","coordinateSource":"Plot2.gpkg/Plot2","coordinateVersion":"plot2-original-approved-2026-08-12"},"geometry":{"type":"Point","coordinates":[77.0778697639,10.4803168295]}},{"type":"Feature","properties":{"treeNo":"1703","plot":"Plot 2","coordinateSource":"Plot2.gpkg/Plot2","coordinateVersion":"plot2-original-approved-2026-08-12"},"geometry":{"type":"Point","coordinates":[77.077942117,10.4803107592]}},{"type":"Feature","properties":{"treeNo":"1704","plot":"Plot 2","coordinateSource":"Plot2.gpkg/Plot2","coordinateVersion":"plot2-original-approved-2026-08-12"},"geometry":{"type":"Point","coordinates":[77.0780142227,10.4803100084]}},{"type":"Feature","properties":{"treeNo":"1705","plot":"Plot 2","coordinateSource":"Plot2.gpkg/Plot2","coordinateVersion":"plot2-original-approved-2026-08-12"},"geometry":{"type":"Point","coordinates":[77.0780934034,10.4803100509]}},{"type":"Feature","properties":{"treeNo":"1706","plot":"Plot 2","coordinateSource":"Plot2.gpkg/Plot2","coordinateVersion":"plot2-original-approved-2026-08-12"},"geometry":{"type":"Point","coordinates":[77.0782001392,10.4803288054]}},{"type":"Feature","properties":{"treeNo":"1707","plot":"Plot 2","coordinateSource":"Plot2.gpkg/Plot2","coordinateVersion":"plot2-original-approved-2026-08-12"},"geometry":{"type":"Point","coordinates":[77.0782458013,10.4803063964]}},{"type":"Feature","properties":{"treeNo":"1708","plot":"Plot 2","coordinateSource":"Plot2.gpkg/Plot2","coordinateVersion":"plot2-original-approved-2026-08-12"},"geometry":{"type":"Point","coordinates":[77.0782550246,10.4803749072]}},{"type":"Feature","properties":{"treeNo":"1709","plot":"Plot 2","coordinateSource":"Plot2.gpkg/Plot2","coordinateVersion":"plot2-original-approved-2026-08-12"},"geometry":{"type":"Point","coordinates":[77.0781973554,10.4803778029]}},{"type":"Feature","properties":{"treeNo":"1710","plot":"Plot 2","coordinateSource":"Plot2.gpkg/Plot2","coordinateVersion":"plot2-original-approved-2026-08-12"},"geometry":{"type":"Point","coordinates":[77.0781213001,10.480379979]}},{"type":"Feature","properties":{"treeNo":"1711","plot":"Plot 2","coordinateSource":"Plot2.gpkg/Plot2","coordinateVersion":"plot2-original-approved-2026-08-12"},"geometry":{"type":"Point","coordinates":[77.0780466568,10.480381866]}},{"type":"Feature","properties":{"treeNo":"1712","plot":"Plot 2","coordinateSource":"Plot2.gpkg/Plot2","coordinateVersion":"plot2-original-approved-2026-08-12"},"geometry":{"type":"Point","coordinates":[77.0779494364,10.4803906176]}},{"type":"Feature","properties":{"treeNo":"1713","plot":"Plot 2","coordinateSource":"Plot2.gpkg/Plot2","coordinateVersion":"plot2-original-approved-2026-08-12"},"geometry":{"type":"Point","coordinates":[77.0778813007,10.4803930219]}},{"type":"Feature","properties":{"treeNo":"1714","plot":"Plot 2","coordinateSource":"Plot2.gpkg/Plot2","coordinateVersion":"plot2-original-approved-2026-08-12"},"geometry":{"type":"Point","coordinates":[77.0778111501,10.4803901215]}},{"type":"Feature","properties":{"treeNo":"1715","plot":"Plot 2","coordinateSource":"Plot2.gpkg/Plot2","coordinateVersion":"plot2-original-approved-2026-08-12"},"geometry":{"type":"Point","coordinates":[77.0777314187,10.4803923216]}},{"type":"Feature","properties":{"treeNo":"1716","plot":"Plot 2","coordinateSource":"Plot2.gpkg/Plot2","coordinateVersion":"plot2-original-approved-2026-08-12"},"geometry":{"type":"Point","coordinates":[77.0776585337,10.4804034331]}},{"type":"Feature","properties":{"treeNo":"1717","plot":"Plot 2","coordinateSource":"Plot2.gpkg/Plot2","coordinateVersion":"plot2-original-approved-2026-08-12"},"geometry":{"type":"Point","coordinates":[77.0775810682,10.4804061781]}},{"type":"Feature","properties":{"treeNo":"1718","plot":"Plot 2","coordinateSource":"Plot2.gpkg/Plot2","coordinateVersion":"plot2-original-approved-2026-08-12"},"geometry":{"type":"Point","coordinates":[77.0775097716,10.4804010461]}},{"type":"Feature","properties":{"treeNo":"1719","plot":"Plot 2","coordinateSource":"Plot2.gpkg/Plot2","coordinateVersion":"plot2-original-approved-2026-08-12"},"geometry":{"type":"Point","coordinates":[77.0774339991,10.4804032202]}},{"type":"Feature","properties":{"treeNo":"1720","plot":"Plot 2","coordinateSource":"Plot2.gpkg/Plot2","coordinateVersion":"plot2-original-approved-2026-08-12"},"geometry":{"type":"Point","coordinates":[77.0773576759,10.480407637]}},{"type":"Feature","properties":{"treeNo":"1721","plot":"Plot 2","coordinateSource":"Plot2.gpkg/Plot2","coordinateVersion":"plot2-original-approved-2026-08-12"},"geometry":{"type":"Point","coordinates":[77.0772824764,10.4804109268]}},{"type":"Feature","properties":{"treeNo":"1722","plot":"Plot 2","coordinateSource":"Plot2.gpkg/Plot2","coordinateVersion":"plot2-original-approved-2026-08-12"},"geometry":{"type":"Point","coordinates":[77.0772112134,10.4804108324]}},{"type":"Feature","properties":{"treeNo":"1723","plot":"Plot 2","coordinateSource":"Plot2.gpkg/Plot2","coordinateVersion":"plot2-original-approved-2026-08-12"},"geometry":{"type":"Point","coordinates":[77.0771365794,10.4804141186]}},{"type":"Feature","properties":{"treeNo":"1724","plot":"Plot 2","coordinateSource":"Plot2.gpkg/Plot2","coordinateVersion":"plot2-original-approved-2026-08-12"},"geometry":{"type":"Point","coordinates":[77.0770625184,10.4804185205]}},{"type":"Feature","properties":{"treeNo":"1725","plot":"Plot 2","coordinateSource":"Plot2.gpkg/Plot2","coordinateVersion":"plot2-original-approved-2026-08-12"},"geometry":{"type":"Point","coordinates":[77.0769828094,10.4804240788]}},{"type":"Feature","properties":{"treeNo":"1726","plot":"Plot 2","coordinateSource":"Plot2.gpkg/Plot2","coordinateVersion":"plot2-original-approved-2026-08-12"},"geometry":{"type":"Point","coordinates":[77.0769166325,10.4804233913]}},{"type":"Feature","properties":{"treeNo":"1727","plot":"Plot 2","coordinateSource":"Plot2.gpkg/Plot2","coordinateVersion":"plot2-original-approved-2026-08-12"},"geometry":{"type":"Point","coordinates":[77.0768402944,10.480425569]}},{"type":"Feature","properties":{"treeNo":"1728","plot":"Plot 2","coordinateSource":"Plot2.gpkg/Plot2","coordinateVersion":"plot2-original-approved-2026-08-12"},"geometry":{"type":"Point","coordinates":[77.0767628252,10.4804277541]}},{"type":"Feature","properties":{"treeNo":"1729","plot":"Plot 2","coordinateSource":"Plot2.gpkg/Plot2","coordinateVersion":"plot2-original-approved-2026-08-12"},"geometry":{"type":"Point","coordinates":[77.076774037,10.4804976513]}},{"type":"Feature","properties":{"treeNo":"1730","plot":"Plot 2","coordinateSource":"Plot2.gpkg/Plot2","coordinateVersion":"plot2-original-approved-2026-08-12"},"geometry":{"type":"Point","coordinates":[77.0768424649,10.4804966448]}},{"type":"Feature","properties":{"treeNo":"1731","plot":"Plot 2","coordinateSource":"Plot2.gpkg/Plot2","coordinateVersion":"plot2-original-approved-2026-08-12"},"geometry":{"type":"Point","coordinates":[77.0769210577,10.4804933329]}},{"type":"Feature","properties":{"treeNo":"1732","plot":"Plot 2","coordinateSource":"Plot2.gpkg/Plot2","coordinateVersion":"plot2-original-approved-2026-08-12"},"geometry":{"type":"Point","coordinates":[77.0769974033,10.4804922747]}},{"type":"Feature","properties":{"treeNo":"1733","plot":"Plot 2","coordinateSource":"Plot2.gpkg/Plot2","coordinateVersion":"plot2-original-approved-2026-08-12"},"geometry":{"type":"Point","coordinates":[77.0770726178,10.4804912238]}},{"type":"Feature","properties":{"treeNo":"1734","plot":"Plot 2","coordinateSource":"Plot2.gpkg/Plot2","coordinateVersion":"plot2-original-approved-2026-08-12"},"geometry":{"type":"Point","coordinates":[77.077151765,10.4804862289]}},{"type":"Feature","properties":{"treeNo":"1735","plot":"Plot 2","coordinateSource":"Plot2.gpkg/Plot2","coordinateVersion":"plot2-original-approved-2026-08-12"},"geometry":{"type":"Point","coordinates":[77.0772213165,10.4804840955]}},{"type":"Feature","properties":{"treeNo":"1736","plot":"Plot 2","coordinateSource":"Plot2.gpkg/Plot2","coordinateVersion":"plot2-original-approved-2026-08-12"},"geometry":{"type":"Point","coordinates":[77.0772914037,10.4804774804]}},{"type":"Feature","properties":{"treeNo":"1737","plot":"Plot 2","coordinateSource":"Plot2.gpkg/Plot2","coordinateVersion":"plot2-original-approved-2026-08-12"},"geometry":{"type":"Point","coordinates":[77.077369753,10.4804800475]}},{"type":"Feature","properties":{"treeNo":"1738","plot":"Plot 2","coordinateSource":"Plot2.gpkg/Plot2","coordinateVersion":"plot2-original-approved-2026-08-12"},"geometry":{"type":"Point","coordinates":[77.0774435573,10.4804795655]}},{"type":"Feature","properties":{"treeNo":"1739","plot":"Plot 2","coordinateSource":"Plot2.gpkg/Plot2","coordinateVersion":"plot2-original-approved-2026-08-12"},"geometry":{"type":"Point","coordinates":[77.0775207269,10.4804748633]}},{"type":"Feature","properties":{"treeNo":"1740","plot":"Plot 2","coordinateSource":"Plot2.gpkg/Plot2","coordinateVersion":"plot2-original-approved-2026-08-12"},"geometry":{"type":"Point","coordinates":[77.0775973571,10.4804740829]}},{"type":"Feature","properties":{"treeNo":"1741","plot":"Plot 2","coordinateSource":"Plot2.gpkg/Plot2","coordinateVersion":"plot2-original-approved-2026-08-12"},"geometry":{"type":"Point","coordinates":[77.0776722589,10.4804685559]}},{"type":"Feature","properties":{"treeNo":"1742","plot":"Plot 2","coordinateSource":"Plot2.gpkg/Plot2","coordinateVersion":"plot2-original-approved-2026-08-12"},"geometry":{"type":"Point","coordinates":[77.0777471943,10.4804680665]}},{"type":"Feature","properties":{"treeNo":"1743","plot":"Plot 2","coordinateSource":"Plot2.gpkg/Plot2","coordinateVersion":"plot2-original-approved-2026-08-12"},"geometry":{"type":"Point","coordinates":[77.0778209743,10.4804639461]}},{"type":"Feature","properties":{"treeNo":"1744","plot":"Plot 2","coordinateSource":"Plot2.gpkg/Plot2","coordinateVersion":"plot2-original-approved-2026-08-12"},"geometry":{"type":"Point","coordinates":[77.0778882823,10.480464626]}},{"type":"Feature","properties":{"treeNo":"1745","plot":"Plot 2","coordinateSource":"Plot2.gpkg/Plot2","coordinateVersion":"plot2-original-approved-2026-08-12"},"geometry":{"type":"Point","coordinates":[77.0779612084,10.4804596715]}},{"type":"Feature","properties":{"treeNo":"1746","plot":"Plot 2","coordinateSource":"Plot2.gpkg/Plot2","coordinateVersion":"plot2-original-approved-2026-08-12"},"geometry":{"type":"Point","coordinates":[77.0780397694,10.4804516015]}},{"type":"Feature","properties":{"treeNo":"1747","plot":"Plot 2","coordinateSource":"Plot2.gpkg/Plot2","coordinateVersion":"plot2-original-approved-2026-08-12"},"geometry":{"type":"Point","coordinates":[77.078117274,10.4804547337]}},{"type":"Feature","properties":{"treeNo":"1748","plot":"Plot 2","coordinateSource":"Plot2.gpkg/Plot2","coordinateVersion":"plot2-original-approved-2026-08-12"},"geometry":{"type":"Point","coordinates":[77.0782077602,10.4804538627]}},{"type":"Feature","properties":{"treeNo":"1751","plot":"Plot 2","coordinateSource":"Plot2.gpkg/Plot2","coordinateVersion":"plot2-original-approved-2026-08-12"},"geometry":{"type":"Point","coordinates":[77.0781259682,10.4805287056]}},{"type":"Feature","properties":{"treeNo":"1752","plot":"Plot 2","coordinateSource":"Plot2.gpkg/Plot2","coordinateVersion":"plot2-original-approved-2026-08-12"},"geometry":{"type":"Point","coordinates":[77.0780468098,10.4805320215]}},{"type":"Feature","properties":{"treeNo":"1753","plot":"Plot 2","coordinateSource":"Plot2.gpkg/Plot2","coordinateVersion":"plot2-original-approved-2026-08-12"},"geometry":{"type":"Point","coordinates":[77.0779684774,10.4805319734]}},{"type":"Feature","properties":{"treeNo":"1754","plot":"Plot 2","coordinateSource":"Plot2.gpkg/Plot2","coordinateVersion":"plot2-original-approved-2026-08-12"},"geometry":{"type":"Point","coordinates":[77.0778986581,10.4805363478]}},{"type":"Feature","properties":{"treeNo":"1755","plot":"Plot 2","coordinateSource":"Plot2.gpkg/Plot2","coordinateVersion":"plot2-original-approved-2026-08-12"},"geometry":{"type":"Point","coordinates":[77.0778285429,10.480538765]}},{"type":"Feature","properties":{"treeNo":"1756","plot":"Plot 2","coordinateSource":"Plot2.gpkg/Plot2","coordinateVersion":"plot2-original-approved-2026-08-12"},"geometry":{"type":"Point","coordinates":[77.0777550214,10.4805392452]}},{"type":"Feature","properties":{"treeNo":"1757","plot":"Plot 2","coordinateSource":"Plot2.gpkg/Plot2","coordinateVersion":"plot2-original-approved-2026-08-12"},"geometry":{"type":"Point","coordinates":[77.0776835147,10.48054503]}},{"type":"Feature","properties":{"treeNo":"1758","plot":"Plot 2","coordinateSource":"Plot2.gpkg/Plot2","coordinateVersion":"plot2-original-approved-2026-08-12"},"geometry":{"type":"Point","coordinates":[77.0776085886,10.4805469188]}},{"type":"Feature","properties":{"treeNo":"1759","plot":"Plot 2","coordinateSource":"Plot2.gpkg/Plot2","coordinateVersion":"plot2-original-approved-2026-08-12"},"geometry":{"type":"Point","coordinates":[77.0775299902,10.4805493913]}},{"type":"Feature","properties":{"treeNo":"1760","plot":"Plot 2","coordinateSource":"Plot2.gpkg/Plot2","coordinateVersion":"plot2-original-approved-2026-08-12"},"geometry":{"type":"Point","coordinates":[77.0774533693,10.480551571]}},{"type":"Feature","properties":{"treeNo":"1761","plot":"Plot 2","coordinateSource":"Plot2.gpkg/Plot2","coordinateVersion":"plot2-original-approved-2026-08-12"},"geometry":{"type":"Point","coordinates":[77.0773767577,10.48055515]}},{"type":"Feature","properties":{"treeNo":"1762","plot":"Plot 2","coordinateSource":"Plot2.gpkg/Plot2","coordinateVersion":"plot2-original-approved-2026-08-12"},"geometry":{"type":"Point","coordinates":[77.0772998466,10.480556212]}},{"type":"Feature","properties":{"treeNo":"1763","plot":"Plot 2","coordinateSource":"Plot2.gpkg/Plot2","coordinateVersion":"plot2-original-approved-2026-08-12"},"geometry":{"type":"Point","coordinates":[77.0772314393,10.4805602971]}},{"type":"Feature","properties":{"treeNo":"1764","plot":"Plot 2","coordinateSource":"Plot2.gpkg/Plot2","coordinateVersion":"plot2-original-approved-2026-08-12"},"geometry":{"type":"Point","coordinates":[77.077155663,10.4805619115]}},{"type":"Feature","properties":{"treeNo":"1765","plot":"Plot 2","coordinateSource":"Plot2.gpkg/Plot2","coordinateVersion":"plot2-original-approved-2026-08-12"},"geometry":{"type":"Point","coordinates":[77.0770838511,10.4805643395]}},{"type":"Feature","properties":{"treeNo":"1766","plot":"Plot 2","coordinateSource":"Plot2.gpkg/Plot2","coordinateVersion":"plot2-original-approved-2026-08-12"},"geometry":{"type":"Point","coordinates":[77.0770108932,10.480564536]}},{"type":"Feature","properties":{"treeNo":"1767","plot":"Plot 2","coordinateSource":"Plot2.gpkg/Plot2","coordinateVersion":"plot2-original-approved-2026-08-12"},"geometry":{"type":"Point","coordinates":[77.0769328416,10.480564206]}},{"type":"Feature","properties":{"treeNo":"1768","plot":"Plot 2","coordinateSource":"Plot2.gpkg/Plot2","coordinateVersion":"plot2-original-approved-2026-08-12"},"geometry":{"type":"Point","coordinates":[77.0768590652,10.4805688859]}},{"type":"Feature","properties":{"treeNo":"1769","plot":"Plot 2","coordinateSource":"Plot2.gpkg/Plot2","coordinateVersion":"plot2-original-approved-2026-08-12"},"geometry":{"type":"Point","coordinates":[77.0767858936,10.4805794394]}},{"type":"Feature","properties":{"treeNo":"1770","plot":"Plot 2","coordinateSource":"Plot2.gpkg/Plot2","coordinateVersion":"plot2-original-approved-2026-08-12"},"geometry":{"type":"Point","coordinates":[77.0767953826,10.4806454295]}},{"type":"Feature","properties":{"treeNo":"1771","plot":"Plot 2","coordinateSource":"Plot2.gpkg/Plot2","coordinateVersion":"plot2-original-approved-2026-08-12"},"geometry":{"type":"Point","coordinates":[77.0768663499,10.4806435668]}},{"type":"Feature","properties":{"treeNo":"1772","plot":"Plot 2","coordinateSource":"Plot2.gpkg/Plot2","coordinateVersion":"plot2-original-approved-2026-08-12"},"geometry":{"type":"Point","coordinates":[77.0769446955,10.4806455742]}},{"type":"Feature","properties":{"treeNo":"1773","plot":"Plot 2","coordinateSource":"Plot2.gpkg/Plot2","coordinateVersion":"plot2-original-approved-2026-08-12"},"geometry":{"type":"Point","coordinates":[77.0770210224,10.4806417173]}},{"type":"Feature","properties":{"treeNo":"1774","plot":"Plot 2","coordinateSource":"Plot2.gpkg/Plot2","coordinateVersion":"plot2-original-approved-2026-08-12"},"geometry":{"type":"Point","coordinates":[77.0770902875,10.480639026]}},{"type":"Feature","properties":{"treeNo":"1775","plot":"Plot 2","coordinateSource":"Plot2.gpkg/Plot2","coordinateVersion":"plot2-original-approved-2026-08-12"},"geometry":{"type":"Point","coordinates":[77.0771685939,10.4806351561]}},{"type":"Feature","properties":{"treeNo":"1776","plot":"Plot 2","coordinateSource":"Plot2.gpkg/Plot2","coordinateVersion":"plot2-original-approved-2026-08-12"},"geometry":{"type":"Point","coordinates":[77.077244093,10.4806343832]}},{"type":"Feature","properties":{"treeNo":"1777","plot":"Plot 2","coordinateSource":"Plot2.gpkg/Plot2","coordinateVersion":"plot2-original-approved-2026-08-12"},"geometry":{"type":"Point","coordinates":[77.0773153598,10.4806350373]}},{"type":"Feature","properties":{"treeNo":"1778","plot":"Plot 2","coordinateSource":"Plot2.gpkg/Plot2","coordinateVersion":"plot2-original-approved-2026-08-12"},"geometry":{"type":"Point","coordinates":[77.0773925183,10.4806286559]}},{"type":"Feature","properties":{"treeNo":"1779","plot":"Plot 2","coordinateSource":"Plot2.gpkg/Plot2","coordinateVersion":"plot2-original-approved-2026-08-12"},"geometry":{"type":"Point","coordinates":[77.0774637404,10.4806225932]}},{"type":"Feature","properties":{"treeNo":"1780","plot":"Plot 2","coordinateSource":"Plot2.gpkg/Plot2","coordinateVersion":"plot2-original-approved-2026-08-12"},"geometry":{"type":"Point","coordinates":[77.0775400673,10.4806187361]}},{"type":"Feature","properties":{"treeNo":"1781","plot":"Plot 2","coordinateSource":"Plot2.gpkg/Plot2","coordinateVersion":"plot2-original-approved-2026-08-12"},"geometry":{"type":"Point","coordinates":[77.0776113379,10.48061995]}},{"type":"Feature","properties":{"treeNo":"1782","plot":"Plot 2","coordinateSource":"Plot2.gpkg/Plot2","coordinateVersion":"plot2-original-approved-2026-08-12"},"geometry":{"type":"Point","coordinates":[77.0776905037,10.4806177536]}},{"type":"Feature","properties":{"treeNo":"1783","plot":"Plot 2","coordinateSource":"Plot2.gpkg/Plot2","coordinateVersion":"plot2-original-approved-2026-08-12"},"geometry":{"type":"Point","coordinates":[77.0777628867,10.4806161613]}},{"type":"Feature","properties":{"treeNo":"1784","plot":"Plot 2","coordinateSource":"Plot2.gpkg/Plot2","coordinateVersion":"plot2-original-approved-2026-08-12"},"geometry":{"type":"Point","coordinates":[77.0778448878,10.4806150659]}},{"type":"Feature","properties":{"treeNo":"1785","plot":"Plot 2","coordinateSource":"Plot2.gpkg/Plot2","coordinateVersion":"plot2-original-approved-2026-08-12"},"geometry":{"type":"Point","coordinates":[77.0779132858,10.4806095813]}},{"type":"Feature","properties":{"treeNo":"1786","plot":"Plot 2","coordinateSource":"Plot2.gpkg/Plot2","coordinateVersion":"plot2-original-approved-2026-08-12"},"geometry":{"type":"Point","coordinates":[77.0779862343,10.4806079852]}},{"type":"Feature","properties":{"treeNo":"1787","plot":"Plot 2","coordinateSource":"Plot2.gpkg/Plot2","coordinateVersion":"plot2-original-approved-2026-08-12"},"geometry":{"type":"Point","coordinates":[77.078064857,10.4806091509]}},{"type":"Feature","properties":{"treeNo":"1788","plot":"Plot 2","coordinateSource":"Plot2.gpkg/Plot2","coordinateVersion":"plot2-original-approved-2026-08-12"},"geometry":{"type":"Point","coordinates":[77.078136667,10.4806064428]}},{"type":"Feature","properties":{"treeNo":"1789","plot":"Plot 2","coordinateSource":"Plot2.gpkg/Plot2","coordinateVersion":"plot2-original-approved-2026-08-12"},"geometry":{"type":"Point","coordinates":[77.0782248741,10.4806030677]}},{"type":"Feature","properties":{"treeNo":"1790","plot":"Plot 2","coordinateSource":"Plot2.gpkg/Plot2","coordinateVersion":"plot2-original-approved-2026-08-12"},"geometry":{"type":"Point","coordinates":[77.0782349365,10.4806701736]}},{"type":"Feature","properties":{"treeNo":"1791","plot":"Plot 2","coordinateSource":"Plot2.gpkg/Plot2","coordinateVersion":"plot2-original-approved-2026-08-12"},"geometry":{"type":"Point","coordinates":[77.0781450214,10.4806718805]}},{"type":"Feature","properties":{"treeNo":"1792","plot":"Plot 2","coordinateSource":"Plot2.gpkg/Plot2","coordinateVersion":"plot2-original-approved-2026-08-12"},"geometry":{"type":"Point","coordinates":[77.0780743575,10.4806768202]}},{"type":"Feature","properties":{"treeNo":"1793","plot":"Plot 2","coordinateSource":"Plot2.gpkg/Plot2","coordinateVersion":"plot2-original-approved-2026-08-12"},"geometry":{"type":"Point","coordinates":[77.0779974464,10.4806778824]}},{"type":"Feature","properties":{"treeNo":"1794","plot":"Plot 2","coordinateSource":"Plot2.gpkg/Plot2","coordinateVersion":"plot2-original-approved-2026-08-12"},"geometry":{"type":"Point","coordinates":[77.0779239472,10.4806817211]}},{"type":"Feature","properties":{"treeNo":"1795","plot":"Plot 2","coordinateSource":"Plot2.gpkg/Plot2","coordinateVersion":"plot2-original-approved-2026-08-12"},"geometry":{"type":"Point","coordinates":[77.0778504406,10.4806844403]}},{"type":"Feature","properties":{"treeNo":"1796","plot":"Plot 2","coordinateSource":"Plot2.gpkg/Plot2","coordinateVersion":"plot2-original-approved-2026-08-12"},"geometry":{"type":"Point","coordinates":[77.0777735556,10.4806894206]}},{"type":"Feature","properties":{"treeNo":"1797","plot":"Plot 2","coordinateSource":"Plot2.gpkg/Plot2","coordinateVersion":"plot2-original-approved-2026-08-12"},"geometry":{"type":"Point","coordinates":[77.0776966556,10.480692162]}},{"type":"Feature","properties":{"treeNo":"1798","plot":"Plot 2","coordinateSource":"Plot2.gpkg/Plot2","coordinateVersion":"plot2-original-approved-2026-08-12"},"geometry":{"type":"Point","coordinates":[77.0776254,10.4806931871]}},{"type":"Feature","properties":{"treeNo":"1799","plot":"Plot 2","coordinateSource":"Plot2.gpkg/Plot2","coordinateVersion":"plot2-original-approved-2026-08-12"},"geometry":{"type":"Point","coordinates":[77.0775490656,10.4806959247]}},{"type":"Feature","properties":{"treeNo":"1800","plot":"Plot 2","coordinateSource":"Plot2.gpkg/Plot2","coordinateVersion":"plot2-original-approved-2026-08-12"},"geometry":{"type":"Point","coordinates":[77.0774761095,10.4806964012]}},{"type":"Feature","properties":{"treeNo":"1801","plot":"Plot 2","coordinateSource":"Plot2.gpkg/Plot2","coordinateVersion":"plot2-original-approved-2026-08-12"},"geometry":{"type":"Point","coordinates":[77.0773986254,10.4806963474]}},{"type":"Feature","properties":{"treeNo":"1802","plot":"Plot 2","coordinateSource":"Plot2.gpkg/Plot2","coordinateVersion":"plot2-original-approved-2026-08-12"},"geometry":{"type":"Point","coordinates":[77.0773257066,10.4807024213]}},{"type":"Feature","properties":{"treeNo":"1803","plot":"Plot 2","coordinateSource":"Plot2.gpkg/Plot2","coordinateVersion":"plot2-original-approved-2026-08-12"},"geometry":{"type":"Point","coordinates":[77.0772572825,10.4807039876]}},{"type":"Feature","properties":{"treeNo":"1804","plot":"Plot 2","coordinateSource":"Plot2.gpkg/Plot2","coordinateVersion":"plot2-original-approved-2026-08-12"},"geometry":{"type":"Point","coordinates":[77.0771786784,10.4807056204]}},{"type":"Feature","properties":{"treeNo":"1805","plot":"Plot 2","coordinateSource":"Plot2.gpkg/Plot2","coordinateVersion":"plot2-original-approved-2026-08-12"},"geometry":{"type":"Point","coordinates":[77.0771017784,10.4807083616]}},{"type":"Feature","properties":{"treeNo":"1806","plot":"Plot 2","coordinateSource":"Plot2.gpkg/Plot2","coordinateVersion":"plot2-original-approved-2026-08-12"},"geometry":{"type":"Point","coordinates":[77.0770271406,10.480711088]}},{"type":"Feature","properties":{"treeNo":"1807","plot":"Plot 2","coordinateSource":"Plot2.gpkg/Plot2","coordinateVersion":"plot2-original-approved-2026-08-12"},"geometry":{"type":"Point","coordinates":[77.0769508285,10.4807171839]}},{"type":"Feature","properties":{"treeNo":"1808","plot":"Plot 2","coordinateSource":"Plot2.gpkg/Plot2","coordinateVersion":"plot2-original-approved-2026-08-12"},"geometry":{"type":"Point","coordinates":[77.0768846777,10.4807204146]}},{"type":"Feature","properties":{"treeNo":"1809","plot":"Plot 2","coordinateSource":"Plot2.gpkg/Plot2","coordinateVersion":"plot2-original-approved-2026-08-12"},"geometry":{"type":"Point","coordinates":[77.0768015417,10.4807209574]}},{"type":"Feature","properties":{"treeNo":"1810","plot":"Plot 2","coordinateSource":"Plot2.gpkg/Plot2","coordinateVersion":"plot2-original-approved-2026-08-12"},"geometry":{"type":"Point","coordinates":[77.0768138996,10.4807930862]}},{"type":"Feature","properties":{"treeNo":"1811","plot":"Plot 2","coordinateSource":"Plot2.gpkg/Plot2","coordinateVersion":"plot2-original-approved-2026-08-12"},"geometry":{"type":"Point","coordinates":[77.0768941705,10.4807869645]}},{"type":"Feature","properties":{"treeNo":"1812","plot":"Plot 2","coordinateSource":"Plot2.gpkg/Plot2","coordinateVersion":"plot2-original-approved-2026-08-12"},"geometry":{"type":"Point","coordinates":[77.0769620404,10.4807870812]}},{"type":"Feature","properties":{"treeNo":"1813","plot":"Plot 2","coordinateSource":"Plot2.gpkg/Plot2","coordinateVersion":"plot2-original-approved-2026-08-12"},"geometry":{"type":"Point","coordinates":[77.0770378093,10.4807843474]}},{"type":"Feature","properties":{"treeNo":"1814","plot":"Plot 2","coordinateSource":"Plot2.gpkg/Plot2","coordinateVersion":"plot2-original-approved-2026-08-12"},"geometry":{"type":"Point","coordinates":[77.0771141475,10.4807821696]}},{"type":"Feature","properties":{"treeNo":"1815","plot":"Plot 2","coordinateSource":"Plot2.gpkg/Plot2","coordinateVersion":"plot2-original-approved-2026-08-12"},"geometry":{"type":"Point","coordinates":[77.07719104,10.480778309]}},{"type":"Feature","properties":{"treeNo":"1816","plot":"Plot 2","coordinateSource":"Plot2.gpkg/Plot2","coordinateVersion":"plot2-original-approved-2026-08-12"},"geometry":{"type":"Point","coordinates":[77.0772588949,10.4807761866]}},{"type":"Feature","properties":{"treeNo":"1817","plot":"Plot 2","coordinateSource":"Plot2.gpkg/Plot2","coordinateVersion":"plot2-original-approved-2026-08-12"},"geometry":{"type":"Point","coordinates":[77.0773369297,10.4807739977]}},{"type":"Feature","properties":{"treeNo":"1818","plot":"Plot 2","coordinateSource":"Plot2.gpkg/Plot2","coordinateVersion":"plot2-original-approved-2026-08-12"},"geometry":{"type":"Point","coordinates":[77.0774121443,10.4807729468]}},{"type":"Feature","properties":{"treeNo":"1819","plot":"Plot 2","coordinateSource":"Plot2.gpkg/Plot2","coordinateVersion":"plot2-original-approved-2026-08-12"},"geometry":{"type":"Point","coordinates":[77.0774828195,10.4807696864]}},{"type":"Feature","properties":{"treeNo":"1820","plot":"Plot 2","coordinateSource":"Plot2.gpkg/Plot2","coordinateVersion":"plot2-original-approved-2026-08-12"},"geometry":{"type":"Point","coordinates":[77.0775625733,10.4807708448]}},{"type":"Feature","properties":{"treeNo":"1821","plot":"Plot 2","coordinateSource":"Plot2.gpkg/Plot2","coordinateVersion":"plot2-original-approved-2026-08-12"},"geometry":{"type":"Point","coordinates":[77.0776394584,10.4807658645]}},{"type":"Feature","properties":{"treeNo":"1822","plot":"Plot 2","coordinateSource":"Plot2.gpkg/Plot2","coordinateVersion":"plot2-original-approved-2026-08-12"},"geometry":{"type":"Point","coordinates":[77.0777118377,10.4807637125]}},{"type":"Feature","properties":{"treeNo":"1823","plot":"Plot 2","coordinateSource":"Plot2.gpkg/Plot2","coordinateVersion":"plot2-original-approved-2026-08-12"},"geometry":{"type":"Point","coordinates":[77.0777830784,10.4807604484]}},{"type":"Feature","properties":{"treeNo":"1824","plot":"Plot 2","coordinateSource":"Plot2.gpkg/Plot2","coordinateVersion":"plot2-original-approved-2026-08-12"},"geometry":{"type":"Point","coordinates":[77.0778577087,10.4807566023]}},{"type":"Feature","properties":{"treeNo":"1825","plot":"Plot 2","coordinateSource":"Plot2.gpkg/Plot2","coordinateVersion":"plot2-original-approved-2026-08-12"},"geometry":{"type":"Point","coordinates":[77.0779317883,10.4807549989]}},{"type":"Feature","properties":{"treeNo":"1826","plot":"Plot 2","coordinateSource":"Plot2.gpkg/Plot2","coordinateVersion":"plot2-original-approved-2026-08-12"},"geometry":{"type":"Point","coordinates":[77.0780120667,10.4807499964]}},{"type":"Feature","properties":{"treeNo":"1827","plot":"Plot 2","coordinateSource":"Plot2.gpkg/Plot2","coordinateVersion":"plot2-original-approved-2026-08-12"},"geometry":{"type":"Point","coordinates":[77.0780861557,10.4807497923]}},{"type":"Feature","properties":{"treeNo":"1828","plot":"Plot 2","coordinateSource":"Plot2.gpkg/Plot2","coordinateVersion":"plot2-original-approved-2026-08-12"},"geometry":{"type":"Point","coordinates":[77.0781420882,10.4807832925]}},{"type":"Feature","properties":{"treeNo":"1829","plot":"Plot 2","coordinateSource":"Plot2.gpkg/Plot2","coordinateVersion":"plot2-original-approved-2026-08-12"},"geometry":{"type":"Point","coordinates":[77.0782374498,10.4807502033]}},{"type":"Feature","properties":{"treeNo":"1830","plot":"Plot 2","coordinateSource":"Plot2.gpkg/Plot2","coordinateVersion":"plot2-original-approved-2026-08-12"},"geometry":{"type":"Point","coordinates":[77.0782463922,10.4808189957]}},{"type":"Feature","properties":{"treeNo":"1831","plot":"Plot 2","coordinateSource":"Plot2.gpkg/Plot2","coordinateVersion":"plot2-original-approved-2026-08-12"},"geometry":{"type":"Point","coordinates":[77.0780945605,10.4808227865]}},{"type":"Feature","properties":{"treeNo":"1832","plot":"Plot 2","coordinateSource":"Plot2.gpkg/Plot2","coordinateVersion":"plot2-original-approved-2026-08-12"},"geometry":{"type":"Point","coordinates":[77.0780176699,10.4808269272]}},{"type":"Feature","properties":{"treeNo":"1833","plot":"Plot 2","coordinateSource":"Plot2.gpkg/Plot2","coordinateVersion":"plot2-original-approved-2026-08-12"},"geometry":{"type":"Point","coordinates":[77.0779438749,10.4808288087]}},{"type":"Feature","properties":{"treeNo":"1834","plot":"Plot 2","coordinateSource":"Plot2.gpkg/Plot2","coordinateVersion":"plot2-original-approved-2026-08-12"},"geometry":{"type":"Point","coordinates":[77.0778720555,10.4808301175]}},{"type":"Feature","properties":{"treeNo":"1835","plot":"Plot 2","coordinateSource":"Plot2.gpkg/Plot2","coordinateVersion":"plot2-original-approved-2026-08-12"},"geometry":{"type":"Point","coordinates":[77.0777928859,10.4808317541]}},{"type":"Feature","properties":{"treeNo":"1836","plot":"Plot 2","coordinateSource":"Plot2.gpkg/Plot2","coordinateVersion":"plot2-original-approved-2026-08-12"},"geometry":{"type":"Point","coordinates":[77.0777193773,10.4808341934]}},{"type":"Feature","properties":{"treeNo":"1837","plot":"Plot 2","coordinateSource":"Plot2.gpkg/Plot2","coordinateVersion":"plot2-original-approved-2026-08-12"},"geometry":{"type":"Point","coordinates":[77.0776461646,10.48083859]}},{"type":"Feature","properties":{"treeNo":"1838","plot":"Plot 2","coordinateSource":"Plot2.gpkg/Plot2","coordinateVersion":"plot2-original-approved-2026-08-12"},"geometry":{"type":"Point","coordinates":[77.0775732085,10.4808390665]}},{"type":"Feature","properties":{"treeNo":"1839","plot":"Plot 2","coordinateSource":"Plot2.gpkg/Plot2","coordinateVersion":"plot2-original-approved-2026-08-12"},"geometry":{"type":"Point","coordinates":[77.077492904,10.4808401507]}},{"type":"Feature","properties":{"treeNo":"1840","plot":"Plot 2","coordinateSource":"Plot2.gpkg/Plot2","coordinateVersion":"plot2-original-approved-2026-08-12"},"geometry":{"type":"Point","coordinates":[77.0774233674,10.4808445232]}},{"type":"Feature","properties":{"treeNo":"1841","plot":"Plot 2","coordinateSource":"Plot2.gpkg/Plot2","coordinateVersion":"plot2-original-approved-2026-08-12"},"geometry":{"type":"Point","coordinates":[77.077346445,10.480843906]}},{"type":"Feature","properties":{"treeNo":"1842","plot":"Plot 2","coordinateSource":"Plot2.gpkg/Plot2","coordinateVersion":"plot2-original-approved-2026-08-12"},"geometry":{"type":"Point","coordinates":[77.0772746499,10.480848853]}},{"type":"Feature","properties":{"treeNo":"1843","plot":"Plot 2","coordinateSource":"Plot2.gpkg/Plot2","coordinateVersion":"plot2-original-approved-2026-08-12"},"geometry":{"type":"Point","coordinates":[77.077202278,10.4808521244]}},{"type":"Feature","properties":{"treeNo":"1844","plot":"Plot 2","coordinateSource":"Plot2.gpkg/Plot2","coordinateVersion":"plot2-original-approved-2026-08-12"},"geometry":{"type":"Point","coordinates":[77.0771225614,10.4808565633]}},{"type":"Feature","properties":{"treeNo":"1845","plot":"Plot 2","coordinateSource":"Plot2.gpkg/Plot2","coordinateVersion":"plot2-original-approved-2026-08-12"},"geometry":{"type":"Point","coordinates":[77.0770524406,10.4808581406]}},{"type":"Feature","properties":{"treeNo":"1846","plot":"Plot 2","coordinateSource":"Plot2.gpkg/Plot2","coordinateVersion":"plot2-original-approved-2026-08-12"},"geometry":{"type":"Point","coordinates":[77.0769749675,10.480859766]}},{"type":"Feature","properties":{"treeNo":"1847","plot":"Plot 2","coordinateSource":"Plot2.gpkg/Plot2","coordinateVersion":"plot2-original-approved-2026-08-12"},"geometry":{"type":"Point","coordinates":[77.0769042811,10.4808613471]}},{"type":"Feature","properties":{"treeNo":"1848","plot":"Plot 2","coordinateSource":"Plot2.gpkg/Plot2","coordinateVersion":"plot2-original-approved-2026-08-12"},"geometry":{"type":"Point","coordinates":[77.0768290441,10.4808590395]}},{"type":"Feature","properties":{"treeNo":"1849","plot":"Plot 2","coordinateSource":"Plot2.gpkg/Plot2","coordinateVersion":"plot2-original-approved-2026-08-12"},"geometry":{"type":"Point","coordinates":[77.0768323979,10.4809379443]}},{"type":"Feature","properties":{"treeNo":"1850","plot":"Plot 2","coordinateSource":"Plot2.gpkg/Plot2","coordinateVersion":"plot2-original-approved-2026-08-12"},"geometry":{"type":"Point","coordinates":[77.0769064739,10.4809357813]}},{"type":"Feature","properties":{"treeNo":"1851","plot":"Plot 2","coordinateSource":"Plot2.gpkg/Plot2","coordinateVersion":"plot2-original-approved-2026-08-12"},"geometry":{"type":"Point","coordinates":[77.0769850706,10.4809330291]}},{"type":"Feature","properties":{"treeNo":"1852","plot":"Plot 2","coordinateSource":"Plot2.gpkg/Plot2","coordinateVersion":"plot2-original-approved-2026-08-12"},"geometry":{"type":"Point","coordinates":[77.077064259,10.4809341913]}},{"type":"Feature","properties":{"treeNo":"1853","plot":"Plot 2","coordinateSource":"Plot2.gpkg/Plot2","coordinateVersion":"plot2-original-approved-2026-08-12"},"geometry":{"type":"Point","coordinates":[77.0771354886,10.4809292481]}},{"type":"Feature","properties":{"treeNo":"1854","plot":"Plot 2","coordinateSource":"Plot2.gpkg/Plot2","coordinateVersion":"plot2-original-approved-2026-08-12"},"geometry":{"type":"Point","coordinates":[77.0772129579,10.4809270629]}},{"type":"Feature","properties":{"treeNo":"1855","plot":"Plot 2","coordinateSource":"Plot2.gpkg/Plot2","coordinateVersion":"plot2-original-approved-2026-08-12"},"geometry":{"type":"Point","coordinates":[77.0772836257,10.4809226831]}},{"type":"Feature","properties":{"treeNo":"1856","plot":"Plot 2","coordinateSource":"Plot2.gpkg/Plot2","coordinateVersion":"plot2-original-approved-2026-08-12"},"geometry":{"type":"Point","coordinates":[77.0773514583,10.4809172023]}},{"type":"Feature","properties":{"treeNo":"1857","plot":"Plot 2","coordinateSource":"Plot2.gpkg/Plot2","coordinateVersion":"plot2-original-approved-2026-08-12"},"geometry":{"type":"Point","coordinates":[77.0774323283,10.4809161144]}},{"type":"Feature","properties":{"treeNo":"1858","plot":"Plot 2","coordinateSource":"Plot2.gpkg/Plot2","coordinateVersion":"plot2-original-approved-2026-08-12"},"geometry":{"type":"Point","coordinates":[77.0775114868,10.4809127986]}},{"type":"Feature","properties":{"treeNo":"1859","plot":"Plot 2","coordinateSource":"Plot2.gpkg/Plot2","coordinateVersion":"plot2-original-approved-2026-08-12"},"geometry":{"type":"Point","coordinates":[77.0775810459,10.4809117845]}},{"type":"Feature","properties":{"treeNo":"1860","plot":"Plot 2","coordinateSource":"Plot2.gpkg/Plot2","coordinateVersion":"plot2-original-approved-2026-08-12"},"geometry":{"type":"Point","coordinates":[77.07765965,10.4809101516]}},{"type":"Feature","properties":{"treeNo":"1861","plot":"Plot 2","coordinateSource":"Plot2.gpkg/Plot2","coordinateVersion":"plot2-original-approved-2026-08-12"},"geometry":{"type":"Point","coordinates":[77.0777331492,10.480906313]}},{"type":"Feature","properties":{"treeNo":"1862","plot":"Plot 2","coordinateSource":"Plot2.gpkg/Plot2","coordinateVersion":"plot2-original-approved-2026-08-12"},"geometry":{"type":"Point","coordinates":[77.0778078057,10.4809063851]}},{"type":"Feature","properties":{"treeNo":"1863","plot":"Plot 2","coordinateSource":"Plot2.gpkg/Plot2","coordinateVersion":"plot2-original-approved-2026-08-12"},"geometry":{"type":"Point","coordinates":[77.0778790539,10.4809042404]}},{"type":"Feature","properties":{"treeNo":"1864","plot":"Plot 2","coordinateSource":"Plot2.gpkg/Plot2","coordinateVersion":"plot2-original-approved-2026-08-12"},"geometry":{"type":"Point","coordinates":[77.0779514071,10.4808981701]}},{"type":"Feature","properties":{"treeNo":"1865","plot":"Plot 2","coordinateSource":"Plot2.gpkg/Plot2","coordinateVersion":"plot2-original-approved-2026-08-12"},"geometry":{"type":"Point","coordinates":[77.0780300075,10.4808959774]}},{"type":"Feature","properties":{"treeNo":"1866","plot":"Plot 2","coordinateSource":"Plot2.gpkg/Plot2","coordinateVersion":"plot2-original-approved-2026-08-12"},"geometry":{"type":"Point","coordinates":[77.0781069336,10.4808971541]}},{"type":"Feature","properties":{"treeNo":"1867","plot":"Plot 2","coordinateSource":"Plot2.gpkg/Plot2","coordinateVersion":"plot2-original-approved-2026-08-12"},"geometry":{"type":"Point","coordinates":[77.0781508151,10.4808621621]}},{"type":"Feature","properties":{"treeNo":"1868","plot":"Plot 2","coordinateSource":"Plot2.gpkg/Plot2","coordinateVersion":"plot2-original-approved-2026-08-12"},"geometry":{"type":"Point","coordinates":[77.0782511117,10.4808906146]}},{"type":"Feature","properties":{"treeNo":"1869","plot":"Plot 2","coordinateSource":"Plot2.gpkg/Plot2","coordinateVersion":"plot2-original-approved-2026-08-12"},"geometry":{"type":"Point","coordinates":[77.0782420013,10.4809662421]}},{"type":"Feature","properties":{"treeNo":"1870","plot":"Plot 2","coordinateSource":"Plot2.gpkg/Plot2","coordinateVersion":"plot2-original-approved-2026-08-12"},"geometry":{"type":"Point","coordinates":[77.0781124902,10.4809670882]}},{"type":"Feature","properties":{"treeNo":"1871","plot":"Plot 2","coordinateSource":"Plot2.gpkg/Plot2","coordinateVersion":"plot2-original-approved-2026-08-12"},"geometry":{"type":"Point","coordinates":[77.0780429311,10.4809681024]}},{"type":"Feature","properties":{"treeNo":"1872","plot":"Plot 2","coordinateSource":"Plot2.gpkg/Plot2","coordinateVersion":"plot2-original-approved-2026-08-12"},"geometry":{"type":"Point","coordinates":[77.0779660535,10.4809742023]}},{"type":"Feature","properties":{"treeNo":"1873","plot":"Plot 2","coordinateSource":"Plot2.gpkg/Plot2","coordinateVersion":"plot2-original-approved-2026-08-12"},"geometry":{"type":"Point","coordinates":[77.0778908614,10.4809786118]}},{"type":"Feature","properties":{"treeNo":"1874","plot":"Plot 2","coordinateSource":"Plot2.gpkg/Plot2","coordinateVersion":"plot2-original-approved-2026-08-12"},"geometry":{"type":"Point","coordinates":[77.0778156505,10.4809802226]}},{"type":"Feature","properties":{"treeNo":"1875","plot":"Plot 2","coordinateSource":"Plot2.gpkg/Plot2","coordinateVersion":"plot2-original-approved-2026-08-12"},"geometry":{"type":"Point","coordinates":[77.0777443911,10.4809806881]}},{"type":"Feature","properties":{"treeNo":"1876","plot":"Plot 2","coordinateSource":"Plot2.gpkg/Plot2","coordinateVersion":"plot2-original-approved-2026-08-12"},"geometry":{"type":"Point","coordinates":[77.0776652364,10.4809845637]}},{"type":"Feature","properties":{"treeNo":"1877","plot":"Plot 2","coordinateSource":"Plot2.gpkg/Plot2","coordinateVersion":"plot2-original-approved-2026-08-12"},"geometry":{"type":"Point","coordinates":[77.0775934188,10.4809861523]}},{"type":"Feature","properties":{"treeNo":"1878","plot":"Plot 2","coordinateSource":"Plot2.gpkg/Plot2","coordinateVersion":"plot2-original-approved-2026-08-12"},"geometry":{"type":"Point","coordinates":[77.0775159495,10.4809883375]}},{"type":"Feature","properties":{"treeNo":"1879","plot":"Plot 2","coordinateSource":"Plot2.gpkg/Plot2","coordinateVersion":"plot2-original-approved-2026-08-12"},"geometry":{"type":"Point","coordinates":[77.077441881,10.4809916201]}},{"type":"Feature","properties":{"treeNo":"1880","plot":"Plot 2","coordinateSource":"Plot2.gpkg/Plot2","coordinateVersion":"plot2-original-approved-2026-08-12"},"geometry":{"type":"Point","coordinates":[77.0773689286,10.4809926563]}},{"type":"Feature","properties":{"treeNo":"1881","plot":"Plot 2","coordinateSource":"Plot2.gpkg/Plot2","coordinateVersion":"plot2-original-approved-2026-08-12"},"geometry":{"type":"Point","coordinates":[77.0772948638,10.4809964985]}},{"type":"Feature","properties":{"treeNo":"1882","plot":"Plot 2","coordinateSource":"Plot2.gpkg/Plot2","coordinateVersion":"plot2-original-approved-2026-08-12"},"geometry":{"type":"Point","coordinates":[77.0772219076,10.4809969749]}},{"type":"Feature","properties":{"treeNo":"1883","plot":"Plot 2","coordinateSource":"Plot2.gpkg/Plot2","coordinateVersion":"plot2-original-approved-2026-08-12"},"geometry":{"type":"Point","coordinates":[77.0771421798,10.4809997346]}},{"type":"Feature","properties":{"treeNo":"1884","plot":"Plot 2","coordinateSource":"Plot2.gpkg/Plot2","coordinateVersion":"plot2-original-approved-2026-08-12"},"geometry":{"type":"Point","coordinates":[77.0770732199,10.4810057826]}},{"type":"Feature","properties":{"treeNo":"1885","plot":"Plot 2","coordinateSource":"Plot2.gpkg/Plot2","coordinateVersion":"plot2-original-approved-2026-08-12"},"geometry":{"type":"Point","coordinates":[77.0769996945,10.4810057029]}},{"type":"Feature","properties":{"treeNo":"1886","plot":"Plot 2","coordinateSource":"Plot2.gpkg/Plot2","coordinateVersion":"plot2-original-approved-2026-08-12"},"geometry":{"type":"Point","coordinates":[77.0769177268,10.4810118357]}},{"type":"Feature","properties":{"treeNo":"1887","plot":"Plot 2","coordinateSource":"Plot2.gpkg/Plot2","coordinateVersion":"plot2-original-approved-2026-08-12"},"geometry":{"type":"Point","coordinates":[77.0768430628,10.4810106439]}},{"type":"Feature","properties":{"treeNo":"1888","plot":"Plot 2","coordinateSource":"Plot2.gpkg/Plot2","coordinateVersion":"plot2-original-approved-2026-08-12"},"geometry":{"type":"Point","coordinates":[77.0768577239,10.4810889151]}},{"type":"Feature","properties":{"treeNo":"1889","plot":"Plot 2","coordinateSource":"Plot2.gpkg/Plot2","coordinateVersion":"plot2-original-approved-2026-08-12"},"geometry":{"type":"Point","coordinates":[77.0769357551,10.4810861666]}},{"type":"Feature","properties":{"treeNo":"1890","plot":"Plot 2","coordinateSource":"Plot2.gpkg/Plot2","coordinateVersion":"plot2-original-approved-2026-08-12"},"geometry":{"type":"Point","coordinates":[77.0770092507,10.4810817683]}},{"type":"Feature","properties":{"treeNo":"1891","plot":"Plot 2","coordinateSource":"Plot2.gpkg/Plot2","coordinateVersion":"plot2-original-approved-2026-08-12"},"geometry":{"type":"Point","coordinates":[77.0770816152,10.4810773775]}},{"type":"Feature","properties":{"treeNo":"1892","plot":"Plot 2","coordinateSource":"Plot2.gpkg/Plot2","coordinateVersion":"plot2-original-approved-2026-08-12"},"geometry":{"type":"Point","coordinates":[77.0771596613,10.4810768678]}},{"type":"Feature","properties":{"treeNo":"1893","plot":"Plot 2","coordinateSource":"Plot2.gpkg/Plot2","coordinateVersion":"plot2-original-approved-2026-08-12"},"geometry":{"type":"Point","coordinates":[77.0772297785,10.4810747307]}},{"type":"Feature","properties":{"treeNo":"1894","plot":"Plot 2","coordinateSource":"Plot2.gpkg/Plot2","coordinateVersion":"plot2-original-approved-2026-08-12"},"geometry":{"type":"Point","coordinates":[77.0773078022,10.4810708626]}},{"type":"Feature","properties":{"treeNo":"1895","plot":"Plot 2","coordinateSource":"Plot2.gpkg/Plot2","coordinateVersion":"plot2-original-approved-2026-08-12"},"geometry":{"type":"Point","coordinates":[77.0773728145,10.4810665197]}},{"type":"Feature","properties":{"treeNo":"1896","plot":"Plot 2","coordinateSource":"Plot2.gpkg/Plot2","coordinateVersion":"plot2-original-approved-2026-08-12"},"geometry":{"type":"Point","coordinates":[77.0774553663,10.4810631817]}},{"type":"Feature","properties":{"treeNo":"1897","plot":"Plot 2","coordinateSource":"Plot2.gpkg/Plot2","coordinateVersion":"plot2-original-approved-2026-08-12"},"geometry":{"type":"Point","coordinates":[77.0775260677,10.4810638395]}},{"type":"Feature","properties":{"treeNo":"1898","plot":"Plot 2","coordinateSource":"Plot2.gpkg/Plot2","coordinateVersion":"plot2-original-approved-2026-08-12"},"geometry":{"type":"Point","coordinates":[77.0776052374,10.4810622029]}},{"type":"Feature","properties":{"treeNo":"1899","plot":"Plot 2","coordinateSource":"Plot2.gpkg/Plot2","coordinateVersion":"plot2-original-approved-2026-08-12"},"geometry":{"type":"Point","coordinates":[77.0776804483,10.4810605921]}},{"type":"Feature","properties":{"treeNo":"1900","plot":"Plot 2","coordinateSource":"Plot2.gpkg/Plot2","coordinateVersion":"plot2-original-approved-2026-08-12"},"geometry":{"type":"Point","coordinates":[77.0777522696,10.4810595632]}},{"type":"Feature","properties":{"treeNo":"1901","plot":"Plot 2","coordinateSource":"Plot2.gpkg/Plot2","coordinateVersion":"plot2-original-approved-2026-08-12"},"geometry":{"type":"Point","coordinates":[77.0778257651,10.4810551648]}},{"type":"Feature","properties":{"treeNo":"1902","plot":"Plot 2","coordinateSource":"Plot2.gpkg/Plot2","coordinateVersion":"plot2-original-approved-2026-08-12"},"geometry":{"type":"Point","coordinates":[77.0779020809,10.4810496284]}},{"type":"Feature","properties":{"treeNo":"1903","plot":"Plot 2","coordinateSource":"Plot2.gpkg/Plot2","coordinateVersion":"plot2-original-approved-2026-08-12"},"geometry":{"type":"Point","coordinates":[77.0779812655,10.4810502307]}},{"type":"Feature","properties":{"treeNo":"1904","plot":"Plot 2","coordinateSource":"Plot2.gpkg/Plot2","coordinateVersion":"plot2-original-approved-2026-08-12"},"geometry":{"type":"Point","coordinates":[77.0780553378,10.4810475078]}},{"type":"Feature","properties":{"treeNo":"1905","plot":"Plot 2","coordinateSource":"Plot2.gpkg/Plot2","coordinateVersion":"plot2-original-approved-2026-08-12"},"geometry":{"type":"Point","coordinates":[77.0781268613,10.4810442417]}},{"type":"Feature","properties":{"treeNo":"1906","plot":"Plot 2","coordinateSource":"Plot2.gpkg/Plot2","coordinateVersion":"plot2-original-approved-2026-08-12"},"geometry":{"type":"Point","coordinates":[77.078167861,10.4810011519]}},{"type":"Feature","properties":{"treeNo":"1907","plot":"Plot 2","coordinateSource":"Plot2.gpkg/Plot2","coordinateVersion":"plot2-original-approved-2026-08-12"},"geometry":{"type":"Point","coordinates":[77.0782492751,10.4810392437]}},{"type":"Feature","properties":{"treeNo":"1908","plot":"Plot 2","coordinateSource":"Plot2.gpkg/Plot2","coordinateVersion":"plot2-original-approved-2026-08-12"},"geometry":{"type":"Point","coordinates":[77.0781717751,10.4810792133]}},{"type":"Feature","properties":{"treeNo":"1909","plot":"Plot 2","coordinateSource":"Plot2.gpkg/Plot2","coordinateVersion":"plot2-original-approved-2026-08-12"},"geometry":{"type":"Point","coordinates":[77.0781386651,10.4811180533]}},{"type":"Feature","properties":{"treeNo":"1910","plot":"Plot 2","coordinateSource":"Plot2.gpkg/Plot2","coordinateVersion":"plot2-original-approved-2026-08-12"},"geometry":{"type":"Point","coordinates":[77.07806487,10.4811199348]}},{"type":"Feature","properties":{"treeNo":"1911","plot":"Plot 2","coordinateSource":"Plot2.gpkg/Plot2","coordinateVersion":"plot2-original-approved-2026-08-12"},"geometry":{"type":"Point","coordinates":[77.0779865356,10.4811196069]}},{"type":"Feature","properties":{"treeNo":"1912","plot":"Plot 2","coordinateSource":"Plot2.gpkg/Plot2","coordinateVersion":"plot2-original-approved-2026-08-12"},"geometry":{"type":"Point","coordinates":[77.0779119052,10.481123453]}},{"type":"Feature","properties":{"treeNo":"1913","plot":"Plot 2","coordinateSource":"Plot2.gpkg/Plot2","coordinateVersion":"plot2-original-approved-2026-08-12"},"geometry":{"type":"Point","coordinates":[77.0778432131,10.4811272603]}},{"type":"Feature","properties":{"treeNo":"1914","plot":"Plot 2","coordinateSource":"Plot2.gpkg/Plot2","coordinateVersion":"plot2-original-approved-2026-08-12"},"geometry":{"type":"Point","coordinates":[77.0777612119,10.4811283557]}},{"type":"Feature","properties":{"treeNo":"1915","plot":"Plot 2","coordinateSource":"Plot2.gpkg/Plot2","coordinateVersion":"plot2-original-approved-2026-08-12"},"geometry":{"type":"Point","coordinates":[77.0776905329,10.4811310564]}},{"type":"Feature","properties":{"treeNo":"1916","plot":"Plot 2","coordinateSource":"Plot2.gpkg/Plot2","coordinateVersion":"plot2-original-approved-2026-08-12"},"geometry":{"type":"Point","coordinates":[77.0776170187,10.4811326561]}},{"type":"Feature","properties":{"treeNo":"1917","plot":"Plot 2","coordinateSource":"Plot2.gpkg/Plot2","coordinateVersion":"plot2-original-approved-2026-08-12"},"geometry":{"type":"Point","coordinates":[77.0775384183,10.4811348488]}},{"type":"Feature","properties":{"treeNo":"1918","plot":"Plot 2","coordinateSource":"Plot2.gpkg/Plot2","coordinateVersion":"plot2-original-approved-2026-08-12"},"geometry":{"type":"Point","coordinates":[77.0774643459,10.4811375716]}},{"type":"Feature","properties":{"treeNo":"1919","plot":"Plot 2","coordinateSource":"Plot2.gpkg/Plot2","coordinateVersion":"plot2-original-approved-2026-08-12"},"geometry":{"type":"Point","coordinates":[77.0773840638,10.4811420143]}},{"type":"Feature","properties":{"treeNo":"1920","plot":"Plot 2","coordinateSource":"Plot2.gpkg/Plot2","coordinateVersion":"plot2-original-approved-2026-08-12"},"geometry":{"type":"Point","coordinates":[77.0773133773,10.4811435954]}},{"type":"Feature","properties":{"treeNo":"1921","plot":"Plot 2","coordinateSource":"Plot2.gpkg/Plot2","coordinateVersion":"plot2-original-approved-2026-08-12"},"geometry":{"type":"Point","coordinates":[77.0772443837,10.4811446057]}},{"type":"Feature","properties":{"treeNo":"1922","plot":"Plot 2","coordinateSource":"Plot2.gpkg/Plot2","coordinateVersion":"plot2-original-approved-2026-08-12"},"geometry":{"type":"Point","coordinates":[77.0771624049,10.4811490594]}},{"type":"Feature","properties":{"treeNo":"1923","plot":"Plot 2","coordinateSource":"Plot2.gpkg/Plot2","coordinateVersion":"plot2-original-approved-2026-08-12"},"geometry":{"type":"Point","coordinates":[77.0770942783,10.4811528629]}},{"type":"Feature","properties":{"treeNo":"1924","plot":"Plot 2","coordinateSource":"Plot2.gpkg/Plot2","coordinateVersion":"plot2-original-approved-2026-08-12"},"geometry":{"type":"Point","coordinates":[77.0770176554,10.4811547626]}},{"type":"Feature","properties":{"treeNo":"1925","plot":"Plot 2","coordinateSource":"Plot2.gpkg/Plot2","coordinateVersion":"plot2-original-approved-2026-08-12"},"geometry":{"type":"Point","coordinates":[77.076943289,10.4811558079]}},{"type":"Feature","properties":{"treeNo":"1926","plot":"Plot 2","coordinateSource":"Plot2.gpkg/Plot2","coordinateVersion":"plot2-original-approved-2026-08-12"},"geometry":{"type":"Point","coordinates":[77.0768703329,10.4811562843]}},{"type":"Feature","properties":{"treeNo":"1927","plot":"Plot 2","coordinateSource":"Plot2.gpkg/Plot2","coordinateVersion":"plot2-original-approved-2026-08-12"},"geometry":{"type":"Point","coordinates":[77.0768841681,10.4812379194]}},{"type":"Feature","properties":{"treeNo":"1928","plot":"Plot 2","coordinateSource":"Plot2.gpkg/Plot2","coordinateVersion":"plot2-original-approved-2026-08-12"},"geometry":{"type":"Point","coordinates":[77.0769537104,10.4812343867]}},{"type":"Feature","properties":{"treeNo":"1929","plot":"Plot 2","coordinateSource":"Plot2.gpkg/Plot2","coordinateVersion":"plot2-original-approved-2026-08-12"},"geometry":{"type":"Point","coordinates":[77.0770308989,10.4812324833]}},{"type":"Feature","properties":{"treeNo":"1930","plot":"Plot 2","coordinateSource":"Plot2.gpkg/Plot2","coordinateVersion":"plot2-original-approved-2026-08-12"},"geometry":{"type":"Point","coordinates":[77.0771075069,10.4812283446]}},{"type":"Feature","properties":{"treeNo":"1931","plot":"Plot 2","coordinateSource":"Plot2.gpkg/Plot2","coordinateVersion":"plot2-original-approved-2026-08-12"},"geometry":{"type":"Point","coordinates":[77.0771807067,10.4812219891]}},{"type":"Feature","properties":{"treeNo":"1932","plot":"Plot 2","coordinateSource":"Plot2.gpkg/Plot2","coordinateVersion":"plot2-original-approved-2026-08-12"},"geometry":{"type":"Point","coordinates":[77.0772564682,10.4812181357]}},{"type":"Feature","properties":{"treeNo":"1933","plot":"Plot 2","coordinateSource":"Plot2.gpkg/Plot2","coordinateVersion":"plot2-original-approved-2026-08-12"},"geometry":{"type":"Point","coordinates":[77.0773343659,10.4812377785]}},{"type":"Feature","properties":{"treeNo":"1934","plot":"Plot 2","coordinateSource":"Plot2.gpkg/Plot2","coordinateVersion":"plot2-original-approved-2026-08-12"},"geometry":{"type":"Point","coordinates":[77.0774056031,10.4812339547]}},{"type":"Feature","properties":{"treeNo":"1935","plot":"Plot 2","coordinateSource":"Plot2.gpkg/Plot2","coordinateVersion":"plot2-original-approved-2026-08-12"},"geometry":{"type":"Point","coordinates":[77.0774733871,10.4812211972]}},{"type":"Feature","properties":{"treeNo":"1936","plot":"Plot 2","coordinateSource":"Plot2.gpkg/Plot2","coordinateVersion":"plot2-original-approved-2026-08-12"},"geometry":{"type":"Point","coordinates":[77.0775491487,10.4812173438]}},{"type":"Feature","properties":{"treeNo":"1937","plot":"Plot 2","coordinateSource":"Plot2.gpkg/Plot2","coordinateVersion":"plot2-original-approved-2026-08-12"},"geometry":{"type":"Point","coordinates":[77.0776276932,10.4812067551]}},{"type":"Feature","properties":{"treeNo":"1938","plot":"Plot 2","coordinateSource":"Plot2.gpkg/Plot2","coordinateVersion":"plot2-original-approved-2026-08-12"},"geometry":{"type":"Point","coordinates":[77.0777028891,10.4812029053]}},{"type":"Feature","properties":{"treeNo":"1939","plot":"Plot 2","coordinateSource":"Plot2.gpkg/Plot2","coordinateVersion":"plot2-original-approved-2026-08-12"},"geometry":{"type":"Point","coordinates":[77.0777729951,10.4811990888]}},{"type":"Feature","properties":{"treeNo":"1940","plot":"Plot 2","coordinateSource":"Plot2.gpkg/Plot2","coordinateVersion":"plot2-original-approved-2026-08-12"},"geometry":{"type":"Point","coordinates":[77.0778499176,10.4811997059]}},{"type":"Feature","properties":{"treeNo":"1941","plot":"Plot 2","coordinateSource":"Plot2.gpkg/Plot2","coordinateVersion":"plot2-original-approved-2026-08-12"},"geometry":{"type":"Point","coordinates":[77.0779268438,10.4812008827]}},{"type":"Feature","properties":{"treeNo":"1942","plot":"Plot 2","coordinateSource":"Plot2.gpkg/Plot2","coordinateVersion":"plot2-original-approved-2026-08-12"},"geometry":{"type":"Point","coordinates":[77.0780037513,10.4811992607]}},{"type":"Feature","properties":{"treeNo":"1943","plot":"Plot 2","coordinateSource":"Plot2.gpkg/Plot2","coordinateVersion":"plot2-original-approved-2026-08-12"},"geometry":{"type":"Point","coordinates":[77.0780766738,10.4811937465]}},{"type":"Feature","properties":{"treeNo":"1944","plot":"Plot 2","coordinateSource":"Plot2.gpkg/Plot2","coordinateVersion":"plot2-original-approved-2026-08-12"},"geometry":{"type":"Point","coordinates":[77.0781495926,10.4811876724]}},{"type":"Feature","properties":{"treeNo":"1945","plot":"Plot 2","coordinateSource":"Plot2.gpkg/Plot2","coordinateVersion":"plot2-original-approved-2026-08-12"},"geometry":{"type":"Point","coordinates":[77.0782496561,10.4812659453]}},{"type":"Feature","properties":{"treeNo":"1946","plot":"Plot 2","coordinateSource":"Plot2.gpkg/Plot2","coordinateVersion":"plot2-original-approved-2026-08-12"},"geometry":{"type":"Point","coordinates":[77.0781648233,10.4812664996]}},{"type":"Feature","properties":{"treeNo":"1947","plot":"Plot 2","coordinateSource":"Plot2.gpkg/Plot2","coordinateVersion":"plot2-original-approved-2026-08-12"},"geometry":{"type":"Point","coordinates":[77.0780907473,10.4812686628]}},{"type":"Feature","properties":{"treeNo":"1948","plot":"Plot 2","coordinateSource":"Plot2.gpkg/Plot2","coordinateVersion":"plot2-original-approved-2026-08-12"},"geometry":{"type":"Point","coordinates":[77.0780178322,10.4812752965]}},{"type":"Feature","properties":{"treeNo":"1949","plot":"Plot 2","coordinateSource":"Plot2.gpkg/Plot2","coordinateVersion":"plot2-original-approved-2026-08-12"},"geometry":{"type":"Point","coordinates":[77.0779369359,10.4812724664]}},{"type":"Feature","properties":{"treeNo":"1950","plot":"Plot 2","coordinateSource":"Plot2.gpkg/Plot2","coordinateVersion":"plot2-original-approved-2026-08-12"},"geometry":{"type":"Point","coordinates":[77.077861167,10.4812752004]}},{"type":"Feature","properties":{"treeNo":"1951","plot":"Plot 2","coordinateSource":"Plot2.gpkg/Plot2","coordinateVersion":"plot2-original-approved-2026-08-12"},"geometry":{"type":"Point","coordinates":[77.0777893531,10.4812773488]}},{"type":"Feature","properties":{"treeNo":"1952","plot":"Plot 2","coordinateSource":"Plot2.gpkg/Plot2","coordinateVersion":"plot2-original-approved-2026-08-12"},"geometry":{"type":"Point","coordinates":[77.0777118576,10.481275616]}},{"type":"Feature","properties":{"treeNo":"1953","plot":"Plot 2","coordinateSource":"Plot2.gpkg/Plot2","coordinateVersion":"plot2-original-approved-2026-08-12"},"geometry":{"type":"Point","coordinates":[77.0776315791,10.4812806184]}},{"type":"Feature","properties":{"treeNo":"1954","plot":"Plot 2","coordinateSource":"Plot2.gpkg/Plot2","coordinateVersion":"plot2-original-approved-2026-08-12"},"geometry":{"type":"Point","coordinates":[77.0775574881,10.4812805426]}},{"type":"Feature","properties":{"treeNo":"1955","plot":"Plot 2","coordinateSource":"Plot2.gpkg/Plot2","coordinateVersion":"plot2-original-approved-2026-08-12"},"geometry":{"type":"Point","coordinates":[77.077485146,10.481288292]}},{"type":"Feature","properties":{"treeNo":"1956","plot":"Plot 2","coordinateSource":"Plot2.gpkg/Plot2","coordinateVersion":"plot2-original-approved-2026-08-12"},"geometry":{"type":"Point","coordinates":[77.0774110326,10.4812848577]}},{"type":"Feature","properties":{"treeNo":"1957","plot":"Plot 2","coordinateSource":"Plot2.gpkg/Plot2","coordinateVersion":"plot2-original-approved-2026-08-12"},"geometry":{"type":"Point","coordinates":[77.0773370051,10.4812942974]}},{"type":"Feature","properties":{"treeNo":"1958","plot":"Plot 2","coordinateSource":"Plot2.gpkg/Plot2","coordinateVersion":"plot2-original-approved-2026-08-12"},"geometry":{"type":"Point","coordinates":[77.0772646032,10.4812930909]}},{"type":"Feature","properties":{"treeNo":"1959","plot":"Plot 2","coordinateSource":"Plot2.gpkg/Plot2","coordinateVersion":"plot2-original-approved-2026-08-12"},"geometry":{"type":"Point","coordinates":[77.077187145,10.4812969553]}},{"type":"Feature","properties":{"treeNo":"1960","plot":"Plot 2","coordinateSource":"Plot2.gpkg/Plot2","coordinateVersion":"plot2-original-approved-2026-08-12"},"geometry":{"type":"Point","coordinates":[77.0771136419,10.4813002341]}},{"type":"Feature","properties":{"treeNo":"1961","plot":"Plot 2","coordinateSource":"Plot2.gpkg/Plot2","coordinateVersion":"plot2-original-approved-2026-08-12"},"geometry":{"type":"Point","coordinates":[77.0770423936,10.4813023787]}},{"type":"Feature","properties":{"treeNo":"1962","plot":"Plot 2","coordinateSource":"Plot2.gpkg/Plot2","coordinateVersion":"plot2-original-approved-2026-08-12"},"geometry":{"type":"Point","coordinates":[77.0769638266,10.4813096088]}},{"type":"Feature","properties":{"treeNo":"1963","plot":"Plot 2","coordinateSource":"Plot2.gpkg/Plot2","coordinateVersion":"plot2-original-approved-2026-08-12"},"geometry":{"type":"Point","coordinates":[77.0768914472,10.4813117607]}},{"type":"Feature","properties":{"treeNo":"1964","plot":"Plot 2","coordinateSource":"Plot2.gpkg/Plot2","coordinateVersion":"plot2-original-approved-2026-08-12"},"geometry":{"type":"Point","coordinates":[77.0768981309,10.4813811278]}},{"type":"Feature","properties":{"treeNo":"1965","plot":"Plot 2","coordinateSource":"Plot2.gpkg/Plot2","coordinateVersion":"plot2-original-approved-2026-08-12"},"geometry":{"type":"Point","coordinates":[77.0769727576,10.4813767222]}},{"type":"Feature","properties":{"treeNo":"1966","plot":"Plot 2","coordinateSource":"Plot2.gpkg/Plot2","coordinateVersion":"plot2-original-approved-2026-08-12"},"geometry":{"type":"Point","coordinates":[77.0770513545,10.4813739699]}},{"type":"Feature","properties":{"treeNo":"1967","plot":"Plot 2","coordinateSource":"Plot2.gpkg/Plot2","coordinateVersion":"plot2-original-approved-2026-08-12"},"geometry":{"type":"Point","coordinates":[77.077128277,10.4813745871]}},{"type":"Feature","properties":{"treeNo":"1968","plot":"Plot 2","coordinateSource":"Plot2.gpkg/Plot2","coordinateVersion":"plot2-original-approved-2026-08-12"},"geometry":{"type":"Point","coordinates":[77.0772040572,10.4813735325]}},{"type":"Feature","properties":{"treeNo":"1969","plot":"Plot 2","coordinateSource":"Plot2.gpkg/Plot2","coordinateVersion":"plot2-original-approved-2026-08-12"},"geometry":{"type":"Point","coordinates":[77.0772741521,10.4813680369]}},{"type":"Feature","properties":{"treeNo":"1970","plot":"Plot 2","coordinateSource":"Plot2.gpkg/Plot2","coordinateVersion":"plot2-original-approved-2026-08-12"},"geometry":{"type":"Point","coordinates":[77.0773499249,10.4813658627]}},{"type":"Feature","properties":{"treeNo":"1971","plot":"Plot 2","coordinateSource":"Plot2.gpkg/Plot2","coordinateVersion":"plot2-original-approved-2026-08-12"},"geometry":{"type":"Point","coordinates":[77.0774200458,10.4813642852]}},{"type":"Feature","properties":{"treeNo":"1972","plot":"Plot 2","coordinateSource":"Plot2.gpkg/Plot2","coordinateVersion":"plot2-original-approved-2026-08-12"},"geometry":{"type":"Point","coordinates":[77.077496946,10.481361544]}},{"type":"Feature","properties":{"treeNo":"1973","plot":"Plot 2","coordinateSource":"Plot2.gpkg/Plot2","coordinateVersion":"plot2-original-approved-2026-08-12"},"geometry":{"type":"Point","coordinates":[77.0775704602,10.4813599443]}},{"type":"Feature","properties":{"treeNo":"1974","plot":"Plot 2","coordinateSource":"Plot2.gpkg/Plot2","coordinateVersion":"plot2-original-approved-2026-08-12"},"geometry":{"type":"Point","coordinates":[77.0776445139,10.4813544227]}},{"type":"Feature","properties":{"treeNo":"1975","plot":"Plot 2","coordinateSource":"Plot2.gpkg/Plot2","coordinateVersion":"plot2-original-approved-2026-08-12"},"geometry":{"type":"Point","coordinates":[77.0777197286,10.4813533717]}},{"type":"Feature","properties":{"treeNo":"1976","plot":"Plot 2","coordinateSource":"Plot2.gpkg/Plot2","coordinateVersion":"plot2-original-approved-2026-08-12"},"geometry":{"type":"Point","coordinates":[77.0777909433,10.4813461893]}},{"type":"Feature","properties":{"treeNo":"1977","plot":"Plot 2","coordinateSource":"Plot2.gpkg/Plot2","coordinateVersion":"plot2-original-approved-2026-08-12"},"geometry":{"type":"Point","coordinates":[77.077872394,10.4813473366]}},{"type":"Feature","properties":{"treeNo":"1978","plot":"Plot 2","coordinateSource":"Plot2.gpkg/Plot2","coordinateVersion":"plot2-original-approved-2026-08-12"},"geometry":{"type":"Point","coordinates":[77.0779487211,10.4813434794]}},{"type":"Feature","properties":{"treeNo":"1979","plot":"Plot 2","coordinateSource":"Plot2.gpkg/Plot2","coordinateVersion":"plot2-original-approved-2026-08-12"},"geometry":{"type":"Point","coordinates":[77.0780301493,10.4813412681]}},{"type":"Feature","properties":{"treeNo":"1980","plot":"Plot 2","coordinateSource":"Plot2.gpkg/Plot2","coordinateVersion":"plot2-original-approved-2026-08-12"},"geometry":{"type":"Point","coordinates":[77.0781706235,10.4813305545]}},{"type":"Feature","properties":{"treeNo":"1981","plot":"Plot 2","coordinateSource":"Plot2.gpkg/Plot2","coordinateVersion":"plot2-original-approved-2026-08-12"},"geometry":{"type":"Point","coordinates":[77.0780346009,10.4814151278]}},{"type":"Feature","properties":{"treeNo":"1982","plot":"Plot 2","coordinateSource":"Plot2.gpkg/Plot2","coordinateVersion":"plot2-original-approved-2026-08-12"},"geometry":{"type":"Point","coordinates":[77.0779591166,10.4814181399]}},{"type":"Feature","properties":{"treeNo":"1983","plot":"Plot 2","coordinateSource":"Plot2.gpkg/Plot2","coordinateVersion":"plot2-original-approved-2026-08-12"},"geometry":{"type":"Point","coordinates":[77.077884795,10.4814259023]}},{"type":"Feature","properties":{"treeNo":"1984","plot":"Plot 2","coordinateSource":"Plot2.gpkg/Plot2","coordinateVersion":"plot2-original-approved-2026-08-12"},"geometry":{"type":"Point","coordinates":[77.0778095673,10.4814249943]}},{"type":"Feature","properties":{"treeNo":"1985","plot":"Plot 2","coordinateSource":"Plot2.gpkg/Plot2","coordinateVersion":"plot2-original-approved-2026-08-12"},"geometry":{"type":"Point","coordinates":[77.0777349107,10.4814249222]}},{"type":"Feature","properties":{"treeNo":"1986","plot":"Plot 2","coordinateSource":"Plot2.gpkg/Plot2","coordinateVersion":"plot2-original-approved-2026-08-12"},"geometry":{"type":"Point","coordinates":[77.0776568832,10.4814282307]}},{"type":"Feature","properties":{"treeNo":"1987","plot":"Plot 2","coordinateSource":"Plot2.gpkg/Plot2","coordinateVersion":"plot2-original-approved-2026-08-12"},"geometry":{"type":"Point","coordinates":[77.0775828332,10.481434312]}},{"type":"Feature","properties":{"treeNo":"1988","plot":"Plot 2","coordinateSource":"Plot2.gpkg/Plot2","coordinateVersion":"plot2-original-approved-2026-08-12"},"geometry":{"type":"Point","coordinates":[77.0775070493,10.481434807]}},{"type":"Feature","properties":{"treeNo":"1989","plot":"Plot 2","coordinateSource":"Plot2.gpkg/Plot2","coordinateVersion":"plot2-original-approved-2026-08-12"},"geometry":{"type":"Point","coordinates":[77.0774312616,10.4814347422]}},{"type":"Feature","properties":{"treeNo":"1990","plot":"Plot 2","coordinateSource":"Plot2.gpkg/Plot2","coordinateVersion":"plot2-original-approved-2026-08-12"},"geometry":{"type":"Point","coordinates":[77.0773560469,10.4814357932]}},{"type":"Feature","properties":{"treeNo":"1991","plot":"Plot 2","coordinateSource":"Plot2.gpkg/Plot2","coordinateVersion":"plot2-original-approved-2026-08-12"},"geometry":{"type":"Point","coordinates":[77.0772848545,10.4814463339]}},{"type":"Feature","properties":{"treeNo":"1992","plot":"Plot 2","coordinateSource":"Plot2.gpkg/Plot2","coordinateVersion":"plot2-original-approved-2026-08-12"},"geometry":{"type":"Point","coordinates":[77.0772129958,10.4814417653]}},{"type":"Feature","properties":{"treeNo":"1993","plot":"Plot 2","coordinateSource":"Plot2.gpkg/Plot2","coordinateVersion":"plot2-original-approved-2026-08-12"},"geometry":{"type":"Point","coordinates":[77.0771338483,10.4814467602]}},{"type":"Feature","properties":{"treeNo":"1994","plot":"Plot 2","coordinateSource":"Plot2.gpkg/Plot2","coordinateVersion":"plot2-original-approved-2026-08-12"},"geometry":{"type":"Point","coordinates":[77.0770586299,10.4814472514]}},{"type":"Feature","properties":{"treeNo":"1995","plot":"Plot 2","coordinateSource":"Plot2.gpkg/Plot2","coordinateVersion":"plot2-original-approved-2026-08-12"},"geometry":{"type":"Point","coordinates":[77.0769834301,10.4814505413]}},{"type":"Feature","properties":{"treeNo":"1996","plot":"Plot 2","coordinateSource":"Plot2.gpkg/Plot2","coordinateVersion":"plot2-original-approved-2026-08-12"},"geometry":{"type":"Point","coordinates":[77.0769116311,10.4814549284]}},{"type":"Feature","properties":{"treeNo":"1997","plot":"Plot 2","coordinateSource":"Plot2.gpkg/Plot2","coordinateVersion":"plot2-original-approved-2026-08-12"},"geometry":{"type":"Point","coordinates":[77.0769279852,10.4815326288]}},{"type":"Feature","properties":{"treeNo":"1998","plot":"Plot 2","coordinateSource":"Plot2.gpkg/Plot2","coordinateVersion":"plot2-original-approved-2026-08-12"},"geometry":{"type":"Point","coordinates":[77.0769941026,10.4815243604]}},{"type":"Feature","properties":{"treeNo":"1999","plot":"Plot 2","coordinateSource":"Plot2.gpkg/Plot2","coordinateVersion":"plot2-original-approved-2026-08-12"},"geometry":{"type":"Point","coordinates":[77.0770670402,10.4815210853]}},{"type":"Feature","properties":{"treeNo":"2000","plot":"Plot 2","coordinateSource":"Plot2.gpkg/Plot2","coordinateVersion":"plot2-original-approved-2026-08-12"},"geometry":{"type":"Point","coordinates":[77.0771383147,10.4815228589]}},{"type":"Feature","properties":{"treeNo":"2001","plot":"Plot 2","coordinateSource":"Plot2.gpkg/Plot2","coordinateVersion":"plot2-original-approved-2026-08-12"},"geometry":{"type":"Point","coordinates":[77.077220275,10.4815156065]}},{"type":"Feature","properties":{"treeNo":"2002","plot":"Plot 2","coordinateSource":"Plot2.gpkg/Plot2","coordinateVersion":"plot2-original-approved-2026-08-12"},"geometry":{"type":"Point","coordinates":[77.0773011452,10.4815145186]}},{"type":"Feature","properties":{"treeNo":"2003","plot":"Plot 2","coordinateSource":"Plot2.gpkg/Plot2","coordinateVersion":"plot2-original-approved-2026-08-12"},"geometry":{"type":"Point","coordinates":[77.0773661837,10.4815140939]}},{"type":"Feature","properties":{"treeNo":"2004","plot":"Plot 2","coordinateSource":"Plot2.gpkg/Plot2","coordinateVersion":"plot2-original-approved-2026-08-12"},"geometry":{"type":"Point","coordinates":[77.0774306455,10.4815119936]}},{"type":"Feature","properties":{"treeNo":"2005","plot":"Plot 2","coordinateSource":"Plot2.gpkg/Plot2","coordinateVersion":"plot2-original-approved-2026-08-12"},"geometry":{"type":"Point","coordinates":[77.0775137518,10.4815069727]}},{"type":"Feature","properties":{"treeNo":"2006","plot":"Plot 2","coordinateSource":"Plot2.gpkg/Plot2","coordinateVersion":"plot2-original-approved-2026-08-12"},"geometry":{"type":"Point","coordinates":[77.0775895208,10.4815042387]}},{"type":"Feature","properties":{"treeNo":"2007","plot":"Plot 2","coordinateSource":"Plot2.gpkg/Plot2","coordinateVersion":"plot2-original-approved-2026-08-12"},"geometry":{"type":"Point","coordinates":[77.0776602036,10.4815020978]}},{"type":"Feature","properties":{"treeNo":"2008","plot":"Plot 2","coordinateSource":"Plot2.gpkg/Plot2","coordinateVersion":"plot2-original-approved-2026-08-12"},"geometry":{"type":"Point","coordinates":[77.0777410664,10.4814998903]}},{"type":"Feature","properties":{"treeNo":"2009","plot":"Plot 2","coordinateSource":"Plot2.gpkg/Plot2","coordinateVersion":"plot2-original-approved-2026-08-12"},"geometry":{"type":"Point","coordinates":[77.0778157081,10.4814977234]}},{"type":"Feature","properties":{"treeNo":"2010","plot":"Plot 2","coordinateSource":"Plot2.gpkg/Plot2","coordinateVersion":"plot2-original-approved-2026-08-12"},"geometry":{"type":"Point","coordinates":[77.0778909003,10.4814933139]}},{"type":"Feature","properties":{"treeNo":"2011","plot":"Plot 2","coordinateSource":"Plot2.gpkg/Plot2","coordinateVersion":"plot2-original-approved-2026-08-12"},"geometry":{"type":"Point","coordinates":[77.0779661262,10.481493942]}},{"type":"Feature","properties":{"treeNo":"2012","plot":"Plot 2","coordinateSource":"Plot2.gpkg/Plot2","coordinateVersion":"plot2-original-approved-2026-08-12"},"geometry":{"type":"Point","coordinates":[77.0780469553,10.4814866968]}},{"type":"Feature","properties":{"treeNo":"2013","plot":"Plot 2","coordinateSource":"Plot2.gpkg/Plot2","coordinateVersion":"plot2-original-approved-2026-08-12"},"geometry":{"type":"Point","coordinates":[77.0781123223,10.4815355289]}},{"type":"Feature","properties":{"treeNo":"2014","plot":"Plot 2","coordinateSource":"Plot2.gpkg/Plot2","coordinateVersion":"plot2-original-approved-2026-08-12"},"geometry":{"type":"Point","coordinates":[77.0780542609,10.4815644561]}},{"type":"Feature","properties":{"treeNo":"2015","plot":"Plot 2","coordinateSource":"Plot2.gpkg/Plot2","coordinateVersion":"plot2-original-approved-2026-08-12"},"geometry":{"type":"Point","coordinates":[77.0779813196,10.4815671717]}},{"type":"Feature","properties":{"treeNo":"2016","plot":"Plot 2","coordinateSource":"Plot2.gpkg/Plot2","coordinateVersion":"plot2-original-approved-2026-08-12"},"geometry":{"type":"Point","coordinates":[77.0779044008,10.4815671145]}},{"type":"Feature","properties":{"treeNo":"2017","plot":"Plot 2","coordinateSource":"Plot2.gpkg/Plot2","coordinateVersion":"plot2-original-approved-2026-08-12"},"geometry":{"type":"Point","coordinates":[77.077829201,10.4815704045]}},{"type":"Feature","properties":{"treeNo":"2018","plot":"Plot 2","coordinateSource":"Plot2.gpkg/Plot2","coordinateVersion":"plot2-original-approved-2026-08-12"},"geometry":{"type":"Point","coordinates":[77.077754578,10.4815753701]}},{"type":"Feature","properties":{"treeNo":"2019","plot":"Plot 2","coordinateSource":"Plot2.gpkg/Plot2","coordinateVersion":"plot2-original-approved-2026-08-12"},"geometry":{"type":"Point","coordinates":[77.0776753932,10.4815747678]}},{"type":"Feature","properties":{"treeNo":"2020","plot":"Plot 2","coordinateSource":"Plot2.gpkg/Plot2","coordinateVersion":"plot2-original-approved-2026-08-12"},"geometry":{"type":"Point","coordinates":[77.0776041374,10.481575793]}},{"type":"Feature","properties":{"treeNo":"2021","plot":"Plot 2","coordinateSource":"Plot2.gpkg/Plot2","coordinateVersion":"plot2-original-approved-2026-08-12"},"geometry":{"type":"Point","coordinates":[77.0775272559,10.481581333]}},{"type":"Feature","properties":{"treeNo":"2022","plot":"Plot 2","coordinateSource":"Plot2.gpkg/Plot2","coordinateVersion":"plot2-original-approved-2026-08-12"},"geometry":{"type":"Point","coordinates":[77.0774514849,10.4815837871]}},{"type":"Feature","properties":{"treeNo":"2023","plot":"Plot 2","coordinateSource":"Plot2.gpkg/Plot2","coordinateVersion":"plot2-original-approved-2026-08-12"},"geometry":{"type":"Point","coordinates":[77.0773802515,10.4815881706]}},{"type":"Feature","properties":{"treeNo":"2024","plot":"Plot 2","coordinateSource":"Plot2.gpkg/Plot2","coordinateVersion":"plot2-original-approved-2026-08-12"},"geometry":{"type":"Point","coordinates":[77.0773089919,10.481588636]}},{"type":"Feature","properties":{"treeNo":"2025","plot":"Plot 2","coordinateSource":"Plot2.gpkg/Plot2","coordinateVersion":"plot2-original-approved-2026-08-12"},"geometry":{"type":"Point","coordinates":[77.0772323856,10.4815930547]}},{"type":"Feature","properties":{"treeNo":"2026","plot":"Plot 2","coordinateSource":"Plot2.gpkg/Plot2","coordinateVersion":"plot2-original-approved-2026-08-12"},"geometry":{"type":"Point","coordinates":[77.0771546185,10.4815930028]}},{"type":"Feature","properties":{"treeNo":"2027","plot":"Plot 2","coordinateSource":"Plot2.gpkg/Plot2","coordinateVersion":"plot2-original-approved-2026-08-12"},"geometry":{"type":"Point","coordinates":[77.0770763081,10.481596313]}},{"type":"Feature","properties":{"treeNo":"2028","plot":"Plot 2","coordinateSource":"Plot2.gpkg/Plot2","coordinateVersion":"plot2-original-approved-2026-08-12"},"geometry":{"type":"Point","coordinates":[77.0770013985,10.4816007205]}},{"type":"Feature","properties":{"treeNo":"2029","plot":"Plot 2","coordinateSource":"Plot2.gpkg/Plot2","coordinateVersion":"plot2-original-approved-2026-08-12"},"geometry":{"type":"Point","coordinates":[77.0769369181,10.481600022]}},{"type":"Feature","properties":{"treeNo":"2030","plot":"Plot 2","coordinateSource":"Plot2.gpkg/Plot2","coordinateVersion":"plot2-original-approved-2026-08-12"},"geometry":{"type":"Point","coordinates":[77.0769419574,10.4816772364]}},{"type":"Feature","properties":{"treeNo":"2031","plot":"Plot 2","coordinateSource":"Plot2.gpkg/Plot2","coordinateVersion":"plot2-original-approved-2026-08-12"},"geometry":{"type":"Point","coordinates":[77.0770210676,10.4816666441]}},{"type":"Feature","properties":{"treeNo":"2032","plot":"Plot 2","coordinateSource":"Plot2.gpkg/Plot2","coordinateVersion":"plot2-original-approved-2026-08-12"},"geometry":{"type":"Point","coordinates":[77.0770883609,10.4816650852]}},{"type":"Feature","properties":{"treeNo":"2033","plot":"Plot 2","coordinateSource":"Plot2.gpkg/Plot2","coordinateVersion":"plot2-original-approved-2026-08-12"},"geometry":{"type":"Point","coordinates":[77.0771635719,10.4816634745]}},{"type":"Feature","properties":{"treeNo":"2034","plot":"Plot 2","coordinateSource":"Plot2.gpkg/Plot2","coordinateVersion":"plot2-original-approved-2026-08-12"},"geometry":{"type":"Point","coordinates":[77.0772438505,10.4816584721]}},{"type":"Feature","properties":{"treeNo":"2035","plot":"Plot 2","coordinateSource":"Plot2.gpkg/Plot2","coordinateVersion":"plot2-original-approved-2026-08-12"},"geometry":{"type":"Point","coordinates":[77.0773173873,10.4816602309]}},{"type":"Feature","properties":{"treeNo":"2036","plot":"Plot 2","coordinateSource":"Plot2.gpkg/Plot2","coordinateVersion":"plot2-original-approved-2026-08-12"},"geometry":{"type":"Point","coordinates":[77.0773886655,10.4816625642]}},{"type":"Feature","properties":{"treeNo":"2037","plot":"Plot 2","coordinateSource":"Plot2.gpkg/Plot2","coordinateVersion":"plot2-original-approved-2026-08-12"},"geometry":{"type":"Point","coordinates":[77.0774621426,10.4816553672]}},{"type":"Feature","properties":{"treeNo":"2038","plot":"Plot 2","coordinateSource":"Plot2.gpkg/Plot2","coordinateVersion":"plot2-original-approved-2026-08-12"},"geometry":{"type":"Point","coordinates":[77.0775435635,10.4816520366]}},{"type":"Feature","properties":{"treeNo":"2039","plot":"Plot 2","coordinateSource":"Plot2.gpkg/Plot2","coordinateVersion":"plot2-original-approved-2026-08-12"},"geometry":{"type":"Point","coordinates":[77.0776170629,10.4816481979]}},{"type":"Feature","properties":{"treeNo":"2040","plot":"Plot 2","coordinateSource":"Plot2.gpkg/Plot2","coordinateVersion":"plot2-original-approved-2026-08-12"},"geometry":{"type":"Point","coordinates":[77.077686064,10.481648307]}},{"type":"Feature","properties":{"treeNo":"2041","plot":"Plot 2","coordinateSource":"Plot2.gpkg/Plot2","coordinateVersion":"plot2-original-approved-2026-08-12"},"geometry":{"type":"Point","coordinates":[77.0777624136,10.4816478082]}},{"type":"Feature","properties":{"treeNo":"2042","plot":"Plot 2","coordinateSource":"Plot2.gpkg/Plot2","coordinateVersion":"plot2-original-approved-2026-08-12"},"geometry":{"type":"Point","coordinates":[77.077839883,10.4816456229]}},{"type":"Feature","properties":{"treeNo":"2043","plot":"Plot 2","coordinateSource":"Plot2.gpkg/Plot2","coordinateVersion":"plot2-original-approved-2026-08-12"},"geometry":{"type":"Point","coordinates":[77.0779134085,10.4816457023]}},{"type":"Feature","properties":{"treeNo":"2044","plot":"Plot 2","coordinateSource":"Plot2.gpkg/Plot2","coordinateVersion":"plot2-original-approved-2026-08-12"},"geometry":{"type":"Point","coordinates":[77.0779959306,10.4816378863]}},{"type":"Feature","properties":{"treeNo":"2045","plot":"Plot 2","coordinateSource":"Plot2.gpkg/Plot2","coordinateVersion":"plot2-original-approved-2026-08-12"},"geometry":{"type":"Point","coordinates":[77.0780649317,10.4816379953]}},{"type":"Feature","properties":{"treeNo":"2046","plot":"Plot 2","coordinateSource":"Plot2.gpkg/Plot2","coordinateVersion":"plot2-original-approved-2026-08-12"},"geometry":{"type":"Point","coordinates":[77.0780564093,10.4817169776]}},{"type":"Feature","properties":{"treeNo":"2047","plot":"Plot 2","coordinateSource":"Plot2.gpkg/Plot2","coordinateVersion":"plot2-original-approved-2026-08-12"},"geometry":{"type":"Point","coordinates":[77.0779958915,10.4817168132]}},{"type":"Feature","properties":{"treeNo":"2048","plot":"Plot 2","coordinateSource":"Plot2.gpkg/Plot2","coordinateVersion":"plot2-original-approved-2026-08-12"},"geometry":{"type":"Point","coordinates":[77.0779235045,10.4817178459]}},{"type":"Feature","properties":{"treeNo":"2049","plot":"Plot 2","coordinateSource":"Plot2.gpkg/Plot2","coordinateVersion":"plot2-original-approved-2026-08-12"},"geometry":{"type":"Point","coordinates":[77.0778522524,10.4817194309]}},{"type":"Feature","properties":{"treeNo":"2050","plot":"Plot 2","coordinateSource":"Plot2.gpkg/Plot2","coordinateVersion":"plot2-original-approved-2026-08-12"},"geometry":{"type":"Point","coordinates":[77.0777736518,10.4817216236]}},{"type":"Feature","properties":{"treeNo":"2051","plot":"Plot 2","coordinateSource":"Plot2.gpkg/Plot2","coordinateVersion":"plot2-original-approved-2026-08-12"},"geometry":{"type":"Point","coordinates":[77.0777012499,10.4817204172]}},{"type":"Feature","properties":{"treeNo":"2052","plot":"Plot 2","coordinateSource":"Plot2.gpkg/Plot2","coordinateVersion":"plot2-original-approved-2026-08-12"},"geometry":{"type":"Point","coordinates":[77.0776232223,10.4817237257]}},{"type":"Feature","properties":{"treeNo":"2053","plot":"Plot 2","coordinateSource":"Plot2.gpkg/Plot2","coordinateVersion":"plot2-original-approved-2026-08-12"},"geometry":{"type":"Point","coordinates":[77.0775452246,10.4817315121]}},{"type":"Feature","properties":{"treeNo":"2054","plot":"Plot 2","coordinateSource":"Plot2.gpkg/Plot2","coordinateVersion":"plot2-original-approved-2026-08-12"},"geometry":{"type":"Point","coordinates":[77.0774699911,10.4817297645]}},{"type":"Feature","properties":{"treeNo":"2055","plot":"Plot 2","coordinateSource":"Plot2.gpkg/Plot2","coordinateVersion":"plot2-original-approved-2026-08-12"},"geometry":{"type":"Point","coordinates":[77.0773981734,10.481731353]}},{"type":"Feature","properties":{"treeNo":"2056","plot":"Plot 2","coordinateSource":"Plot2.gpkg/Plot2","coordinateVersion":"plot2-original-approved-2026-08-12"},"geometry":{"type":"Point","coordinates":[77.0773263706,10.4817351806]}},{"type":"Feature","properties":{"treeNo":"2057","plot":"Plot 2","coordinateSource":"Plot2.gpkg/Plot2","coordinateVersion":"plot2-original-approved-2026-08-12"},"geometry":{"type":"Point","coordinates":[77.0772534032,10.4817339778]}},{"type":"Feature","properties":{"treeNo":"2058","plot":"Plot 2","coordinateSource":"Plot2.gpkg/Plot2","coordinateVersion":"plot2-original-approved-2026-08-12"},"geometry":{"type":"Point","coordinates":[77.0771742519,10.4817384131]}},{"type":"Feature","properties":{"treeNo":"2059","plot":"Plot 2","coordinateSource":"Plot2.gpkg/Plot2","coordinateVersion":"plot2-original-approved-2026-08-12"},"geometry":{"type":"Point","coordinates":[77.077101277,10.4817360908]}},{"type":"Feature","properties":{"treeNo":"2060","plot":"Plot 2","coordinateSource":"Plot2.gpkg/Plot2","coordinateVersion":"plot2-original-approved-2026-08-12"},"geometry":{"type":"Point","coordinates":[77.0770266501,10.4817404965]}},{"type":"Feature","properties":{"treeNo":"2061","plot":"Plot 2","coordinateSource":"Plot2.gpkg/Plot2","coordinateVersion":"plot2-original-approved-2026-08-12"},"geometry":{"type":"Point","coordinates":[77.076955439,10.4817482384]}},{"type":"Feature","properties":{"treeNo":"2062","plot":"Plot 2","coordinateSource":"Plot2.gpkg/Plot2","coordinateVersion":"plot2-original-approved-2026-08-12"},"geometry":{"type":"Point","coordinates":[77.076962707,10.4818204004]}},{"type":"Feature","properties":{"treeNo":"2063","plot":"Plot 2","coordinateSource":"Plot2.gpkg/Plot2","coordinateVersion":"plot2-original-approved-2026-08-12"},"geometry":{"type":"Point","coordinates":[77.0770373375,10.4818165545]}},{"type":"Feature","properties":{"treeNo":"2064","plot":"Plot 2","coordinateSource":"Plot2.gpkg/Plot2","coordinateVersion":"plot2-original-approved-2026-08-12"},"geometry":{"type":"Point","coordinates":[77.0771142527,10.4818160522]}},{"type":"Feature","properties":{"treeNo":"2065","plot":"Plot 2","coordinateSource":"Plot2.gpkg/Plot2","coordinateVersion":"plot2-original-approved-2026-08-12"},"geometry":{"type":"Point","coordinates":[77.077186063,10.4818133442]}},{"type":"Feature","properties":{"treeNo":"2066","plot":"Plot 2","coordinateSource":"Plot2.gpkg/Plot2","coordinateVersion":"plot2-original-approved-2026-08-12"},"geometry":{"type":"Point","coordinates":[77.0772612629,10.4818100543]}},{"type":"Feature","properties":{"treeNo":"2067","plot":"Plot 2","coordinateSource":"Plot2.gpkg/Plot2","coordinateVersion":"plot2-original-approved-2026-08-12"},"geometry":{"type":"Point","coordinates":[77.0773342266,10.4818106973]}},{"type":"Feature","properties":{"treeNo":"2068","plot":"Plot 2","coordinateSource":"Plot2.gpkg/Plot2","coordinateVersion":"plot2-original-approved-2026-08-12"},"geometry":{"type":"Point","coordinates":[77.0774099995,10.4818085232]}},{"type":"Feature","properties":{"treeNo":"2069","plot":"Plot 2","coordinateSource":"Plot2.gpkg/Plot2","coordinateVersion":"plot2-original-approved-2026-08-12"},"geometry":{"type":"Point","coordinates":[77.0774851919,10.4818041137]}},{"type":"Feature","properties":{"treeNo":"2070","plot":"Plot 2","coordinateSource":"Plot2.gpkg/Plot2","coordinateVersion":"plot2-original-approved-2026-08-12"},"geometry":{"type":"Point","coordinates":[77.077557564,10.4818008422]}},{"type":"Feature","properties":{"treeNo":"2071","plot":"Plot 2","coordinateSource":"Plot2.gpkg/Plot2","coordinateVersion":"plot2-original-approved-2026-08-12"},"geometry":{"type":"Point","coordinates":[77.0776367488,10.4818014445]}},{"type":"Feature","properties":{"treeNo":"2072","plot":"Plot 2","coordinateSource":"Plot2.gpkg/Plot2","coordinateVersion":"plot2-original-approved-2026-08-12"},"geometry":{"type":"Point","coordinates":[77.0777074242,10.481798184]}},{"type":"Feature","properties":{"treeNo":"2073","plot":"Plot 2","coordinateSource":"Plot2.gpkg/Plot2","coordinateVersion":"plot2-original-approved-2026-08-12"},"geometry":{"type":"Point","coordinates":[77.077783729,10.4817909684]}},{"type":"Feature","properties":{"treeNo":"2074","plot":"Plot 2","coordinateSource":"Plot2.gpkg/Plot2","coordinateVersion":"plot2-original-approved-2026-08-12"},"geometry":{"type":"Point","coordinates":[77.0778612172,10.4817915818]}},{"type":"Feature","properties":{"treeNo":"2075","plot":"Plot 2","coordinateSource":"Plot2.gpkg/Plot2","coordinateVersion":"plot2-original-approved-2026-08-12"},"geometry":{"type":"Point","coordinates":[77.0779330386,10.4817905528]}},{"type":"Feature","properties":{"treeNo":"2076","plot":"Plot 2","coordinateSource":"Plot2.gpkg/Plot2","coordinateVersion":"plot2-original-approved-2026-08-12"},"geometry":{"type":"Point","coordinates":[77.0780071092,10.48178755]}},{"type":"Feature","properties":{"treeNo":"2077","plot":"Plot 2","coordinateSource":"Plot2.gpkg/Plot2","coordinateVersion":"plot2-original-approved-2026-08-12"},"geometry":{"type":"Point","coordinates":[77.0780579958,10.4817852583]}},{"type":"Feature","properties":{"treeNo":"2078","plot":"Plot 2","coordinateSource":"Plot2.gpkg/Plot2","coordinateVersion":"plot2-original-approved-2026-08-12"},"geometry":{"type":"Point","coordinates":[77.0780194543,10.4818577196]}},{"type":"Feature","properties":{"treeNo":"2079","plot":"Plot 2","coordinateSource":"Plot2.gpkg/Plot2","coordinateVersion":"plot2-original-approved-2026-08-12"},"geometry":{"type":"Point","coordinates":[77.0779476553,10.481862107]}},{"type":"Feature","properties":{"treeNo":"2080","plot":"Plot 2","coordinateSource":"Plot2.gpkg/Plot2","coordinateVersion":"plot2-original-approved-2026-08-12"},"geometry":{"type":"Point","coordinates":[77.077871315,10.4818640051]}},{"type":"Feature","properties":{"treeNo":"2081","plot":"Plot 2","coordinateSource":"Plot2.gpkg/Plot2","coordinateVersion":"plot2-original-approved-2026-08-12"},"geometry":{"type":"Point","coordinates":[77.0777913042,10.4818667669]}},{"type":"Feature","properties":{"treeNo":"2082","plot":"Plot 2","coordinateSource":"Plot2.gpkg/Plot2","coordinateVersion":"plot2-original-approved-2026-08-12"},"geometry":{"type":"Point","coordinates":[77.0777211962,10.4818703035]}},{"type":"Feature","properties":{"treeNo":"2083","plot":"Plot 2","coordinateSource":"Plot2.gpkg/Plot2","coordinateVersion":"plot2-original-approved-2026-08-12"},"geometry":{"type":"Point","coordinates":[77.0776428728,10.4818716548]}},{"type":"Feature","properties":{"treeNo":"2084","plot":"Plot 2","coordinateSource":"Plot2.gpkg/Plot2","coordinateVersion":"plot2-original-approved-2026-08-12"},"geometry":{"type":"Point","coordinates":[77.0775685026,10.4818721406]}},{"type":"Feature","properties":{"treeNo":"2085","plot":"Plot 2","coordinateSource":"Plot2.gpkg/Plot2","coordinateVersion":"plot2-original-approved-2026-08-12"},"geometry":{"type":"Point","coordinates":[77.0774961454,10.4818776511]}},{"type":"Feature","properties":{"treeNo":"2086","plot":"Plot 2","coordinateSource":"Plot2.gpkg/Plot2","coordinateVersion":"plot2-original-approved-2026-08-12"},"geometry":{"type":"Point","coordinates":[77.0774197958,10.4818781497]}},{"type":"Feature","properties":{"treeNo":"2087","plot":"Plot 2","coordinateSource":"Plot2.gpkg/Plot2","coordinateVersion":"plot2-original-approved-2026-08-12"},"geometry":{"type":"Point","coordinates":[77.0773474423,10.4818842199]}},{"type":"Feature","properties":{"treeNo":"2088","plot":"Plot 2","coordinateSource":"Plot2.gpkg/Plot2","coordinateVersion":"plot2-original-approved-2026-08-12"},"geometry":{"type":"Point","coordinates":[77.0772744636,10.481881338]}},{"type":"Feature","properties":{"treeNo":"2089","plot":"Plot 2","coordinateSource":"Plot2.gpkg/Plot2","coordinateVersion":"plot2-original-approved-2026-08-12"},"geometry":{"type":"Point","coordinates":[77.0772026571,10.4818846057]}},{"type":"Feature","properties":{"treeNo":"2090","plot":"Plot 2","coordinateSource":"Plot2.gpkg/Plot2","coordinateVersion":"plot2-original-approved-2026-08-12"},"geometry":{"type":"Point","coordinates":[77.0771201013,10.4818873839]}},{"type":"Feature","properties":{"treeNo":"2091","plot":"Plot 2","coordinateSource":"Plot2.gpkg/Plot2","coordinateVersion":"plot2-original-approved-2026-08-12"},"geometry":{"type":"Point","coordinates":[77.0770477441,10.4818928943]}},{"type":"Feature","properties":{"treeNo":"2092","plot":"Plot 2","coordinateSource":"Plot2.gpkg/Plot2","coordinateVersion":"plot2-original-approved-2026-08-12"},"geometry":{"type":"Point","coordinates":[77.0769725404,10.4818956244]}},{"type":"Feature","properties":{"treeNo":"2093","plot":"Plot 2","coordinateSource":"Plot2.gpkg/Plot2","coordinateVersion":"plot2-original-approved-2026-08-12"},"geometry":{"type":"Point","coordinates":[77.0770404737,10.4819900607]}},{"type":"Feature","properties":{"treeNo":"2094","plot":"Plot 2","coordinateSource":"Plot2.gpkg/Plot2","coordinateVersion":"plot2-original-approved-2026-08-12"},"geometry":{"type":"Point","coordinates":[77.0771077093,10.4819798258]}},{"type":"Feature","properties":{"treeNo":"2095","plot":"Plot 2","coordinateSource":"Plot2.gpkg/Plot2","coordinateVersion":"plot2-original-approved-2026-08-12"},"geometry":{"type":"Point","coordinates":[77.077186044,10.4819801539]}},{"type":"Feature","properties":{"treeNo":"2096","plot":"Plot 2","coordinateSource":"Plot2.gpkg/Plot2","coordinateVersion":"plot2-original-approved-2026-08-12"},"geometry":{"type":"Point","coordinates":[77.0772657478,10.4819737558]}},{"type":"Feature","properties":{"treeNo":"2097","plot":"Plot 2","coordinateSource":"Plot2.gpkg/Plot2","coordinateVersion":"plot2-original-approved-2026-08-12"},"geometry":{"type":"Point","coordinates":[77.077323717,10.4819733773]}},{"type":"Feature","properties":{"treeNo":"2098","plot":"Plot 2","coordinateSource":"Plot2.gpkg/Plot2","coordinateVersion":"plot2-original-approved-2026-08-12"},"geometry":{"type":"Point","coordinates":[77.0774014954,10.4819751083]}},{"type":"Feature","properties":{"treeNo":"2099","plot":"Plot 2","coordinateSource":"Plot2.gpkg/Plot2","coordinateVersion":"plot2-original-approved-2026-08-12"},"geometry":{"type":"Point","coordinates":[77.0774786953,10.481974884]}},{"type":"Feature","properties":{"treeNo":"2100","plot":"Plot 2","coordinateSource":"Plot2.gpkg/Plot2","coordinateVersion":"plot2-original-approved-2026-08-12"},"geometry":{"type":"Point","coordinates":[77.0775578634,10.4819729675]}},{"type":"Feature","properties":{"treeNo":"2101","plot":"Plot 2","coordinateSource":"Plot2.gpkg/Plot2","coordinateVersion":"plot2-original-approved-2026-08-12"},"geometry":{"type":"Point","coordinates":[77.0776237484,10.4819722572]}},{"type":"Feature","properties":{"treeNo":"2102","plot":"Plot 2","coordinateSource":"Plot2.gpkg/Plot2","coordinateVersion":"plot2-original-approved-2026-08-12"},"geometry":{"type":"Point","coordinates":[77.0776983977,10.4819712099]}},{"type":"Feature","properties":{"treeNo":"2103","plot":"Plot 2","coordinateSource":"Plot2.gpkg/Plot2","coordinateVersion":"plot2-original-approved-2026-08-12"},"geometry":{"type":"Point","coordinates":[77.0777736125,10.4819701588]}},{"type":"Feature","properties":{"treeNo":"2104","plot":"Plot 2","coordinateSource":"Plot2.gpkg/Plot2","coordinateVersion":"plot2-original-approved-2026-08-12"},"geometry":{"type":"Point","coordinates":[77.0778629213,10.4819622984]}},{"type":"Feature","properties":{"treeNo":"2105","plot":"Plot 2","coordinateSource":"Plot2.gpkg/Plot2","coordinateVersion":"plot2-original-approved-2026-08-12"},"geometry":{"type":"Point","coordinates":[77.0779347689,10.4819651876]}},{"type":"Feature","properties":{"treeNo":"2106","plot":"Plot 2","coordinateSource":"Plot2.gpkg/Plot2","coordinateVersion":"plot2-original-approved-2026-08-12"},"geometry":{"type":"Point","coordinates":[77.0779981444,10.4819698115]}},{"type":"Feature","properties":{"treeNo":"2107","plot":"Plot 2","coordinateSource":"Plot2.gpkg/Plot2","coordinateVersion":"plot2-original-approved-2026-08-12"},"geometry":{"type":"Point","coordinates":[77.0779633713,10.4820137002]}},{"type":"Feature","properties":{"treeNo":"2108","plot":"Plot 2","coordinateSource":"Plot2.gpkg/Plot2","coordinateVersion":"plot2-original-approved-2026-08-12"},"geometry":{"type":"Point","coordinates":[77.0778898345,10.4820119415]}},{"type":"Feature","properties":{"treeNo":"2109","plot":"Plot 2","coordinateSource":"Plot2.gpkg/Plot2","coordinateVersion":"plot2-original-approved-2026-08-12"},"geometry":{"type":"Point","coordinates":[77.0778140542,10.4820129964]}},{"type":"Feature","properties":{"treeNo":"2110","plot":"Plot 2","coordinateSource":"Plot2.gpkg/Plot2","coordinateVersion":"plot2-original-approved-2026-08-12"},"geometry":{"type":"Point","coordinates":[77.0777382999,10.4820179693]}},{"type":"Feature","properties":{"treeNo":"2111","plot":"Plot 2","coordinateSource":"Plot2.gpkg/Plot2","coordinateVersion":"plot2-original-approved-2026-08-12"},"geometry":{"type":"Point","coordinates":[77.0776675983,10.4820173116]}},{"type":"Feature","properties":{"treeNo":"2112","plot":"Plot 2","coordinateSource":"Plot2.gpkg/Plot2","coordinateVersion":"plot2-original-approved-2026-08-12"},"geometry":{"type":"Point","coordinates":[77.0775901437,10.4820217359]}},{"type":"Feature","properties":{"treeNo":"2113","plot":"Plot 2","coordinateSource":"Plot2.gpkg/Plot2","coordinateVersion":"plot2-original-approved-2026-08-12"},"geometry":{"type":"Point","coordinates":[77.0775149065,10.4820194285]}},{"type":"Feature","properties":{"treeNo":"2114","plot":"Plot 2","coordinateSource":"Plot2.gpkg/Plot2","coordinateVersion":"plot2-original-approved-2026-08-12"},"geometry":{"type":"Point","coordinates":[77.0774385941,10.4820255246]}},{"type":"Feature","properties":{"treeNo":"2115","plot":"Plot 2","coordinateSource":"Plot2.gpkg/Plot2","coordinateVersion":"plot2-original-approved-2026-08-12"},"geometry":{"type":"Point","coordinates":[77.077365076,10.4820265645]}},{"type":"Feature","properties":{"treeNo":"2116","plot":"Plot 2","coordinateSource":"Plot2.gpkg/Plot2","coordinateVersion":"plot2-original-approved-2026-08-12"},"geometry":{"type":"Point","coordinates":[77.077289303,10.4820287387]}},{"type":"Feature","properties":{"treeNo":"2117","plot":"Plot 2","coordinateSource":"Plot2.gpkg/Plot2","coordinateVersion":"plot2-original-approved-2026-08-12"},"geometry":{"type":"Point","coordinates":[77.0772175039,10.482033126]}},{"type":"Feature","properties":{"treeNo":"2118","plot":"Plot 2","coordinateSource":"Plot2.gpkg/Plot2","coordinateVersion":"plot2-original-approved-2026-08-12"},"geometry":{"type":"Point","coordinates":[77.0771439783,10.4820330464]}},{"type":"Feature","properties":{"treeNo":"2119","plot":"Plot 2","coordinateSource":"Plot2.gpkg/Plot2","coordinateVersion":"plot2-original-approved-2026-08-12"},"geometry":{"type":"Point","coordinates":[77.0770670742,10.4820352279]}},{"type":"Feature","properties":{"treeNo":"2120","plot":"Plot 2","coordinateSource":"Plot2.gpkg/Plot2","coordinateVersion":"plot2-original-approved-2026-08-12"},"geometry":{"type":"Point","coordinates":[77.0770145151,10.4820411687]}},{"type":"Feature","properties":{"treeNo":"2121","plot":"Plot 2","coordinateSource":"Plot2.gpkg/Plot2","coordinateVersion":"plot2-original-approved-2026-08-12"},"geometry":{"type":"Point","coordinates":[77.0770200491,10.4821077445]}},{"type":"Feature","properties":{"treeNo":"2122","plot":"Plot 2","coordinateSource":"Plot2.gpkg/Plot2","coordinateVersion":"plot2-original-approved-2026-08-12"},"geometry":{"type":"Point","coordinates":[77.0770833986,10.4821084503]}},{"type":"Feature","properties":{"treeNo":"2123","plot":"Plot 2","coordinateSource":"Plot2.gpkg/Plot2","coordinateVersion":"plot2-original-approved-2026-08-12"},"geometry":{"type":"Point","coordinates":[77.0771529504,10.4821063168]}},{"type":"Feature","properties":{"treeNo":"2124","plot":"Plot 2","coordinateSource":"Plot2.gpkg/Plot2","coordinateVersion":"plot2-original-approved-2026-08-12"},"geometry":{"type":"Point","coordinates":[77.0772281541,10.4821035866]}},{"type":"Feature","properties":{"treeNo":"2125","plot":"Plot 2","coordinateSource":"Plot2.gpkg/Plot2","coordinateVersion":"plot2-original-approved-2026-08-12"},"geometry":{"type":"Point","coordinates":[77.0773061892,10.4821013977]}},{"type":"Feature","properties":{"treeNo":"2126","plot":"Plot 2","coordinateSource":"Plot2.gpkg/Plot2","coordinateVersion":"plot2-original-approved-2026-08-12"},"geometry":{"type":"Point","coordinates":[77.0773791419,10.4821003615]}},{"type":"Feature","properties":{"treeNo":"2127","plot":"Plot 2","coordinateSource":"Plot2.gpkg/Plot2","coordinateVersion":"plot2-original-approved-2026-08-12"},"geometry":{"type":"Point","coordinates":[77.0774492668,10.4820993437]}},{"type":"Feature","properties":{"treeNo":"2128","plot":"Plot 2","coordinateSource":"Plot2.gpkg/Plot2","coordinateVersion":"plot2-original-approved-2026-08-12"},"geometry":{"type":"Point","coordinates":[77.0775267177,10.4820943597]}},{"type":"Feature","properties":{"treeNo":"2129","plot":"Plot 2","coordinateSource":"Plot2.gpkg/Plot2","coordinateVersion":"plot2-original-approved-2026-08-12"},"geometry":{"type":"Point","coordinates":[77.0776030748,10.4820949805]}},{"type":"Feature","properties":{"treeNo":"2130","plot":"Plot 2","coordinateSource":"Plot2.gpkg/Plot2","coordinateVersion":"plot2-original-approved-2026-08-12"},"geometry":{"type":"Point","coordinates":[77.0776793984,10.4820905636]}},{"type":"Feature","properties":{"treeNo":"2131","plot":"Plot 2","coordinateSource":"Plot2.gpkg/Plot2","coordinateVersion":"plot2-original-approved-2026-08-12"},"geometry":{"type":"Point","coordinates":[77.0777540215,10.482085598]}},{"type":"Feature","properties":{"treeNo":"2132","plot":"Plot 2","coordinateSource":"Plot2.gpkg/Plot2","coordinateVersion":"plot2-original-approved-2026-08-12"},"geometry":{"type":"Point","coordinates":[77.0778264198,10.4820862446]}},{"type":"Feature","properties":{"treeNo":"2133","plot":"Plot 2","coordinateSource":"Plot2.gpkg/Plot2","coordinateVersion":"plot2-original-approved-2026-08-12"},"geometry":{"type":"Point","coordinates":[77.0778982488,10.4820863351]}},{"type":"Feature","properties":{"treeNo":"2134","plot":"Plot 2","coordinateSource":"Plot2.gpkg/Plot2","coordinateVersion":"plot2-original-approved-2026-08-12"},"geometry":{"type":"Point","coordinates":[77.0779768644,10.4820863812]}},{"type":"Feature","properties":{"treeNo":"2135","plot":"Plot 2","coordinateSource":"Plot2.gpkg/Plot2","coordinateVersion":"plot2-original-approved-2026-08-12"},"geometry":{"type":"Point","coordinates":[77.0779875072,10.4821557224]}},{"type":"Feature","properties":{"treeNo":"2136","plot":"Plot 2","coordinateSource":"Plot2.gpkg/Plot2","coordinateVersion":"plot2-original-approved-2026-08-12"},"geometry":{"type":"Point","coordinates":[77.0779145733,10.4821595574]}},{"type":"Feature","properties":{"treeNo":"2137","plot":"Plot 2","coordinateSource":"Plot2.gpkg/Plot2","coordinateVersion":"plot2-original-approved-2026-08-12"},"geometry":{"type":"Point","coordinates":[77.0778433173,10.4821605827]}},{"type":"Feature","properties":{"treeNo":"2138","plot":"Plot 2","coordinateSource":"Plot2.gpkg/Plot2","coordinateVersion":"plot2-original-approved-2026-08-12"},"geometry":{"type":"Point","coordinates":[77.0777624619,10.4821639097]}},{"type":"Feature","properties":{"treeNo":"2139","plot":"Plot 2","coordinateSource":"Plot2.gpkg/Plot2","coordinateVersion":"plot2-original-approved-2026-08-12"},"geometry":{"type":"Point","coordinates":[77.0776912208,10.4821671739]}},{"type":"Feature","properties":{"treeNo":"2140","plot":"Plot 2","coordinateSource":"Plot2.gpkg/Plot2","coordinateVersion":"plot2-original-approved-2026-08-12"},"geometry":{"type":"Point","coordinates":[77.0776103392,10.4821665827]}},{"type":"Feature","properties":{"treeNo":"2141","plot":"Plot 2","coordinateSource":"Plot2.gpkg/Plot2","coordinateVersion":"plot2-original-approved-2026-08-12"},"geometry":{"type":"Point","coordinates":[77.0775340082,10.4821698801]}},{"type":"Feature","properties":{"treeNo":"2142","plot":"Plot 2","coordinateSource":"Plot2.gpkg/Plot2","coordinateVersion":"plot2-original-approved-2026-08-12"},"geometry":{"type":"Point","coordinates":[77.0774638796,10.4821703382]}},{"type":"Feature","properties":{"treeNo":"2143","plot":"Plot 2","coordinateSource":"Plot2.gpkg/Plot2","coordinateVersion":"plot2-original-approved-2026-08-12"},"geometry":{"type":"Point","coordinates":[77.0773835934,10.4821742212]}},{"type":"Feature","properties":{"treeNo":"2144","plot":"Plot 2","coordinateSource":"Plot2.gpkg/Plot2","coordinateVersion":"plot2-original-approved-2026-08-12"},"geometry":{"type":"Point","coordinates":[77.0773095134,10.4821758245]}},{"type":"Feature","properties":{"treeNo":"2145","plot":"Plot 2","coordinateSource":"Plot2.gpkg/Plot2","coordinateVersion":"plot2-original-approved-2026-08-12"},"geometry":{"type":"Point","coordinates":[77.0772365831,10.4821802192]}},{"type":"Feature","properties":{"treeNo":"2146","plot":"Plot 2","coordinateSource":"Plot2.gpkg/Plot2","coordinateVersion":"plot2-original-approved-2026-08-12"},"geometry":{"type":"Point","coordinates":[77.0771630686,10.4821818188]}},{"type":"Feature","properties":{"treeNo":"2147","plot":"Plot 2","coordinateSource":"Plot2.gpkg/Plot2","coordinateVersion":"plot2-original-approved-2026-08-12"},"geometry":{"type":"Point","coordinates":[77.0770941084,10.4821878668]}},{"type":"Feature","properties":{"treeNo":"2148","plot":"Plot 2","coordinateSource":"Plot2.gpkg/Plot2","coordinateVersion":"plot2-original-approved-2026-08-12"},"geometry":{"type":"Point","coordinates":[77.0770307291,10.482182683]}},{"type":"Feature","properties":{"treeNo":"2149","plot":"Plot 2","coordinateSource":"Plot2.gpkg/Plot2","coordinateVersion":"plot2-original-approved-2026-08-12"},"geometry":{"type":"Point","coordinates":[77.0770306598,10.482257132]}},{"type":"Feature","properties":{"treeNo":"2150","plot":"Plot 2","coordinateSource":"Plot2.gpkg/Plot2","coordinateVersion":"plot2-original-approved-2026-08-12"},"geometry":{"type":"Point","coordinates":[77.0771013578,10.4822572301]}},{"type":"Feature","properties":{"treeNo":"2151","plot":"Plot 2","coordinateSource":"Plot2.gpkg/Plot2","coordinateVersion":"plot2-original-approved-2026-08-12"},"geometry":{"type":"Point","coordinates":[77.0771720147,10.4822511711]}},{"type":"Feature","properties":{"treeNo":"2152","plot":"Plot 2","coordinateSource":"Plot2.gpkg/Plot2","coordinateVersion":"plot2-original-approved-2026-08-12"},"geometry":{"type":"Point","coordinates":[77.0772460985,10.4822501275]}},{"type":"Feature","properties":{"treeNo":"2153","plot":"Plot 2","coordinateSource":"Plot2.gpkg/Plot2","coordinateVersion":"plot2-original-approved-2026-08-12"},"geometry":{"type":"Point","coordinates":[77.0773252834,10.4822507298]}},{"type":"Feature","properties":{"treeNo":"2154","plot":"Plot 2","coordinateSource":"Plot2.gpkg/Plot2","coordinateVersion":"plot2-original-approved-2026-08-12"},"geometry":{"type":"Point","coordinates":[77.077394266,10.4822480402]}},{"type":"Feature","properties":{"treeNo":"2155","plot":"Plot 2","coordinateSource":"Plot2.gpkg/Plot2","coordinateVersion":"plot2-original-approved-2026-08-12"},"geometry":{"type":"Point","coordinates":[77.0774694884,10.4822481087]}},{"type":"Feature","properties":{"treeNo":"2156","plot":"Plot 2","coordinateSource":"Plot2.gpkg/Plot2","coordinateVersion":"plot2-original-approved-2026-08-12"},"geometry":{"type":"Point","coordinates":[77.0775469356,10.4822425649]}},{"type":"Feature","properties":{"treeNo":"2157","plot":"Plot 2","coordinateSource":"Plot2.gpkg/Plot2","coordinateVersion":"plot2-original-approved-2026-08-12"},"geometry":{"type":"Point","coordinates":[77.0776272479,10.4822426001]}},{"type":"Feature","properties":{"treeNo":"2158","plot":"Plot 2","coordinateSource":"Plot2.gpkg/Plot2","coordinateVersion":"plot2-original-approved-2026-08-12"},"geometry":{"type":"Point","coordinates":[77.0776990657,10.4822410114]}},{"type":"Feature","properties":{"treeNo":"2159","plot":"Plot 2","coordinateSource":"Plot2.gpkg/Plot2","coordinateVersion":"plot2-original-approved-2026-08-12"},"geometry":{"type":"Point","coordinates":[77.077770906,10.4822427812]}},{"type":"Feature","properties":{"treeNo":"2160","plot":"Plot 2","coordinateSource":"Plot2.gpkg/Plot2","coordinateVersion":"plot2-original-approved-2026-08-12"},"geometry":{"type":"Point","coordinates":[77.0778472146,10.4822361253]}},{"type":"Feature","properties":{"treeNo":"2161","plot":"Plot 2","coordinateSource":"Plot2.gpkg/Plot2","coordinateVersion":"plot2-original-approved-2026-08-12"},"geometry":{"type":"Point","coordinates":[77.077920156,10.4822334097]}},{"type":"Feature","properties":{"treeNo":"2162","plot":"Plot 2","coordinateSource":"Plot2.gpkg/Plot2","coordinateVersion":"plot2-original-approved-2026-08-12"},"geometry":{"type":"Point","coordinates":[77.077986322,10.4822324177]}},{"type":"Feature","properties":{"treeNo":"1209.1","plot":"Plot 2","coordinateSource":"Plot2.gpkg/Plot2","coordinateVersion":"plot2-original-approved-2026-08-12"},"geometry":{"type":"Point","coordinates":[77.0783617794,10.4816259801]}},{"type":"Feature","properties":{"treeNo":"1118.1","plot":"Plot 2","coordinateSource":"Plot2.gpkg/Plot2","coordinateVersion":"plot2-original-approved-2026-08-12"},"geometry":{"type":"Point","coordinates":[77.0784996886,10.4819831177]}},{"type":"Feature","properties":{"treeNo":"1123.1","plot":"Plot 2","coordinateSource":"Plot2.gpkg/Plot2","coordinateVersion":"plot2-original-approved-2026-08-12"},"geometry":{"type":"Point","coordinates":[77.0784975644,10.4819206135]}},{"type":"Feature","properties":{"treeNo":"1165.1","plot":"Plot 2","coordinateSource":"Plot2.gpkg/Plot2","coordinateVersion":"plot2-original-approved-2026-08-12"},"geometry":{"type":"Point","coordinates":[77.0784919545,10.4818474309]}},{"type":"Feature","properties":{"treeNo":"1166","plot":"Plot 2","coordinateSource":"Plot2.gpkg/Plot2","coordinateVersion":"plot2-original-approved-2026-08-12"},"geometry":{"type":"Point","coordinates":[77.0784806579,10.4817748487]}},{"type":"Feature","properties":{"treeNo":"1119.1","plot":"Plot 2","coordinateSource":"Plot2.gpkg/Plot2","coordinateVersion":"plot2-original-approved-2026-08-12"},"geometry":{"type":"Point","coordinates":[77.0782765429,10.4820155532]}},{"type":"Feature","properties":{"treeNo":"1277","plot":"Plot 2","coordinateSource":"Plot2.gpkg/Plot2","coordinateVersion":"plot2-original-approved-2026-08-12"},"geometry":{"type":"Point","coordinates":[77.0798275448,10.4813597948]}},{"type":"Feature","properties":{"treeNo":"1749","plot":"Plot 2","coordinateSource":"Plot2.gpkg/Plot2","coordinateVersion":"plot2-original-approved-2026-08-12"},"geometry":{"type":"Point","coordinates":[77.0782245294,10.4805176653]}}]}
