{"type":"FeatureCollection","name":"Muthu_Farms_Jackfruit_Tree_Coordinates_Revision_04_Field_Audit_2026","crs":{"type":"name","properties":{"name":"urn:ogc:def:crs:OGC:1.3:CRS84"}},"features":[{"type":"Feature","properties":{"crop":"Jackfruit","treeNo":"1","canonicalId":"jackfruit:1"},"geometry":{"type":"Point","coordinates":[77.07926572406667,10.479915607502749]}},{"type":"Feature","properties":{"crop":"Jackfruit","treeNo":"2","canonicalId":"jackfruit:2"},"geometry":{"type":"Point","coordinates":[77.07919910383988,10.479875709900183]}},{"type":"Feature","properties":{"crop":"Jackfruit","treeNo":"3","canonicalId":"jackfruit:3"},"geometry":{"type":"Point","coordinates":[77.07908758476499,10.479860405419148]}},{"type":"Feature","properties":{"crop":"Jackfruit","treeNo":"4","canonicalId":"jackfruit:4"},"geometry":{"type":"Point","coordinates":[77.07903381053906,10.4798616898973]}},{"type":"Feature","properties":{"crop":"Jackfruit","treeNo":"5","canonicalId":"jackfruit:5"},"geometry":{"type":"Point","coordinates":[77.07886770178398,10.47983353681525]}},{"type":"Feature","properties":{"crop":"Jackfruit","treeNo":"6","canonicalId":"jackfruit:6"},"geometry":{"type":"Point","coordinates":[77.07875832065041,10.479865122283401]}},{"type":"Feature","properties":{"crop":"Jackfruit","treeNo":"7","canonicalId":"jackfruit:7"},"geometry":{"type":"Point","coordinates":[77.07869820348724,10.4798551307081]}},{"type":"Feature","properties":{"crop":"Jackfruit","treeNo":"8","canonicalId":"jackfruit:8"},"geometry":{"type":"Point","coordinates":[77.07864125630444,10.479850604619228]}},{"type":"Feature","properties":{"crop":"Jackfruit","treeNo":"9","canonicalId":"jackfruit:9"},"geometry":{"type":"Point","coordinates":[77.07858674666248,10.479847071103947]}},{"type":"Feature","properties":{"crop":"Jackfruit","treeNo":"10","canonicalId":"jackfruit:10"},"geometry":{"type":"Point","coordinates":[77.07854305459281,10.479890966149831]}},{"type":"Feature","properties":{"crop":"Jackfruit","treeNo":"11","canonicalId":"jackfruit:11"},"geometry":{"type":"Point","coordinates":[77.0784871689996,10.4798888368722]}},{"type":"Feature","properties":{"crop":"Jackfruit","treeNo":"12","canonicalId":"jackfruit:12"},"geometry":{"type":"Point","coordinates":[77.07842184461933,10.479878591148656]}},{"type":"Feature","properties":{"crop":"Jackfruit","treeNo":"13","canonicalId":"jackfruit:13"},"geometry":{"type":"Point","coordinates":[77.07836154367425,10.479847209331538]}},{"type":"Feature","properties":{"crop":"Jackfruit","treeNo":"14","canonicalId":"jackfruit:14"},"geometry":{"type":"Point","coordinates":[77.07831929568424,10.47989763516552]}},{"type":"Feature","properties":{"crop":"Jackfruit","treeNo":"15","canonicalId":"jackfruit:15"},"geometry":{"type":"Point","coordinates":[77.07825163453722,10.479898126917629]}},{"type":"Feature","properties":{"crop":"Jackfruit","treeNo":"16","canonicalId":"jackfruit:16"},"geometry":{"type":"Point","coordinates":[77.07813948970585,10.479890769283713]}},{"type":"Feature","properties":{"crop":"Jackfruit","treeNo":"17","canonicalId":"jackfruit:17"},"geometry":{"type":"Point","coordinates":[77.0780801197835,10.479886975520774]}},{"type":"Feature","properties":{"crop":"Jackfruit","treeNo":"18","canonicalId":"jackfruit:18"},"geometry":{"type":"Point","coordinates":[77.07791514056173,10.479909525239863]}},{"type":"Feature","properties":{"crop":"Jackfruit","treeNo":"19","canonicalId":"jackfruit:19"},"geometry":{"type":"Point","coordinates":[77.07786229727289,10.479938397639176]}},{"type":"Feature","properties":{"crop":"Jackfruit","treeNo":"20","canonicalId":"jackfruit:20"},"geometry":{"type":"Point","coordinates":[77.07781348697628,10.479952017183399]}},{"type":"Feature","properties":{"crop":"Jackfruit","treeNo":"21","canonicalId":"jackfruit:21"},"geometry":{"type":"Point","coordinates":[77.07775094388424,10.4799827842565]}},{"type":"Feature","properties":{"crop":"Jackfruit","treeNo":"22","canonicalId":"jackfruit:22"},"geometry":{"type":"Point","coordinates":[77.07768755277883,10.479995623283228]}},{"type":"Feature","properties":{"crop":"Jackfruit","treeNo":"23","canonicalId":"jackfruit:23"},"geometry":{"type":"Point","coordinates":[77.0776344842312,10.47999827542292]}},{"type":"Feature","properties":{"crop":"Jackfruit","treeNo":"24","canonicalId":"jackfruit:24"},"geometry":{"type":"Point","coordinates":[77.07757619364924,10.479998948429047]}},{"type":"Feature","properties":{"crop":"Jackfruit","treeNo":"25","canonicalId":"jackfruit:25"},"geometry":{"type":"Point","coordinates":[77.07752104635891,10.480001981910396]}},{"type":"Feature","properties":{"crop":"Jackfruit","treeNo":"26","canonicalId":"jackfruit:26"},"geometry":{"type":"Point","coordinates":[77.07751917851206,10.479946115657013]}},{"type":"Feature","properties":{"crop":"Jackfruit","treeNo":"27","canonicalId":"jackfruit:27"},"geometry":{"type":"Point","coordinates":[77.07757465792623,10.479941351103236]}},{"type":"Feature","properties":{"crop":"Jackfruit","treeNo":"28","canonicalId":"jackfruit:28"},"geometry":{"type":"Point","coordinates":[77.07762281286243,10.479932228752306]}},{"type":"Feature","properties":{"crop":"Jackfruit","treeNo":"29","canonicalId":"jackfruit:29"},"geometry":{"type":"Point","coordinates":[77.07767800755072,10.479934715303823]}},{"type":"Feature","properties":{"crop":"Jackfruit","treeNo":"30","canonicalId":"jackfruit:30"},"geometry":{"type":"Point","coordinates":[77.07774318970118,10.47992840103941]}},{"type":"Feature","properties":{"crop":"Jackfruit","treeNo":"31","canonicalId":"jackfruit:31"},"geometry":{"type":"Point","coordinates":[77.07779382979878,10.479885419894742]}},{"type":"Feature","properties":{"crop":"Jackfruit","treeNo":"32","canonicalId":"jackfruit:32"},"geometry":{"type":"Point","coordinates":[77.07790911221355,10.47985407672346]}},{"type":"Feature","properties":{"crop":"Jackfruit","treeNo":"33","canonicalId":"jackfruit:33"},"geometry":{"type":"Point","coordinates":[77.0779672010281,10.479870314865419]}},{"type":"Feature","properties":{"crop":"Jackfruit","treeNo":"34","canonicalId":"jackfruit:34"},"geometry":{"type":"Point","coordinates":[77.07801299544826,10.479869169946545]}},{"type":"Feature","properties":{"crop":"Jackfruit","treeNo":"35","canonicalId":"jackfruit:35"},"geometry":{"type":"Point","coordinates":[77.07812407885532,10.479833759387638]}},{"type":"Feature","properties":{"crop":"Jackfruit","treeNo":"36","canonicalId":"jackfruit:36"},"geometry":{"type":"Point","coordinates":[77.07819421902981,10.479839090293122]}},{"type":"Feature","properties":{"crop":"Jackfruit","treeNo":"37","canonicalId":"jackfruit:37"},"geometry":{"type":"Point","coordinates":[77.07824877610351,10.47984814392282]}},{"type":"Feature","properties":{"crop":"Jackfruit","treeNo":"38","canonicalId":"jackfruit:38"},"geometry":{"type":"Point","coordinates":[77.07831653801931,10.479859382270604]}},{"type":"Feature","properties":{"crop":"Jackfruit","treeNo":"39","canonicalId":"jackfruit:39"},"geometry":{"type":"Point","coordinates":[77.07836149046423,10.479800627886515]}},{"type":"Feature","properties":{"crop":"Jackfruit","treeNo":"40","canonicalId":"jackfruit:40"},"geometry":{"type":"Point","coordinates":[77.07841677107167,10.479813119395416]}},{"type":"Feature","properties":{"crop":"Jackfruit","treeNo":"41","canonicalId":"jackfruit:41"},"geometry":{"type":"Point","coordinates":[77.07846897063402,10.479830495477747]}},{"type":"Feature","properties":{"crop":"Jackfruit","treeNo":"42","canonicalId":"jackfruit:42"},"geometry":{"type":"Point","coordinates":[77.07852285752011,10.479842321202634]}},{"type":"Feature","properties":{"crop":"Jackfruit","treeNo":"43","canonicalId":"jackfruit:43"},"geometry":{"type":"Point","coordinates":[77.07857343225784,10.479791749895218]}},{"type":"Feature","properties":{"crop":"Jackfruit","treeNo":"44","canonicalId":"jackfruit:44"},"geometry":{"type":"Point","coordinates":[77.07863450132469,10.47979137323163]}},{"type":"Feature","properties":{"crop":"Jackfruit","treeNo":"45","canonicalId":"jackfruit:45"},"geometry":{"type":"Point","coordinates":[77.07869079017142,10.47980005147858]}},{"type":"Feature","properties":{"crop":"Jackfruit","treeNo":"46","canonicalId":"jackfruit:46"},"geometry":{"type":"Point","coordinates":[77.07874467112391,10.479811187159749]}},{"type":"Feature","properties":{"crop":"Jackfruit","treeNo":"47","canonicalId":"jackfruit:47"},"geometry":{"type":"Point","coordinates":[77.07878538587015,10.479784251775936]}},{"type":"Feature","properties":{"crop":"Jackfruit","treeNo":"48","canonicalId":"jackfruit:48"},"geometry":{"type":"Point","coordinates":[77.07884117953154,10.479775685919305]}},{"type":"Feature","properties":{"crop":"Jackfruit","treeNo":"49","canonicalId":"jackfruit:49"},"geometry":{"type":"Point","coordinates":[77.07891239017017,10.47978444851114]}},{"type":"Feature","properties":{"crop":"Jackfruit","treeNo":"50","canonicalId":"jackfruit:50"},"geometry":{"type":"Point","coordinates":[77.07896099572163,10.479787395003742]}},{"type":"Feature","properties":{"crop":"Jackfruit","treeNo":"51","canonicalId":"jackfruit:51"},"geometry":{"type":"Point","coordinates":[77.07902247694925,10.479794602264345]}},{"type":"Feature","properties":{"crop":"Jackfruit","treeNo":"52","canonicalId":"jackfruit:52"},"geometry":{"type":"Point","coordinates":[77.0791389066649,10.479816031964749]}},{"type":"Feature","properties":{"crop":"Jackfruit","treeNo":"53","canonicalId":"jackfruit:53"},"geometry":{"type":"Point","coordinates":[77.0792312404843,10.479789402431672]}},{"type":"Feature","properties":{"crop":"Jackfruit","treeNo":"54","canonicalId":"jackfruit:54"},"geometry":{"type":"Point","coordinates":[77.0791842421886,10.479771590559992]}},{"type":"Feature","properties":{"crop":"Jackfruit","treeNo":"55","canonicalId":"jackfruit:55"},"geometry":{"type":"Point","coordinates":[77.07889904382515,10.479735511392215]}},{"type":"Feature","properties":{"crop":"Jackfruit","treeNo":"56","canonicalId":"jackfruit:56"},"geometry":{"type":"Point","coordinates":[77.0788605028227,10.479712548434874]}},{"type":"Feature","properties":{"crop":"Jackfruit","treeNo":"57","canonicalId":"jackfruit:57"},"geometry":{"type":"Point","coordinates":[77.07884913794014,10.479742766712889]}},{"type":"Feature","properties":{"crop":"Jackfruit","treeNo":"58","canonicalId":"jackfruit:58"},"geometry":{"type":"Point","coordinates":[77.0787778205387,10.479741769697162]}},{"type":"Feature","properties":{"crop":"Jackfruit","treeNo":"59","canonicalId":"jackfruit:59"},"geometry":{"type":"Point","coordinates":[77.07873853662949,10.479753497683955]}},{"type":"Feature","properties":{"crop":"Jackfruit","treeNo":"60","canonicalId":"jackfruit:60"},"geometry":{"type":"Point","coordinates":[77.07868559272676,10.479750454413306]}},{"type":"Feature","properties":{"crop":"Jackfruit","treeNo":"61","canonicalId":"jackfruit:61"},"geometry":{"type":"Point","coordinates":[77.07862421679629,10.4797353089898]}},{"type":"Feature","properties":{"crop":"Jackfruit","treeNo":"62","canonicalId":"jackfruit:62"},"geometry":{"type":"Point","coordinates":[77.078565241295,10.479737029297143]}},{"type":"Feature","properties":{"crop":"Jackfruit","treeNo":"63","canonicalId":"jackfruit:63"},"geometry":{"type":"Point","coordinates":[77.07851887816017,10.479783041323941]}},{"type":"Feature","properties":{"crop":"Jackfruit","treeNo":"64","canonicalId":"jackfruit:64"},"geometry":{"type":"Point","coordinates":[77.07846670528333,10.47976877027422]}},{"type":"Feature","properties":{"crop":"Jackfruit","treeNo":"65","canonicalId":"jackfruit:65"},"geometry":{"type":"Point","coordinates":[77.0784097373625,10.479761829120292]}},{"type":"Feature","properties":{"crop":"Jackfruit","treeNo":"66","canonicalId":"jackfruit:66"},"geometry":{"type":"Point","coordinates":[77.07830178547127,10.479798220233983]}},{"type":"Feature","properties":{"crop":"Jackfruit","treeNo":"67","canonicalId":"jackfruit:67"},"geometry":{"type":"Point","coordinates":[77.0782410129518,10.479792725724852]}},{"type":"Feature","properties":{"crop":"Jackfruit","treeNo":"68","canonicalId":"jackfruit:68"},"geometry":{"type":"Point","coordinates":[77.0781819514694,10.479784440879772]}},{"type":"Feature","properties":{"crop":"Jackfruit","treeNo":"69","canonicalId":"jackfruit:69"},"geometry":{"type":"Point","coordinates":[77.07812425407603,10.479773371759505]}},{"type":"Feature","properties":{"crop":"Jackfruit","treeNo":"70","canonicalId":"jackfruit:70"},"geometry":{"type":"Point","coordinates":[77.07806868580415,10.47976778631444]}},{"type":"Feature","properties":{"crop":"Jackfruit","treeNo":"71","canonicalId":"jackfruit:71"},"geometry":{"type":"Point","coordinates":[77.07802047441766,10.479810725072328]}},{"type":"Feature","properties":{"crop":"Jackfruit","treeNo":"72","canonicalId":"jackfruit:72"},"geometry":{"type":"Point","coordinates":[77.07795895464396,10.479799032575867]}},{"type":"Feature","properties":{"crop":"Jackfruit","treeNo":"73","canonicalId":"jackfruit:73"},"geometry":{"type":"Point","coordinates":[77.07789301047012,10.479797423930306]}},{"type":"Feature","properties":{"crop":"Jackfruit","treeNo":"74","canonicalId":"jackfruit:74"},"geometry":{"type":"Point","coordinates":[77.07785175879306,10.479842656491556]}},{"type":"Feature","properties":{"crop":"Jackfruit","treeNo":"75","canonicalId":"jackfruit:75"},"geometry":{"type":"Point","coordinates":[77.07779089735034,10.479826811807268]}},{"type":"Feature","properties":{"crop":"Jackfruit","treeNo":"76","canonicalId":"jackfruit:76"},"geometry":{"type":"Point","coordinates":[77.07773610275133,10.479870900675163]}},{"type":"Feature","properties":{"crop":"Jackfruit","treeNo":"77","canonicalId":"jackfruit:77"},"geometry":{"type":"Point","coordinates":[77.07767783590424,10.479874333719321]}},{"type":"Feature","properties":{"crop":"Jackfruit","treeNo":"78","canonicalId":"jackfruit:78"},"geometry":{"type":"Point","coordinates":[77.07762589416363,10.479886972762062]}},{"type":"Feature","properties":{"crop":"Jackfruit","treeNo":"79","canonicalId":"jackfruit:79"},"geometry":{"type":"Point","coordinates":[77.07756035913805,10.47989260305469]}},{"type":"Feature","properties":{"crop":"Jackfruit","treeNo":"80","canonicalId":"jackfruit:80"},"geometry":{"type":"Point","coordinates":[77.07750837590089,10.4799004120372]}},{"type":"Feature","properties":{"crop":"Jackfruit","treeNo":"81","canonicalId":"jackfruit:81"},"geometry":{"type":"Point","coordinates":[77.07749776023151,10.479836072192665]}},{"type":"Feature","properties":{"crop":"Jackfruit","treeNo":"82","canonicalId":"jackfruit:82"},"geometry":{"type":"Point","coordinates":[77.07755914370289,10.479831894641038]}},{"type":"Feature","properties":{"crop":"Jackfruit","treeNo":"83","canonicalId":"jackfruit:83"},"geometry":{"type":"Point","coordinates":[77.07761497300831,10.479827469027741]}},{"type":"Feature","properties":{"crop":"Jackfruit","treeNo":"84","canonicalId":"jackfruit:84"},"geometry":{"type":"Point","coordinates":[77.07772661086456,10.479816202751698]}},{"type":"Feature","properties":{"crop":"Jackfruit","treeNo":"85","canonicalId":"jackfruit:85"},"geometry":{"type":"Point","coordinates":[77.07778487791879,10.479772398292624]}},{"type":"Feature","properties":{"crop":"Jackfruit","treeNo":"86","canonicalId":"jackfruit:86"},"geometry":{"type":"Point","coordinates":[77.07784403423683,10.479791723308836]}},{"type":"Feature","properties":{"crop":"Jackfruit","treeNo":"87","canonicalId":"jackfruit:87"},"geometry":{"type":"Point","coordinates":[77.0778938677821,10.479735644162085]}},{"type":"Feature","properties":{"crop":"Jackfruit","treeNo":"88","canonicalId":"jackfruit:88"},"geometry":{"type":"Point","coordinates":[77.07795472328013,10.479750798823275]}},{"type":"Feature","properties":{"crop":"Jackfruit","treeNo":"89","canonicalId":"jackfruit:89"},"geometry":{"type":"Point","coordinates":[77.07801340520723,10.479755294740741]}},{"type":"Feature","properties":{"crop":"Jackfruit","treeNo":"90","canonicalId":"jackfruit:90"},"geometry":{"type":"Point","coordinates":[77.07806121628997,10.479706151992739]}},{"type":"Feature","properties":{"crop":"Jackfruit","treeNo":"91","canonicalId":"jackfruit:91"},"geometry":{"type":"Point","coordinates":[77.07815014210502,10.479717020721768]}},{"type":"Feature","properties":{"crop":"Jackfruit","treeNo":"92","canonicalId":"jackfruit:92"},"geometry":{"type":"Point","coordinates":[77.07822385548776,10.479734366125465]}},{"type":"Feature","properties":{"crop":"Jackfruit","treeNo":"93","canonicalId":"jackfruit:93"},"geometry":{"type":"Point","coordinates":[77.07828631828366,10.479734655295807]}},{"type":"Feature","properties":{"crop":"Jackfruit","treeNo":"94","canonicalId":"jackfruit:94"},"geometry":{"type":"Point","coordinates":[77.07834564308092,10.479702909186045]}},{"type":"Feature","properties":{"crop":"Jackfruit","treeNo":"95","canonicalId":"jackfruit:95"},"geometry":{"type":"Point","coordinates":[77.07846613833847,10.47971288133122]}},{"type":"Feature","properties":{"crop":"Jackfruit","treeNo":"96","canonicalId":"jackfruit:96"},"geometry":{"type":"Point","coordinates":[77.07852212765097,10.47972708571722]}},{"type":"Feature","properties":{"crop":"Jackfruit","treeNo":"97","canonicalId":"jackfruit:97"},"geometry":{"type":"Point","coordinates":[77.07855237019267,10.479692914616296]}},{"type":"Feature","properties":{"crop":"Jackfruit","treeNo":"98","canonicalId":"jackfruit:98"},"geometry":{"type":"Point","coordinates":[77.07861060435687,10.479685686389395]}},{"type":"Feature","properties":{"crop":"Jackfruit","treeNo":"99","canonicalId":"jackfruit:99"},"geometry":{"type":"Point","coordinates":[77.07866861014497,10.479692264324374]}},{"type":"Feature","properties":{"crop":"Jackfruit","treeNo":"100","canonicalId":"jackfruit:100"},"geometry":{"type":"Point","coordinates":[77.07872806895108,10.479706408066312]}},{"type":"Feature","properties":{"crop":"Jackfruit","treeNo":"101","canonicalId":"jackfruit:101"},"geometry":{"type":"Point","coordinates":[77.0787881149342,10.479708119575214]}},{"type":"Feature","properties":{"crop":"Jackfruit","treeNo":"102","canonicalId":"jackfruit:102"},"geometry":{"type":"Point","coordinates":[77.07883820771917,10.479662042364627]}},{"type":"Feature","properties":{"crop":"Jackfruit","treeNo":"103","canonicalId":"jackfruit:103"},"geometry":{"type":"Point","coordinates":[77.07889590805584,10.479673456357187]}},{"type":"Feature","properties":{"crop":"Jackfruit","treeNo":"104","canonicalId":"jackfruit:104"},"geometry":{"type":"Point","coordinates":[77.07917924854483,10.47971543392105]}},{"type":"Feature","properties":{"crop":"Jackfruit","treeNo":"105","canonicalId":"jackfruit:105"},"geometry":{"type":"Point","coordinates":[77.07894053415923,10.479617122996698]}},{"type":"Feature","properties":{"crop":"Jackfruit","treeNo":"106","canonicalId":"jackfruit:106"},"geometry":{"type":"Point","coordinates":[77.07887977947641,10.479613698621446]}},{"type":"Feature","properties":{"crop":"Jackfruit","treeNo":"107","canonicalId":"jackfruit:107"},"geometry":{"type":"Point","coordinates":[77.07882278194386,10.479603307510285]}},{"type":"Feature","properties":{"crop":"Jackfruit","treeNo":"108","canonicalId":"jackfruit:108"},"geometry":{"type":"Point","coordinates":[77.07877806391576,10.479648945772436]}},{"type":"Feature","properties":{"crop":"Jackfruit","treeNo":"109","canonicalId":"jackfruit:109"},"geometry":{"type":"Point","coordinates":[77.07872422746,10.479642985133244]}},{"type":"Feature","properties":{"crop":"Jackfruit","treeNo":"110","canonicalId":"jackfruit:110"},"geometry":{"type":"Point","coordinates":[77.07867319328024,10.479640081024312]}},{"type":"Feature","properties":{"crop":"Jackfruit","treeNo":"111","canonicalId":"jackfruit:111"},"geometry":{"type":"Point","coordinates":[77.07861020867011,10.47961944282191]}},{"type":"Feature","properties":{"crop":"Jackfruit","treeNo":"112","canonicalId":"jackfruit:112"},"geometry":{"type":"Point","coordinates":[77.07849940857575,10.479667615600057]}},{"type":"Feature","properties":{"crop":"Jackfruit","treeNo":"113","canonicalId":"jackfruit:113"},"geometry":{"type":"Point","coordinates":[77.07844798297431,10.479659542473321]}},{"type":"Feature","properties":{"crop":"Jackfruit","treeNo":"114","canonicalId":"jackfruit:114"},"geometry":{"type":"Point","coordinates":[77.07838784806577,10.479647480812586]}},{"type":"Feature","properties":{"crop":"Jackfruit","treeNo":"115","canonicalId":"jackfruit:115"},"geometry":{"type":"Point","coordinates":[77.07827749571854,10.479687191860958]}},{"type":"Feature","properties":{"crop":"Jackfruit","treeNo":"116","canonicalId":"jackfruit:116"},"geometry":{"type":"Point","coordinates":[77.07822535546553,10.479676715798036]}},{"type":"Feature","properties":{"crop":"Jackfruit","treeNo":"117","canonicalId":"jackfruit:117"},"geometry":{"type":"Point","coordinates":[77.0781690784942,10.479669417473415]}},{"type":"Feature","properties":{"crop":"Jackfruit","treeNo":"118","canonicalId":"jackfruit:118"},"geometry":{"type":"Point","coordinates":[77.07811106381163,10.479661804435706]}},{"type":"Feature","properties":{"crop":"Jackfruit","treeNo":"119","canonicalId":"jackfruit:119"},"geometry":{"type":"Point","coordinates":[77.07805198160712,10.479651104540533]}},{"type":"Feature","properties":{"crop":"Jackfruit","treeNo":"120","canonicalId":"jackfruit:120"},"geometry":{"type":"Point","coordinates":[77.07794521061841,10.479693685892006]}},{"type":"Feature","properties":{"crop":"Jackfruit","treeNo":"121","canonicalId":"jackfruit:121"},"geometry":{"type":"Point","coordinates":[77.07784175419317,10.47972827306205]}},{"type":"Feature","properties":{"crop":"Jackfruit","treeNo":"122","canonicalId":"jackfruit:122"},"geometry":{"type":"Point","coordinates":[77.07778545350007,10.479718214645764]}},{"type":"Feature","properties":{"crop":"Jackfruit","treeNo":"123","canonicalId":"jackfruit:123"},"geometry":{"type":"Point","coordinates":[77.07772091468702,10.479759023150006]}},{"type":"Feature","properties":{"crop":"Jackfruit","treeNo":"124","canonicalId":"jackfruit:124"},"geometry":{"type":"Point","coordinates":[77.0776103710393,10.479776481295902]}},{"type":"Feature","properties":{"crop":"Jackfruit","treeNo":"125","canonicalId":"jackfruit:125"},"geometry":{"type":"Point","coordinates":[77.07754442982113,10.479775217579789]}},{"type":"Feature","properties":{"crop":"Jackfruit","treeNo":"126","canonicalId":"jackfruit:126"},"geometry":{"type":"Point","coordinates":[77.07747470474672,10.479777815536709]}},{"type":"Feature","properties":{"crop":"Jackfruit","treeNo":"127","canonicalId":"jackfruit:127"},"geometry":{"type":"Point","coordinates":[77.07748039789199,10.479723542504209]}},{"type":"Feature","properties":{"crop":"Jackfruit","treeNo":"128","canonicalId":"jackfruit:128"},"geometry":{"type":"Point","coordinates":[77.07754632724863,10.47972342622363]}},{"type":"Feature","properties":{"crop":"Jackfruit","treeNo":"129","canonicalId":"jackfruit:129"},"geometry":{"type":"Point","coordinates":[77.07760626066738,10.479712027841646]}},{"type":"Feature","properties":{"crop":"Jackfruit","treeNo":"130","canonicalId":"jackfruit:130"},"geometry":{"type":"Point","coordinates":[77.07765963463083,10.479704539614263]}},{"type":"Feature","properties":{"crop":"Jackfruit","treeNo":"131","canonicalId":"jackfruit:131"},"geometry":{"type":"Point","coordinates":[77.0777159035229,10.479700796419374]}},{"type":"Feature","properties":{"crop":"Jackfruit","treeNo":"132","canonicalId":"jackfruit:132"},"geometry":{"type":"Point","coordinates":[77.07777149868407,10.479669115547757]}},{"type":"Feature","properties":{"crop":"Jackfruit","treeNo":"133","canonicalId":"jackfruit:133"},"geometry":{"type":"Point","coordinates":[77.07783333278209,10.479677006994436]}},{"type":"Feature","properties":{"crop":"Jackfruit","treeNo":"134","canonicalId":"jackfruit:134"},"geometry":{"type":"Point","coordinates":[77.07787239822844,10.479629742294764]}},{"type":"Feature","properties":{"crop":"Jackfruit","treeNo":"135","canonicalId":"jackfruit:135"},"geometry":{"type":"Point","coordinates":[77.07787984774981,10.479678955007214]}},{"type":"Feature","properties":{"crop":"Jackfruit","treeNo":"136","canonicalId":"jackfruit:136"},"geometry":{"type":"Point","coordinates":[77.07793913703023,10.479643068931932]}},{"type":"Feature","properties":{"crop":"Jackfruit","treeNo":"137","canonicalId":"jackfruit:137"},"geometry":{"type":"Point","coordinates":[77.07799223810599,10.479644211785724]}},{"type":"Feature","properties":{"crop":"Jackfruit","treeNo":"138","canonicalId":"jackfruit:138"},"geometry":{"type":"Point","coordinates":[77.07804009808076,10.479600761591485]}},{"type":"Feature","properties":{"crop":"Jackfruit","treeNo":"139","canonicalId":"jackfruit:139"},"geometry":{"type":"Point","coordinates":[77.07809566335891,10.479606002044507]}},{"type":"Feature","properties":{"crop":"Jackfruit","treeNo":"140","canonicalId":"jackfruit:140"},"geometry":{"type":"Point","coordinates":[77.07816168158173,10.47961623572808]}},{"type":"Feature","properties":{"crop":"Jackfruit","treeNo":"141","canonicalId":"jackfruit:141"},"geometry":{"type":"Point","coordinates":[77.07822179277204,10.479625537411387]}},{"type":"Feature","properties":{"crop":"Jackfruit","treeNo":"142","canonicalId":"jackfruit:142"},"geometry":{"type":"Point","coordinates":[77.07827290995154,10.479638101674512]}},{"type":"Feature","properties":{"crop":"Jackfruit","treeNo":"143","canonicalId":"jackfruit:143"},"geometry":{"type":"Point","coordinates":[77.07832943605118,10.479634008826693]}},{"type":"Feature","properties":{"crop":"Jackfruit","treeNo":"144","canonicalId":"jackfruit:144"},"geometry":{"type":"Point","coordinates":[77.07838375454855,10.479595104013269]}},{"type":"Feature","properties":{"crop":"Jackfruit","treeNo":"145","canonicalId":"jackfruit:145"},"geometry":{"type":"Point","coordinates":[77.07844280709953,10.4796023538183]}},{"type":"Feature","properties":{"crop":"Jackfruit","treeNo":"146","canonicalId":"jackfruit:146"},"geometry":{"type":"Point","coordinates":[77.07849352100686,10.47960836905171]}},{"type":"Feature","properties":{"crop":"Jackfruit","treeNo":"147","canonicalId":"jackfruit:147"},"geometry":{"type":"Point","coordinates":[77.07854839534386,10.479613966547603]}},{"type":"Feature","properties":{"crop":"Jackfruit","treeNo":"148","canonicalId":"jackfruit:148"},"geometry":{"type":"Point","coordinates":[77.07859901154774,10.479568225282593]}},{"type":"Feature","properties":{"crop":"Jackfruit","treeNo":"149","canonicalId":"jackfruit:149"},"geometry":{"type":"Point","coordinates":[77.07866400966117,10.479580892061447]}},{"type":"Feature","properties":{"crop":"Jackfruit","treeNo":"150","canonicalId":"jackfruit:150"},"geometry":{"type":"Point","coordinates":[77.07871300067323,10.479588317574017]}},{"type":"Feature","properties":{"crop":"Jackfruit","treeNo":"151","canonicalId":"jackfruit:151"},"geometry":{"type":"Point","coordinates":[77.07876749840831,10.479590471065057]}},{"type":"Feature","properties":{"crop":"Jackfruit","treeNo":"152","canonicalId":"jackfruit:152"},"geometry":{"type":"Point","coordinates":[77.07882198437527,10.479550873152732]}},{"type":"Feature","properties":{"crop":"Jackfruit","treeNo":"153","canonicalId":"jackfruit:153"},"geometry":{"type":"Point","coordinates":[77.07888167744665,10.479551900704958]}},{"type":"Feature","properties":{"crop":"Jackfruit","treeNo":"154","canonicalId":"jackfruit:154"},"geometry":{"type":"Point","coordinates":[77.07894112436765,10.47956466439954]}},{"type":"Feature","properties":{"crop":"Jackfruit","treeNo":"155","canonicalId":"jackfruit:155"},"geometry":{"type":"Point","coordinates":[77.07905489995923,10.479600287746878]}},{"type":"Feature","properties":{"crop":"Jackfruit","treeNo":"156","canonicalId":"jackfruit:156"},"geometry":{"type":"Point","coordinates":[77.07910302807312,10.479588060165757]}},{"type":"Feature","properties":{"crop":"Jackfruit","treeNo":"157","canonicalId":"jackfruit:157"},"geometry":{"type":"Point","coordinates":[77.07916840279034,10.479604170802352]}},{"type":"Feature","properties":{"crop":"Jackfruit","treeNo":"158","canonicalId":"jackfruit:158"},"geometry":{"type":"Point","coordinates":[77.0791793866132,10.479549805363066]}},{"type":"Feature","properties":{"crop":"Jackfruit","treeNo":"159","canonicalId":"jackfruit:159"},"geometry":{"type":"Point","coordinates":[77.07905357454685,10.479526814293637]}},{"type":"Feature","properties":{"crop":"Jackfruit","treeNo":"160","canonicalId":"jackfruit:160"},"geometry":{"type":"Point","coordinates":[77.0789802615219,10.479515673069553]}},{"type":"Feature","properties":{"crop":"Jackfruit","treeNo":"161","canonicalId":"jackfruit:161"},"geometry":{"type":"Point","coordinates":[77.0789236020633,10.479504240904452]}},{"type":"Feature","properties":{"crop":"Jackfruit","treeNo":"162","canonicalId":"jackfruit:162"},"geometry":{"type":"Point","coordinates":[77.07886456732547,10.479499061203747]}},{"type":"Feature","properties":{"crop":"Jackfruit","treeNo":"163","canonicalId":"jackfruit:163"},"geometry":{"type":"Point","coordinates":[77.07881728439398,10.479488500383766]}},{"type":"Feature","properties":{"crop":"Jackfruit","treeNo":"164","canonicalId":"jackfruit:164"},"geometry":{"type":"Point","coordinates":[77.07875840667529,10.479541977193703]}},{"type":"Feature","properties":{"crop":"Jackfruit","treeNo":"165","canonicalId":"jackfruit:165"},"geometry":{"type":"Point","coordinates":[77.07870387337499,10.479535683666095]}},{"type":"Feature","properties":{"crop":"Jackfruit","treeNo":"166","canonicalId":"jackfruit:166"},"geometry":{"type":"Point","coordinates":[77.07864272135798,10.479526400255157]}},{"type":"Feature","properties":{"crop":"Jackfruit","treeNo":"167","canonicalId":"jackfruit:167"},"geometry":{"type":"Point","coordinates":[77.07859199264442,10.479518660029486]}},{"type":"Feature","properties":{"crop":"Jackfruit","treeNo":"168","canonicalId":"jackfruit:168"},"geometry":{"type":"Point","coordinates":[77.07854931181794,10.479559086858284]}},{"type":"Feature","properties":{"crop":"Jackfruit","treeNo":"169","canonicalId":"jackfruit:169"},"geometry":{"type":"Point","coordinates":[77.07848745403926,10.479548435527194]}},{"type":"Feature","properties":{"crop":"Jackfruit","treeNo":"170","canonicalId":"jackfruit:170"},"geometry":{"type":"Point","coordinates":[77.07842147733186,10.479543031950326]}},{"type":"Feature","properties":{"crop":"Jackfruit","treeNo":"171","canonicalId":"jackfruit:171"},"geometry":{"type":"Point","coordinates":[77.0783696395918,10.479527374804118]}},{"type":"Feature","properties":{"crop":"Jackfruit","treeNo":"172","canonicalId":"jackfruit:172"},"geometry":{"type":"Point","coordinates":[77.0783232549193,10.479580978380561]}},{"type":"Feature","properties":{"crop":"Jackfruit","treeNo":"173","canonicalId":"jackfruit:173"},"geometry":{"type":"Point","coordinates":[77.07826768964968,10.479575737967194]}},{"type":"Feature","properties":{"crop":"Jackfruit","treeNo":"174","canonicalId":"jackfruit:174"},"geometry":{"type":"Point","coordinates":[77.07820999526037,10.47956501385841]}},{"type":"Feature","properties":{"crop":"Jackfruit","treeNo":"175","canonicalId":"jackfruit:175"},"geometry":{"type":"Point","coordinates":[77.07815093085817,10.479556383996107]}},{"type":"Feature","properties":{"crop":"Jackfruit","treeNo":"176","canonicalId":"jackfruit:176"},"geometry":{"type":"Point","coordinates":[77.07809463019798,10.47954632563043]}},{"type":"Feature","properties":{"crop":"Jackfruit","treeNo":"177","canonicalId":"jackfruit:177"},"geometry":{"type":"Point","coordinates":[77.07803633082679,10.479545963695756]}},{"type":"Feature","properties":{"crop":"Jackfruit","treeNo":"178","canonicalId":"jackfruit:178"},"geometry":{"type":"Point","coordinates":[77.07797889566298,10.479585613001568]}},{"type":"Feature","properties":{"crop":"Jackfruit","treeNo":"179","canonicalId":"jackfruit:179"},"geometry":{"type":"Point","coordinates":[77.07793652928831,10.479581867267804]}},{"type":"Feature","properties":{"crop":"Jackfruit","treeNo":"180","canonicalId":"jackfruit:180"},"geometry":{"type":"Point","coordinates":[77.07780980208098,10.47961392790504]}},{"type":"Feature","properties":{"crop":"Jackfruit","treeNo":"181","canonicalId":"jackfruit:181"},"geometry":{"type":"Point","coordinates":[77.07776161756883,10.479619600244105]}},{"type":"Feature","properties":{"crop":"Jackfruit","treeNo":"182","canonicalId":"jackfruit:182"},"geometry":{"type":"Point","coordinates":[77.0777053092528,10.479649050712315]}},{"type":"Feature","properties":{"crop":"Jackfruit","treeNo":"183","canonicalId":"jackfruit:183"},"geometry":{"type":"Point","coordinates":[77.07763825153035,10.479659193318621]}},{"type":"Feature","properties":{"crop":"Jackfruit","treeNo":"184","canonicalId":"jackfruit:184"},"geometry":{"type":"Point","coordinates":[77.0775941726165,10.47965806536074]}},{"type":"Feature","properties":{"crop":"Jackfruit","treeNo":"185","canonicalId":"jackfruit:185"},"geometry":{"type":"Point","coordinates":[77.07752502133263,10.479666864289042]}},{"type":"Feature","properties":{"crop":"Jackfruit","treeNo":"186","canonicalId":"jackfruit:186"},"geometry":{"type":"Point","coordinates":[77.07747197061255,10.479671586409465]}},{"type":"Feature","properties":{"crop":"Jackfruit","treeNo":"187","canonicalId":"jackfruit:187"},"geometry":{"type":"Point","coordinates":[77.07746578517678,10.47961803841432]}},{"type":"Feature","properties":{"crop":"Jackfruit","treeNo":"188","canonicalId":"jackfruit:188"},"geometry":{"type":"Point","coordinates":[77.07752021183434,10.479611912046868]}},{"type":"Feature","properties":{"crop":"Jackfruit","treeNo":"189","canonicalId":"jackfruit:189"},"geometry":{"type":"Point","coordinates":[77.07758191850478,10.4796049684157]}},{"type":"Feature","properties":{"crop":"Jackfruit","treeNo":"190","canonicalId":"jackfruit:190"},"geometry":{"type":"Point","coordinates":[77.07765473644905,10.479598865876813]}},{"type":"Feature","properties":{"crop":"Jackfruit","treeNo":"191","canonicalId":"jackfruit:191"},"geometry":{"type":"Point","coordinates":[77.07781179361439,10.479562997547967]}},{"type":"Feature","properties":{"crop":"Jackfruit","treeNo":"192","canonicalId":"jackfruit:192"},"geometry":{"type":"Point","coordinates":[77.07791814868342,10.479522493838575]}},{"type":"Feature","properties":{"crop":"Jackfruit","treeNo":"193","canonicalId":"jackfruit:193"},"geometry":{"type":"Point","coordinates":[77.07797236171524,10.479531898590826]}},{"type":"Feature","properties":{"crop":"Jackfruit","treeNo":"194","canonicalId":"jackfruit:194"},"geometry":{"type":"Point","coordinates":[77.07807268958416,10.479496675927173]}},{"type":"Feature","properties":{"crop":"Jackfruit","treeNo":"195","canonicalId":"jackfruit:195"},"geometry":{"type":"Point","coordinates":[77.07814315588554,10.479499585778449]}},{"type":"Feature","properties":{"crop":"Jackfruit","treeNo":"196","canonicalId":"jackfruit:196"},"geometry":{"type":"Point","coordinates":[77.07819494619427,10.47950972291841]}},{"type":"Feature","properties":{"crop":"Jackfruit","treeNo":"197","canonicalId":"jackfruit:197"},"geometry":{"type":"Point","coordinates":[77.07825332261604,10.479519054900141]}},{"type":"Feature","properties":{"crop":"Jackfruit","treeNo":"198","canonicalId":"jackfruit:198"},"geometry":{"type":"Point","coordinates":[77.07831660079162,10.479533477069978]}},{"type":"Feature","properties":{"crop":"Jackfruit","treeNo":"199","canonicalId":"jackfruit:199"},"geometry":{"type":"Point","coordinates":[77.07836332351714,10.47947883242663]}},{"type":"Feature","properties":{"crop":"Jackfruit","treeNo":"200","canonicalId":"jackfruit:200"},"geometry":{"type":"Point","coordinates":[77.07841718662617,10.479487898159372]}},{"type":"Feature","properties":{"crop":"Jackfruit","treeNo":"201","canonicalId":"jackfruit:201"},"geometry":{"type":"Point","coordinates":[77.07847658017681,10.479494451895912]}},{"type":"Feature","properties":{"crop":"Jackfruit","treeNo":"202","canonicalId":"jackfruit:202"},"geometry":{"type":"Point","coordinates":[77.07853250719867,10.479501411228512]}},{"type":"Feature","properties":{"crop":"Jackfruit","treeNo":"203","canonicalId":"jackfruit:203"},"geometry":{"type":"Point","coordinates":[77.07858418202402,10.479457721804062]}},{"type":"Feature","properties":{"crop":"Jackfruit","treeNo":"204","canonicalId":"jackfruit:204"},"geometry":{"type":"Point","coordinates":[77.07864633633852,10.479462502011106]}},{"type":"Feature","properties":{"crop":"Jackfruit","treeNo":"205","canonicalId":"jackfruit:205"},"geometry":{"type":"Point","coordinates":[77.0786981147834,10.47947125905601]}},{"type":"Feature","properties":{"crop":"Jackfruit","treeNo":"206","canonicalId":"jackfruit:206"},"geometry":{"type":"Point","coordinates":[77.0787579027078,10.479483326723122]}},{"type":"Feature","properties":{"crop":"Jackfruit","treeNo":"207","canonicalId":"jackfruit:207"},"geometry":{"type":"Point","coordinates":[77.07885959450468,10.479445319566214]}},{"type":"Feature","properties":{"crop":"Jackfruit","treeNo":"208","canonicalId":"jackfruit:208"},"geometry":{"type":"Point","coordinates":[77.07890860328153,10.47945481506831]}},{"type":"Feature","properties":{"crop":"Jackfruit","treeNo":"209","canonicalId":"jackfruit:209"},"geometry":{"type":"Point","coordinates":[77.07896975528196,10.479464098429311]}},{"type":"Feature","properties":{"crop":"Jackfruit","treeNo":"210","canonicalId":"jackfruit:210"},"geometry":{"type":"Point","coordinates":[77.07904270059156,10.479472830700345]}},{"type":"Feature","properties":{"crop":"Jackfruit","treeNo":"211","canonicalId":"jackfruit:211"},"geometry":{"type":"Point","coordinates":[77.07909063294689,10.479478204323204]}},{"type":"Feature","properties":{"crop":"Jackfruit","treeNo":"212","canonicalId":"jackfruit:212"},"geometry":{"type":"Point","coordinates":[77.0791548215098,10.479477428019136]}},{"type":"Feature","properties":{"crop":"Jackfruit","treeNo":"213","canonicalId":"jackfruit:213"},"geometry":{"type":"Point","coordinates":[77.07914364210083,10.479428280530895]}},{"type":"Feature","properties":{"crop":"Jackfruit","treeNo":"214","canonicalId":"jackfruit:214"},"geometry":{"type":"Point","coordinates":[77.07908114678528,10.479424196487692]}},{"type":"Feature","properties":{"crop":"Jackfruit","treeNo":"215","canonicalId":"jackfruit:215"},"geometry":{"type":"Point","coordinates":[77.07902382605818,10.479416571489853]}},{"type":"Feature","properties":{"crop":"Jackfruit","treeNo":"216","canonicalId":"jackfruit:216"},"geometry":{"type":"Point","coordinates":[77.0789685188381,10.479400975052878]}},{"type":"Feature","properties":{"crop":"Jackfruit","treeNo":"217","canonicalId":"jackfruit:217"},"geometry":{"type":"Point","coordinates":[77.07891153320466,10.479391963961545]}},{"type":"Feature","properties":{"crop":"Jackfruit","treeNo":"218","canonicalId":"jackfruit:218"},"geometry":{"type":"Point","coordinates":[77.07885840551742,10.47938771622896]}},{"type":"Feature","properties":{"crop":"Jackfruit","treeNo":"219","canonicalId":"jackfruit:219"},"geometry":{"type":"Point","coordinates":[77.07879667515118,10.479432271456073]}},{"type":"Feature","properties":{"crop":"Jackfruit","treeNo":"220","canonicalId":"jackfruit:220"},"geometry":{"type":"Point","coordinates":[77.0787313627298,10.479423405790532]}},{"type":"Feature","properties":{"crop":"Jackfruit","treeNo":"221","canonicalId":"jackfruit:221"},"geometry":{"type":"Point","coordinates":[77.07868860497271,10.479414491173372]}},{"type":"Feature","properties":{"crop":"Jackfruit","treeNo":"222","canonicalId":"jackfruit:222"},"geometry":{"type":"Point","coordinates":[77.07863304566841,10.479409940824882]}},{"type":"Feature","properties":{"crop":"Jackfruit","treeNo":"223","canonicalId":"jackfruit:223"},"geometry":{"type":"Point","coordinates":[77.07857781849165,10.479403659391815]}},{"type":"Feature","properties":{"crop":"Jackfruit","treeNo":"224","canonicalId":"jackfruit:224"},"geometry":{"type":"Point","coordinates":[77.07852447710383,10.479455314181022]}},{"type":"Feature","properties":{"crop":"Jackfruit","treeNo":"225","canonicalId":"jackfruit:225"},"geometry":{"type":"Point","coordinates":[77.07846668492013,10.479433205022643]}},{"type":"Feature","properties":{"crop":"Jackfruit","treeNo":"226","canonicalId":"jackfruit:226"},"geometry":{"type":"Point","coordinates":[77.0784173855159,10.479430270563572]}},{"type":"Feature","properties":{"crop":"Jackfruit","treeNo":"227","canonicalId":"jackfruit:227"},"geometry":{"type":"Point","coordinates":[77.0783496118409,10.479417652208337]}},{"type":"Feature","properties":{"crop":"Jackfruit","treeNo":"228","canonicalId":"jackfruit:228"},"geometry":{"type":"Point","coordinates":[77.07830041008616,10.479466474221331]}},{"type":"Feature","properties":{"crop":"Jackfruit","treeNo":"229","canonicalId":"jackfruit:229"},"geometry":{"type":"Point","coordinates":[77.07825353339076,10.479462807310249]}},{"type":"Feature","properties":{"crop":"Jackfruit","treeNo":"230","canonicalId":"jackfruit:230"},"geometry":{"type":"Point","coordinates":[77.07818789179024,10.479456017608856]}},{"type":"Feature","properties":{"crop":"Jackfruit","treeNo":"231","canonicalId":"jackfruit:231"},"geometry":{"type":"Point","coordinates":[77.07812809794476,10.47944325982345]}},{"type":"Feature","properties":{"crop":"Jackfruit","treeNo":"232","canonicalId":"jackfruit:232"},"geometry":{"type":"Point","coordinates":[77.07807352612507,10.479432481143926]}},{"type":"Feature","properties":{"crop":"Jackfruit","treeNo":"233","canonicalId":"jackfruit:233"},"geometry":{"type":"Point","coordinates":[77.07802319179194,10.479430254808747]}},{"type":"Feature","properties":{"crop":"Jackfruit","treeNo":"234","canonicalId":"jackfruit:234"},"geometry":{"type":"Point","coordinates":[77.07797082297492,10.479473956276026]}},{"type":"Feature","properties":{"crop":"Jackfruit","treeNo":"235","canonicalId":"jackfruit:235"},"geometry":{"type":"Point","coordinates":[77.07791041228057,10.479470180645238]}},{"type":"Feature","properties":{"crop":"Jackfruit","treeNo":"236","canonicalId":"jackfruit:236"},"geometry":{"type":"Point","coordinates":[77.07786053135551,10.479520739739254]}},{"type":"Feature","properties":{"crop":"Jackfruit","treeNo":"237","canonicalId":"jackfruit:237"},"geometry":{"type":"Point","coordinates":[77.07775987450309,10.479517667010203]}},{"type":"Feature","properties":{"crop":"Jackfruit","treeNo":"238","canonicalId":"jackfruit:238"},"geometry":{"type":"Point","coordinates":[77.07774097943862,10.479458992658751]}},{"type":"Feature","properties":{"crop":"Jackfruit","treeNo":"239","canonicalId":"jackfruit:239"},"geometry":{"type":"Point","coordinates":[77.07779290628574,10.479444628596564]}},{"type":"Feature","properties":{"crop":"Jackfruit","treeNo":"240","canonicalId":"jackfruit:240"},"geometry":{"type":"Point","coordinates":[77.07785307671459,10.479460830417574]}},{"type":"Feature","properties":{"crop":"Jackfruit","treeNo":"241","canonicalId":"jackfruit:241"},"geometry":{"type":"Point","coordinates":[77.07790643009079,10.479410555731342]}},{"type":"Feature","properties":{"crop":"Jackfruit","treeNo":"242","canonicalId":"jackfruit:242"},"geometry":{"type":"Point","coordinates":[77.07796198940946,10.47941510620884]}},{"type":"Feature","properties":{"crop":"Jackfruit","treeNo":"243","canonicalId":"jackfruit:243"},"geometry":{"type":"Point","coordinates":[77.07801299116805,10.479373844004632]}},{"type":"Feature","properties":{"crop":"Jackfruit","treeNo":"244","canonicalId":"jackfruit:244"},"geometry":{"type":"Point","coordinates":[77.07806927401383,10.479381832373816]}},{"type":"Feature","properties":{"crop":"Jackfruit","treeNo":"245","canonicalId":"jackfruit:245"},"geometry":{"type":"Point","coordinates":[77.07811059358346,10.479384906269015]}},{"type":"Feature","properties":{"crop":"Jackfruit","treeNo":"246","canonicalId":"jackfruit:246"},"geometry":{"type":"Point","coordinates":[77.07817628851932,10.479397906041793]}},{"type":"Feature","properties":{"crop":"Jackfruit","treeNo":"247","canonicalId":"jackfruit:247"},"geometry":{"type":"Point","coordinates":[77.0782339502736,10.479404835131211]}},{"type":"Feature","properties":{"crop":"Jackfruit","treeNo":"248","canonicalId":"jackfruit:248"},"geometry":{"type":"Point","coordinates":[77.07829819813709,10.47941095906007]}},{"type":"Feature","properties":{"crop":"Jackfruit","treeNo":"249","canonicalId":"jackfruit:249"},"geometry":{"type":"Point","coordinates":[77.07834430105432,10.479364951614016]}},{"type":"Feature","properties":{"crop":"Jackfruit","treeNo":"250","canonicalId":"jackfruit:250"},"geometry":{"type":"Point","coordinates":[77.07840022508985,10.47937156597212]}},{"type":"Feature","properties":{"crop":"Jackfruit","treeNo":"251","canonicalId":"jackfruit:251"},"geometry":{"type":"Point","coordinates":[77.0785249873533,10.47939354049454]}},{"type":"Feature","properties":{"crop":"Jackfruit","treeNo":"252","canonicalId":"jackfruit:252"},"geometry":{"type":"Point","coordinates":[77.0786238798581,10.479352821874105]}},{"type":"Feature","properties":{"crop":"Jackfruit","treeNo":"253","canonicalId":"jackfruit:253"},"geometry":{"type":"Point","coordinates":[77.07868083584196,10.479358382992112]}},{"type":"Feature","properties":{"crop":"Jackfruit","treeNo":"254","canonicalId":"jackfruit:254"},"geometry":{"type":"Point","coordinates":[77.07873922408939,10.479369094898448]}},{"type":"Feature","properties":{"crop":"Jackfruit","treeNo":"255","canonicalId":"jackfruit:255"},"geometry":{"type":"Point","coordinates":[77.07880765311221,10.47937721601226]}},{"type":"Feature","properties":{"crop":"Jackfruit","treeNo":"256","canonicalId":"jackfruit:256"},"geometry":{"type":"Point","coordinates":[77.07884440609791,10.47933344216545]}},{"type":"Feature","properties":{"crop":"Jackfruit","treeNo":"257","canonicalId":"jackfruit:257"},"geometry":{"type":"Point","coordinates":[77.07890000688903,10.4793428225174]}},{"type":"Feature","properties":{"crop":"Jackfruit","treeNo":"258","canonicalId":"jackfruit:258"},"geometry":{"type":"Point","coordinates":[77.07896037899242,10.47934211292714]}},{"type":"Feature","properties":{"crop":"Jackfruit","treeNo":"259","canonicalId":"jackfruit:259"},"geometry":{"type":"Point","coordinates":[77.07902370457198,10.479362055000392]}},{"type":"Feature","properties":{"crop":"Jackfruit","treeNo":"260","canonicalId":"jackfruit:260"},"geometry":{"type":"Point","coordinates":[77.07907582994727,10.479370805924006]}},{"type":"Feature","properties":{"crop":"Jackfruit","treeNo":"261","canonicalId":"jackfruit:261"},"geometry":{"type":"Point","coordinates":[77.07913659347167,10.479375265278582]}},{"type":"Feature","properties":{"crop":"Jackfruit","treeNo":"262","canonicalId":"jackfruit:262"},"geometry":{"type":"Point","coordinates":[77.0791887573933,10.479388501217423]}},{"type":"Feature","properties":{"crop":"Jackfruit","treeNo":"263","canonicalId":"jackfruit:263"},"geometry":{"type":"Point","coordinates":[77.07917577504654,10.479331448974651]}},{"type":"Feature","properties":{"crop":"Jackfruit","treeNo":"264","canonicalId":"jackfruit:264"},"geometry":{"type":"Point","coordinates":[77.07912465791185,10.479318884853823]}},{"type":"Feature","properties":{"crop":"Jackfruit","treeNo":"265","canonicalId":"jackfruit:265"},"geometry":{"type":"Point","coordinates":[77.07906658401089,10.479304371928222]}},{"type":"Feature","properties":{"crop":"Jackfruit","treeNo":"266","canonicalId":"jackfruit:266"},"geometry":{"type":"Point","coordinates":[77.07901414431032,10.47929942209171]}},{"type":"Feature","properties":{"crop":"Jackfruit","treeNo":"267","canonicalId":"jackfruit:267"},"geometry":{"type":"Point","coordinates":[77.07896243704873,10.479298945159876]}},{"type":"Feature","properties":{"crop":"Jackfruit","treeNo":"268","canonicalId":"jackfruit:268"},"geometry":{"type":"Point","coordinates":[77.07889700310874,10.479275934411431]}},{"type":"Feature","properties":{"crop":"Jackfruit","treeNo":"269","canonicalId":"jackfruit:269"},"geometry":{"type":"Point","coordinates":[77.07884460194946,10.479275469581298]}},{"type":"Feature","properties":{"crop":"Jackfruit","treeNo":"270","canonicalId":"jackfruit:270"},"geometry":{"type":"Point","coordinates":[77.078787453086,10.479328226079195]}},{"type":"Feature","properties":{"crop":"Jackfruit","treeNo":"271","canonicalId":"jackfruit:271"},"geometry":{"type":"Point","coordinates":[77.07872907077547,10.479318204186093]}},{"type":"Feature","properties":{"crop":"Jackfruit","treeNo":"272","canonicalId":"jackfruit:272"},"geometry":{"type":"Point","coordinates":[77.07867098502146,10.479302311173486]}},{"type":"Feature","properties":{"crop":"Jackfruit","treeNo":"273","canonicalId":"jackfruit:273"},"geometry":{"type":"Point","coordinates":[77.07862376733705,10.479299340379251]}},{"type":"Feature","properties":{"crop":"Jackfruit","treeNo":"274","canonicalId":"jackfruit:274"},"geometry":{"type":"Point","coordinates":[77.07856582090818,10.47929966247802]}},{"type":"Feature","properties":{"crop":"Jackfruit","treeNo":"275","canonicalId":"jackfruit:275"},"geometry":{"type":"Point","coordinates":[77.07856338324036,10.479339041282772]}},{"type":"Feature","properties":{"crop":"Jackfruit","treeNo":"276","canonicalId":"jackfruit:276"},"geometry":{"type":"Point","coordinates":[77.07850952015853,10.479329975570604]}},{"type":"Feature","properties":{"crop":"Jackfruit","treeNo":"277","canonicalId":"jackfruit:277"},"geometry":{"type":"Point","coordinates":[77.07845357834726,10.479321291213681]}},{"type":"Feature","properties":{"crop":"Jackfruit","treeNo":"278","canonicalId":"jackfruit:278"},"geometry":{"type":"Point","coordinates":[77.07839905693871,10.479316377636508]}},{"type":"Feature","properties":{"crop":"Jackfruit","treeNo":"279","canonicalId":"jackfruit:279"},"geometry":{"type":"Point","coordinates":[77.07833756097847,10.479307445219892]}},{"type":"Feature","properties":{"crop":"Jackfruit","treeNo":"280","canonicalId":"jackfruit:280"},"geometry":{"type":"Point","coordinates":[77.07828770683244,10.479361109388986]}},{"type":"Feature","properties":{"crop":"Jackfruit","treeNo":"281","canonicalId":"jackfruit:281"},"geometry":{"type":"Point","coordinates":[77.07823070934674,10.479350718158852]}},{"type":"Feature","properties":{"crop":"Jackfruit","treeNo":"282","canonicalId":"jackfruit:282"},"geometry":{"type":"Point","coordinates":[77.07817056264524,10.479337276432117]}},{"type":"Feature","properties":{"crop":"Jackfruit","treeNo":"283","canonicalId":"jackfruit:283"},"geometry":{"type":"Point","coordinates":[77.07812153610519,10.479325710790816]}},{"type":"Feature","properties":{"crop":"Jackfruit","treeNo":"284","canonicalId":"jackfruit:284"},"geometry":{"type":"Point","coordinates":[77.0780656268929,10.479320821395579]}},{"type":"Feature","properties":{"crop":"Jackfruit","treeNo":"285","canonicalId":"jackfruit:285"},"geometry":{"type":"Point","coordinates":[77.07795388531119,10.479360384056319]}},{"type":"Feature","properties":{"crop":"Jackfruit","treeNo":"286","canonicalId":"jackfruit:286"},"geometry":{"type":"Point","coordinates":[77.07789759654132,10.479351705659461]}},{"type":"Feature","properties":{"crop":"Jackfruit","treeNo":"287","canonicalId":"jackfruit:287"},"geometry":{"type":"Point","coordinates":[77.07785014131125,10.479401877327588]}},{"type":"Feature","properties":{"crop":"Jackfruit","treeNo":"288","canonicalId":"jackfruit:288"},"geometry":{"type":"Point","coordinates":[77.07778763411454,10.479396413013852]}},{"type":"Feature","properties":{"crop":"Jackfruit","treeNo":"289","canonicalId":"jackfruit:289"},"geometry":{"type":"Point","coordinates":[77.07773353667736,10.479400463341348]}},{"type":"Feature","properties":{"crop":"Jackfruit","treeNo":"290","canonicalId":"jackfruit:290"},"geometry":{"type":"Point","coordinates":[77.07778368158569,10.47934023812334]}},{"type":"Feature","properties":{"crop":"Jackfruit","treeNo":"291","canonicalId":"jackfruit:291"},"geometry":{"type":"Point","coordinates":[77.07784481282752,10.479347106690751]}},{"type":"Feature","properties":{"crop":"Jackfruit","treeNo":"292","canonicalId":"jackfruit:292"},"geometry":{"type":"Point","coordinates":[77.07789053034217,10.47929662032043]}},{"type":"Feature","properties":{"crop":"Jackfruit","treeNo":"293","canonicalId":"jackfruit:293"},"geometry":{"type":"Point","coordinates":[77.07794542834122,10.479304977956765]}},{"type":"Feature","properties":{"crop":"Jackfruit","treeNo":"294","canonicalId":"jackfruit:294"},"geometry":{"type":"Point","coordinates":[77.0780057589841,10.479299438507638]}},{"type":"Feature","properties":{"crop":"Jackfruit","treeNo":"295","canonicalId":"jackfruit:295"},"geometry":{"type":"Point","coordinates":[77.07805539366858,10.479260615561024]}},{"type":"Feature","properties":{"crop":"Jackfruit","treeNo":"296","canonicalId":"jackfruit:296"},"geometry":{"type":"Point","coordinates":[77.07810754274014,10.479272126675301]}},{"type":"Feature","properties":{"crop":"Jackfruit","treeNo":"297","canonicalId":"jackfruit:297"},"geometry":{"type":"Point","coordinates":[77.07816936786165,10.479278983061574]}},{"type":"Feature","properties":{"crop":"Jackfruit","treeNo":"298","canonicalId":"jackfruit:298"},"geometry":{"type":"Point","coordinates":[77.07822120851812,10.479294985253437]}},{"type":"Feature","properties":{"crop":"Jackfruit","treeNo":"299","canonicalId":"jackfruit:299"},"geometry":{"type":"Point","coordinates":[77.07827989035223,10.479299481137577]}},{"type":"Feature","properties":{"crop":"Jackfruit","treeNo":"300","canonicalId":"jackfruit:300"},"geometry":{"type":"Point","coordinates":[77.07832708597637,10.479259493066122]}},{"type":"Feature","properties":{"crop":"Jackfruit","treeNo":"301","canonicalId":"jackfruit:301"},"geometry":{"type":"Point","coordinates":[77.07838996083129,10.479267366237002]}},{"type":"Feature","properties":{"crop":"Jackfruit","treeNo":"302","canonicalId":"jackfruit:302"},"geometry":{"type":"Point","coordinates":[77.07844695385474,10.479277239936275]}},{"type":"Feature","properties":{"crop":"Jackfruit","treeNo":"303","canonicalId":"jackfruit:303"},"geometry":{"type":"Point","coordinates":[77.07850965079088,10.479284598608121]}},{"type":"Feature","properties":{"crop":"Jackfruit","treeNo":"304","canonicalId":"jackfruit:304"},"geometry":{"type":"Point","coordinates":[77.07861245759129,10.479235012731028]}},{"type":"Feature","properties":{"crop":"Jackfruit","treeNo":"305","canonicalId":"jackfruit:305"},"geometry":{"type":"Point","coordinates":[77.0786739357481,10.479241875078973]}},{"type":"Feature","properties":{"crop":"Jackfruit","treeNo":"306","canonicalId":"jackfruit:306"},"geometry":{"type":"Point","coordinates":[77.07872087761962,10.479253131994753]}},{"type":"Feature","properties":{"crop":"Jackfruit","treeNo":"307","canonicalId":"jackfruit:307"},"geometry":{"type":"Point","coordinates":[77.07878522326965,10.479270640920745]}},{"type":"Feature","properties":{"crop":"Jackfruit","treeNo":"308","canonicalId":"jackfruit:308"},"geometry":{"type":"Point","coordinates":[77.07882838814744,10.4792209322752]}},{"type":"Feature","properties":{"crop":"Jackfruit","treeNo":"309","canonicalId":"jackfruit:309"},"geometry":{"type":"Point","coordinates":[77.07888259519285,10.479229646871692]}},{"type":"Feature","properties":{"crop":"Jackfruit","treeNo":"310","canonicalId":"jackfruit:310"},"geometry":{"type":"Point","coordinates":[77.07894406741498,10.479235819160987]}},{"type":"Feature","properties":{"crop":"Jackfruit","treeNo":"311","canonicalId":"jackfruit:311"},"geometry":{"type":"Point","coordinates":[77.07900516600577,10.479238892474394]}},{"type":"Feature","properties":{"crop":"Jackfruit","treeNo":"312","canonicalId":"jackfruit:312"},"geometry":{"type":"Point","coordinates":[77.07906116412916,10.47925413178559]}},{"type":"Feature","properties":{"crop":"Jackfruit","treeNo":"313","canonicalId":"jackfruit:313"},"geometry":{"type":"Point","coordinates":[77.07910634457707,10.479262313922149]}},{"type":"Feature","properties":{"crop":"Jackfruit","treeNo":"314","canonicalId":"jackfruit:314"},"geometry":{"type":"Point","coordinates":[77.07917827863841,10.479274514380487]}},{"type":"Feature","properties":{"crop":"Jackfruit","treeNo":"315","canonicalId":"jackfruit:315"},"geometry":{"type":"Point","coordinates":[77.07916904454727,10.479209460401703]}},{"type":"Feature","properties":{"crop":"Jackfruit","treeNo":"316","canonicalId":"jackfruit:316"},"geometry":{"type":"Point","coordinates":[77.07910478488418,10.479201956633293]}},{"type":"Feature","properties":{"crop":"Jackfruit","treeNo":"317","canonicalId":"jackfruit:317"},"geometry":{"type":"Point","coordinates":[77.07905374189163,10.47919801756406]}},{"type":"Feature","properties":{"crop":"Jackfruit","treeNo":"318","canonicalId":"jackfruit:318"},"geometry":{"type":"Point","coordinates":[77.07899147794625,10.479180472326899]}},{"type":"Feature","properties":{"crop":"Jackfruit","treeNo":"319","canonicalId":"jackfruit:319"},"geometry":{"type":"Point","coordinates":[77.07894075522228,10.479173422153044]}},{"type":"Feature","properties":{"crop":"Jackfruit","treeNo":"320","canonicalId":"jackfruit:320"},"geometry":{"type":"Point","coordinates":[77.07888241148179,10.479167885319107]}},{"type":"Feature","properties":{"crop":"Jackfruit","treeNo":"321","canonicalId":"jackfruit:321"},"geometry":{"type":"Point","coordinates":[77.07882440283218,10.4791609624023]}},{"type":"Feature","properties":{"crop":"Jackfruit","treeNo":"322","canonicalId":"jackfruit:322"},"geometry":{"type":"Point","coordinates":[77.0787679360219,10.47921232676109]}},{"type":"Feature","properties":{"crop":"Jackfruit","treeNo":"323","canonicalId":"jackfruit:323"},"geometry":{"type":"Point","coordinates":[77.07871893321351,10.479203521234595]}},{"type":"Feature","properties":{"crop":"Jackfruit","treeNo":"324","canonicalId":"jackfruit:324"},"geometry":{"type":"Point","coordinates":[77.07866399373756,10.479190333693198]}},{"type":"Feature","properties":{"crop":"Jackfruit","treeNo":"325","canonicalId":"jackfruit:325"},"geometry":{"type":"Point","coordinates":[77.07860394192238,10.47918793213588]}},{"type":"Feature","properties":{"crop":"Jackfruit","treeNo":"326","canonicalId":"jackfruit:326"},"geometry":{"type":"Point","coordinates":[77.07855865974129,10.479233537085946]}},{"type":"Feature","properties":{"crop":"Jackfruit","treeNo":"327","canonicalId":"jackfruit:327"},"geometry":{"type":"Point","coordinates":[77.07850165338776,10.47922211089307]}},{"type":"Feature","properties":{"crop":"Jackfruit","treeNo":"328","canonicalId":"jackfruit:328"},"geometry":{"type":"Point","coordinates":[77.07843321253853,10.479212609693857]}},{"type":"Feature","properties":{"crop":"Jackfruit","treeNo":"329","canonicalId":"jackfruit:329"},"geometry":{"type":"Point","coordinates":[77.07837899660167,10.479202860009163]}},{"type":"Feature","properties":{"crop":"Jackfruit","treeNo":"330","canonicalId":"jackfruit:330"},"geometry":{"type":"Point","coordinates":[77.07832582447755,10.479193437136866]}},{"type":"Feature","properties":{"crop":"Jackfruit","treeNo":"331","canonicalId":"jackfruit:331"},"geometry":{"type":"Point","coordinates":[77.07826733514636,10.479251737842414]}},{"type":"Feature","properties":{"crop":"Jackfruit","treeNo":"332","canonicalId":"jackfruit:332"},"geometry":{"type":"Point","coordinates":[77.07821404742317,10.479228859839514]}},{"type":"Feature","properties":{"crop":"Jackfruit","treeNo":"333","canonicalId":"jackfruit:333"},"geometry":{"type":"Point","coordinates":[77.07815986704834,10.47922325015157]}},{"type":"Feature","properties":{"crop":"Jackfruit","treeNo":"334","canonicalId":"jackfruit:334"},"geometry":{"type":"Point","coordinates":[77.07810709521628,10.479220031234618]}},{"type":"Feature","properties":{"crop":"Jackfruit","treeNo":"335","canonicalId":"jackfruit:335"},"geometry":{"type":"Point","coordinates":[77.07805078276428,10.479208592837313]}},{"type":"Feature","properties":{"crop":"Jackfruit","treeNo":"336","canonicalId":"jackfruit:336"},"geometry":{"type":"Point","coordinates":[77.07798836134747,10.479253505046032]}},{"type":"Feature","properties":{"crop":"Jackfruit","treeNo":"337","canonicalId":"jackfruit:337"},"geometry":{"type":"Point","coordinates":[77.0779355480168,10.47924545605987]}},{"type":"Feature","properties":{"crop":"Jackfruit","treeNo":"338","canonicalId":"jackfruit:338"},"geometry":{"type":"Point","coordinates":[77.07788691289502,10.479239059362602]}},{"type":"Feature","properties":{"crop":"Jackfruit","treeNo":"339","canonicalId":"jackfruit:339"},"geometry":{"type":"Point","coordinates":[77.07782109010918,10.479291967209958]}},{"type":"Feature","properties":{"crop":"Jackfruit","treeNo":"340","canonicalId":"jackfruit:340"},"geometry":{"type":"Point","coordinates":[77.07771669961852,10.479338992604244]}},{"type":"Feature","properties":{"crop":"Jackfruit","treeNo":"341","canonicalId":"jackfruit:341"},"geometry":{"type":"Point","coordinates":[77.07771074838182,10.479292514151467]}},{"type":"Feature","properties":{"crop":"Jackfruit","treeNo":"342","canonicalId":"jackfruit:342"},"geometry":{"type":"Point","coordinates":[77.07776262210137,10.479231568635258]}},{"type":"Feature","properties":{"crop":"Jackfruit","treeNo":"343","canonicalId":"jackfruit:343"},"geometry":{"type":"Point","coordinates":[77.07776443069494,10.479280534822111]}},{"type":"Feature","properties":{"crop":"Jackfruit","treeNo":"344","canonicalId":"jackfruit:344"},"geometry":{"type":"Point","coordinates":[77.07782235070782,10.479236736434641]}},{"type":"Feature","properties":{"crop":"Jackfruit","treeNo":"345","canonicalId":"jackfruit:345"},"geometry":{"type":"Point","coordinates":[77.07787952346277,10.47918674010558]}},{"type":"Feature","properties":{"crop":"Jackfruit","treeNo":"346","canonicalId":"jackfruit:346"},"geometry":{"type":"Point","coordinates":[77.07792887914624,10.479196229712715]}},{"type":"Feature","properties":{"crop":"Jackfruit","treeNo":"347","canonicalId":"jackfruit:347"},"geometry":{"type":"Point","coordinates":[77.0779878664267,10.479195889554157]}},{"type":"Feature","properties":{"crop":"Jackfruit","treeNo":"348","canonicalId":"jackfruit:348"},"geometry":{"type":"Point","coordinates":[77.07803673903824,10.47914914366505]}},{"type":"Feature","properties":{"crop":"Jackfruit","treeNo":"349","canonicalId":"jackfruit:349"},"geometry":{"type":"Point","coordinates":[77.07809335990001,10.479156090969102]}},{"type":"Feature","properties":{"crop":"Jackfruit","treeNo":"350","canonicalId":"jackfruit:350"},"geometry":{"type":"Point","coordinates":[77.07815288972435,10.479178514913594]}},{"type":"Feature","properties":{"crop":"Jackfruit","treeNo":"351","canonicalId":"jackfruit:351"},"geometry":{"type":"Point","coordinates":[77.0782695683442,10.479188553833705]}},{"type":"Feature","properties":{"crop":"Jackfruit","treeNo":"352","canonicalId":"jackfruit:352"},"geometry":{"type":"Point","coordinates":[77.0783679871177,10.479148231759357]}},{"type":"Feature","properties":{"crop":"Jackfruit","treeNo":"353","canonicalId":"jackfruit:353"},"geometry":{"type":"Point","coordinates":[77.07844093532582,10.479157309188938]}},{"type":"Feature","properties":{"crop":"Jackfruit","treeNo":"354","canonicalId":"jackfruit:354"},"geometry":{"type":"Point","coordinates":[77.07848535072301,10.479157223472162]}},{"type":"Feature","properties":{"crop":"Jackfruit","treeNo":"355","canonicalId":"jackfruit:355"},"geometry":{"type":"Point","coordinates":[77.07854096926827,10.479168673912072]}},{"type":"Feature","properties":{"crop":"Jackfruit","treeNo":"356","canonicalId":"jackfruit:356"},"geometry":{"type":"Point","coordinates":[77.07859488142854,10.479122875086311]}},{"type":"Feature","properties":{"crop":"Jackfruit","treeNo":"357","canonicalId":"jackfruit:357"},"geometry":{"type":"Point","coordinates":[77.07864706160386,10.479138008642186]}},{"type":"Feature","properties":{"crop":"Jackfruit","treeNo":"358","canonicalId":"jackfruit:358"},"geometry":{"type":"Point","coordinates":[77.07871528597569,10.47914251028721]}},{"type":"Feature","properties":{"crop":"Jackfruit","treeNo":"359","canonicalId":"jackfruit:359"},"geometry":{"type":"Point","coordinates":[77.07876825497094,10.479148486096383]}},{"type":"Feature","properties":{"crop":"Jackfruit","treeNo":"360","canonicalId":"jackfruit:360"},"geometry":{"type":"Point","coordinates":[77.07881280836226,10.479103885886447]}},{"type":"Feature","properties":{"crop":"Jackfruit","treeNo":"361","canonicalId":"jackfruit:361"},"geometry":{"type":"Point","coordinates":[77.07887294909149,10.479116637489668]}},{"type":"Feature","properties":{"crop":"Jackfruit","treeNo":"362","canonicalId":"jackfruit:362"},"geometry":{"type":"Point","coordinates":[77.07893580612175,10.479122440539102]}},{"type":"Feature","properties":{"crop":"Jackfruit","treeNo":"363","canonicalId":"jackfruit:363"},"geometry":{"type":"Point","coordinates":[77.07898865500043,10.479134629390884]}},{"type":"Feature","properties":{"crop":"Jackfruit","treeNo":"364","canonicalId":"jackfruit:364"},"geometry":{"type":"Point","coordinates":[77.07904236977132,10.479146630579324]}},{"type":"Feature","properties":{"crop":"Jackfruit","treeNo":"365","canonicalId":"jackfruit:365"},"geometry":{"type":"Point","coordinates":[77.07909984761518,10.479152355038039]}},{"type":"Feature","properties":{"crop":"Jackfruit","treeNo":"366","canonicalId":"jackfruit:366"},"geometry":{"type":"Point","coordinates":[77.07916150070443,10.47915938676362]}},{"type":"Feature","properties":{"crop":"Jackfruit","treeNo":"367","canonicalId":"jackfruit:367"},"geometry":{"type":"Point","coordinates":[77.07915473380922,10.479098775390046]}},{"type":"Feature","properties":{"crop":"Jackfruit","treeNo":"368","canonicalId":"jackfruit:368"},"geometry":{"type":"Point","coordinates":[77.07909498153832,10.479090847818519]}},{"type":"Feature","properties":{"crop":"Jackfruit","treeNo":"369","canonicalId":"jackfruit:369"},"geometry":{"type":"Point","coordinates":[77.07903451165298,10.47908017233531]}},{"type":"Feature","properties":{"crop":"Jackfruit","treeNo":"370","canonicalId":"jackfruit:370"},"geometry":{"type":"Point","coordinates":[77.07898067678362,10.479074384222791]}},{"type":"Feature","properties":{"crop":"Jackfruit","treeNo":"371","canonicalId":"jackfruit:371"},"geometry":{"type":"Point","coordinates":[77.07892663138259,10.479064286596913]}},{"type":"Feature","properties":{"crop":"Jackfruit","treeNo":"372","canonicalId":"jackfruit:372"},"geometry":{"type":"Point","coordinates":[77.0788621864139,10.479055405791916]}},{"type":"Feature","properties":{"crop":"Jackfruit","treeNo":"373","canonicalId":"jackfruit:373"},"geometry":{"type":"Point","coordinates":[77.07876344380065,10.479093361410543]}},{"type":"Feature","properties":{"crop":"Jackfruit","treeNo":"374","canonicalId":"jackfruit:374"},"geometry":{"type":"Point","coordinates":[77.0787040799762,10.479090257741818]}},{"type":"Feature","properties":{"crop":"Jackfruit","treeNo":"375","canonicalId":"jackfruit:375"},"geometry":{"type":"Point","coordinates":[77.07864438402339,10.47908888513631]}},{"type":"Feature","properties":{"crop":"Jackfruit","treeNo":"376","canonicalId":"jackfruit:376"},"geometry":{"type":"Point","coordinates":[77.07858766239735,10.479070207834658]}},{"type":"Feature","properties":{"crop":"Jackfruit","treeNo":"377","canonicalId":"jackfruit:377"},"geometry":{"type":"Point","coordinates":[77.07853665484646,10.479110780101985]}},{"type":"Feature","properties":{"crop":"Jackfruit","treeNo":"378","canonicalId":"jackfruit:378"},"geometry":{"type":"Point","coordinates":[77.07848454137047,10.47910340908991]}},{"type":"Feature","properties":{"crop":"Jackfruit","treeNo":"379","canonicalId":"jackfruit:379"},"geometry":{"type":"Point","coordinates":[77.07842411890557,10.47909825353266]}},{"type":"Feature","properties":{"crop":"Jackfruit","treeNo":"380","canonicalId":"jackfruit:380"},"geometry":{"type":"Point","coordinates":[77.07836090899312,10.479091766433745]}},{"type":"Feature","properties":{"crop":"Jackfruit","treeNo":"381","canonicalId":"jackfruit:381"},"geometry":{"type":"Point","coordinates":[77.07831241007177,10.479141611327497]}},{"type":"Feature","properties":{"crop":"Jackfruit","treeNo":"382","canonicalId":"jackfruit:382"},"geometry":{"type":"Point","coordinates":[77.07826293584209,10.479118321665009]}},{"type":"Feature","properties":{"crop":"Jackfruit","treeNo":"383","canonicalId":"jackfruit:383"},"geometry":{"type":"Point","coordinates":[77.07819755225876,10.479121361504196]}},{"type":"Feature","properties":{"crop":"Jackfruit","treeNo":"384","canonicalId":"jackfruit:384"},"geometry":{"type":"Point","coordinates":[77.07813813506657,10.479112047677281]}},{"type":"Feature","properties":{"crop":"Jackfruit","treeNo":"385","canonicalId":"jackfruit:385"},"geometry":{"type":"Point","coordinates":[77.07808182559849,10.479100954284803]}},{"type":"Feature","properties":{"crop":"Jackfruit","treeNo":"386","canonicalId":"jackfruit:386"},"geometry":{"type":"Point","coordinates":[77.07803025773455,10.479096506630986]}},{"type":"Feature","properties":{"crop":"Jackfruit","treeNo":"387","canonicalId":"jackfruit:387"},"geometry":{"type":"Point","coordinates":[77.07798113827927,10.479139763150368]}},{"type":"Feature","properties":{"crop":"Jackfruit","treeNo":"388","canonicalId":"jackfruit:388"},"geometry":{"type":"Point","coordinates":[77.07792382352096,10.479132827944735]}},{"type":"Feature","properties":{"crop":"Jackfruit","treeNo":"389","canonicalId":"jackfruit:389"},"geometry":{"type":"Point","coordinates":[77.07781941532068,10.479177783342077]}},{"type":"Feature","properties":{"crop":"Jackfruit","treeNo":"390","canonicalId":"jackfruit:390"},"geometry":{"type":"Point","coordinates":[77.07770851876465,10.479234928947088]}},{"type":"Feature","properties":{"crop":"Jackfruit","treeNo":"391","canonicalId":"jackfruit:391"},"geometry":{"type":"Point","coordinates":[77.07769790310486,10.479170589110316]}},{"type":"Feature","properties":{"crop":"Jackfruit","treeNo":"392","canonicalId":"jackfruit:392"},"geometry":{"type":"Point","coordinates":[77.07775198568774,10.479164813781408]}},{"type":"Feature","properties":{"crop":"Jackfruit","treeNo":"393","canonicalId":"jackfruit:393"},"geometry":{"type":"Point","coordinates":[77.07780950243124,10.479114466402562]}},{"type":"Feature","properties":{"crop":"Jackfruit","treeNo":"394","canonicalId":"jackfruit:394"},"geometry":{"type":"Point","coordinates":[77.07786753182981,10.47912380453141]}},{"type":"Feature","properties":{"crop":"Jackfruit","treeNo":"395","canonicalId":"jackfruit:395"},"geometry":{"type":"Point","coordinates":[77.07791419302428,10.47907714041539]}},{"type":"Feature","properties":{"crop":"Jackfruit","treeNo":"396","canonicalId":"jackfruit:396"},"geometry":{"type":"Point","coordinates":[77.07796420702527,10.479082477865335]}},{"type":"Feature","properties":{"crop":"Jackfruit","treeNo":"397","canonicalId":"jackfruit:397"},"geometry":{"type":"Point","coordinates":[77.07802523469408,10.479036899900256]}},{"type":"Feature","properties":{"crop":"Jackfruit","treeNo":"398","canonicalId":"jackfruit:398"},"geometry":{"type":"Point","coordinates":[77.07807492544727,10.479045003416946]}},{"type":"Feature","properties":{"crop":"Jackfruit","treeNo":"399","canonicalId":"jackfruit:399"},"geometry":{"type":"Point","coordinates":[77.07814126382308,10.479052126041923]}},{"type":"Feature","properties":{"crop":"Jackfruit","treeNo":"400","canonicalId":"jackfruit:400"},"geometry":{"type":"Point","coordinates":[77.0781954738057,10.47906118576791]}},{"type":"Feature","properties":{"crop":"Jackfruit","treeNo":"401","canonicalId":"jackfruit:401"},"geometry":{"type":"Point","coordinates":[77.07825557599381,10.479069452456828]}},{"type":"Feature","properties":{"crop":"Jackfruit","treeNo":"402","canonicalId":"jackfruit:402"},"geometry":{"type":"Point","coordinates":[77.07830421701276,10.479076539107137]}},{"type":"Feature","properties":{"crop":"Jackfruit","treeNo":"403","canonicalId":"jackfruit:403"},"geometry":{"type":"Point","coordinates":[77.07836182255288,10.479036541734374]}},{"type":"Feature","properties":{"crop":"Jackfruit","treeNo":"404","canonicalId":"jackfruit:404"},"geometry":{"type":"Point","coordinates":[77.0784156885469,10.479045952485153]}},{"type":"Feature","properties":{"crop":"Jackfruit","treeNo":"405","canonicalId":"jackfruit:405"},"geometry":{"type":"Point","coordinates":[77.07847679897117,10.479050405919661]}},{"type":"Feature","properties":{"crop":"Jackfruit","treeNo":"406","canonicalId":"jackfruit:406"},"geometry":{"type":"Point","coordinates":[77.078531744348,10.479064283505435]}},{"type":"Feature","properties":{"crop":"Jackfruit","treeNo":"407","canonicalId":"jackfruit:407"},"geometry":{"type":"Point","coordinates":[77.07857733861638,10.479019665142971]}},{"type":"Feature","properties":{"crop":"Jackfruit","treeNo":"408","canonicalId":"jackfruit:408"},"geometry":{"type":"Point","coordinates":[77.07863704345085,10.4790220727721]}},{"type":"Feature","properties":{"crop":"Jackfruit","treeNo":"409","canonicalId":"jackfruit:409"},"geometry":{"type":"Point","coordinates":[77.07869680164211,10.4790306904401]}},{"type":"Feature","properties":{"crop":"Jackfruit","treeNo":"410","canonicalId":"jackfruit:410"},"geometry":{"type":"Point","coordinates":[77.07875583925733,10.479036215192465]}},{"type":"Feature","properties":{"crop":"Jackfruit","treeNo":"411","canonicalId":"jackfruit:411"},"geometry":{"type":"Point","coordinates":[77.07880659456903,10.479047060431425]}},{"type":"Feature","properties":{"crop":"Jackfruit","treeNo":"412","canonicalId":"jackfruit:412"},"geometry":{"type":"Point","coordinates":[77.07885512006531,10.479000320504838]}},{"type":"Feature","properties":{"crop":"Jackfruit","treeNo":"413","canonicalId":"jackfruit:413"},"geometry":{"type":"Point","coordinates":[77.07891454019527,10.479009979200521]}},{"type":"Feature","properties":{"crop":"Jackfruit","treeNo":"414","canonicalId":"jackfruit:414"},"geometry":{"type":"Point","coordinates":[77.0789677537904,10.479024232015286]}},{"type":"Feature","properties":{"crop":"Jackfruit","treeNo":"415","canonicalId":"jackfruit:415"},"geometry":{"type":"Point","coordinates":[77.07902261912076,10.479028794439472]}},{"type":"Feature","properties":{"crop":"Jackfruit","treeNo":"416","canonicalId":"jackfruit:416"},"geometry":{"type":"Point","coordinates":[77.07908794627761,10.479039385073191]}},{"type":"Feature","properties":{"crop":"Jackfruit","treeNo":"417","canonicalId":"jackfruit:417"},"geometry":{"type":"Point","coordinates":[77.0791470283598,10.479050084791643]}},{"type":"Feature","properties":{"crop":"Jackfruit","treeNo":"418","canonicalId":"jackfruit:418"},"geometry":{"type":"Point","coordinates":[77.07914162258503,10.478986344148002]}},{"type":"Feature","properties":{"crop":"Jackfruit","treeNo":"419","canonicalId":"jackfruit:419"},"geometry":{"type":"Point","coordinates":[77.07908462220713,10.478975608060347]}},{"type":"Feature","properties":{"crop":"Jackfruit","treeNo":"420","canonicalId":"jackfruit:420"},"geometry":{"type":"Point","coordinates":[77.07902040706232,10.478973279305944]}},{"type":"Feature","properties":{"crop":"Jackfruit","treeNo":"421","canonicalId":"jackfruit:421"},"geometry":{"type":"Point","coordinates":[77.0789640650087,10.478958391040793]}},{"type":"Feature","properties":{"crop":"Jackfruit","treeNo":"422","canonicalId":"jackfruit:422"},"geometry":{"type":"Point","coordinates":[77.0789004577891,10.478946045059935]}},{"type":"Feature","properties":{"crop":"Jackfruit","treeNo":"423","canonicalId":"jackfruit:423"},"geometry":{"type":"Point","coordinates":[77.07885114661404,10.478941730642987]}},{"type":"Feature","properties":{"crop":"Jackfruit","treeNo":"424","canonicalId":"jackfruit:424"},"geometry":{"type":"Point","coordinates":[77.07879776680697,10.478988900419528]}},{"type":"Feature","properties":{"crop":"Jackfruit","treeNo":"425","canonicalId":"jackfruit:425"},"geometry":{"type":"Point","coordinates":[77.07874496834982,10.47898257657703]}},{"type":"Feature","properties":{"crop":"Jackfruit","treeNo":"426","canonicalId":"jackfruit:426"},"geometry":{"type":"Point","coordinates":[77.07868869744162,10.478975968327962]}},{"type":"Feature","properties":{"crop":"Jackfruit","treeNo":"427","canonicalId":"jackfruit:427"},"geometry":{"type":"Point","coordinates":[77.07862961240878,10.478964923515745]}},{"type":"Feature","properties":{"crop":"Jackfruit","treeNo":"428","canonicalId":"jackfruit:428"},"geometry":{"type":"Point","coordinates":[77.078570877291,10.478954217634154]}},{"type":"Feature","properties":{"crop":"Jackfruit","treeNo":"429","canonicalId":"jackfruit:429"},"geometry":{"type":"Point","coordinates":[77.07851930034953,10.479009292135506]}},{"type":"Feature","properties":{"crop":"Jackfruit","treeNo":"430","canonicalId":"jackfruit:430"},"geometry":{"type":"Point","coordinates":[77.07846428088124,10.478986789474448]}},{"type":"Feature","properties":{"crop":"Jackfruit","treeNo":"431","canonicalId":"jackfruit:431"},"geometry":{"type":"Point","coordinates":[77.07841116511169,10.478983921663996]}},{"type":"Feature","properties":{"crop":"Jackfruit","treeNo":"432","canonicalId":"jackfruit:432"},"geometry":{"type":"Point","coordinates":[77.07835209489677,10.478974601812947]}},{"type":"Feature","properties":{"crop":"Jackfruit","treeNo":"433","canonicalId":"jackfruit:433"},"geometry":{"type":"Point","coordinates":[77.07829824199202,10.479027300657476]}},{"type":"Feature","properties":{"crop":"Jackfruit","treeNo":"434","canonicalId":"jackfruit:434"},"geometry":{"type":"Point","coordinates":[77.07823884260196,10.479020056863826]}},{"type":"Feature","properties":{"crop":"Jackfruit","treeNo":"435","canonicalId":"jackfruit:435"},"geometry":{"type":"Point","coordinates":[77.07817555564469,10.479004599648631]}},{"type":"Feature","properties":{"crop":"Jackfruit","treeNo":"436","canonicalId":"jackfruit:436"},"geometry":{"type":"Point","coordinates":[77.0781164617147,10.478992519729845]}},{"type":"Feature","properties":{"crop":"Jackfruit","treeNo":"437","canonicalId":"jackfruit:437"},"geometry":{"type":"Point","coordinates":[77.07806851756926,10.478985765930629]}},{"type":"Feature","properties":{"crop":"Jackfruit","treeNo":"438","canonicalId":"jackfruit:438"},"geometry":{"type":"Point","coordinates":[77.07796822837881,10.479025473600926]}},{"type":"Feature","properties":{"crop":"Jackfruit","treeNo":"439","canonicalId":"jackfruit:439"},"geometry":{"type":"Point","coordinates":[77.07791822624108,10.47902151616171]}},{"type":"Feature","properties":{"crop":"Jackfruit","treeNo":"440","canonicalId":"jackfruit:440"},"geometry":{"type":"Point","coordinates":[77.07785161180996,10.47906305102738]}},{"type":"Feature","properties":{"crop":"Jackfruit","treeNo":"441","canonicalId":"jackfruit:441"},"geometry":{"type":"Point","coordinates":[77.07779395900546,10.47905715686366]}},{"type":"Feature","properties":{"crop":"Jackfruit","treeNo":"442","canonicalId":"jackfruit:442"},"geometry":{"type":"Point","coordinates":[77.0777477158603,10.47911209497746]}},{"type":"Feature","properties":{"crop":"Jackfruit","treeNo":"443","canonicalId":"jackfruit:443"},"geometry":{"type":"Point","coordinates":[77.07768812654899,10.47912314230086]}},{"type":"Feature","properties":{"crop":"Jackfruit","treeNo":"444","canonicalId":"jackfruit:444"},"geometry":{"type":"Point","coordinates":[77.0776844061121,10.47906368533085]}},{"type":"Feature","properties":{"crop":"Jackfruit","treeNo":"445","canonicalId":"jackfruit:445"},"geometry":{"type":"Point","coordinates":[77.0777370415851,10.479056080612098]}},{"type":"Feature","properties":{"crop":"Jackfruit","treeNo":"446","canonicalId":"jackfruit:446"},"geometry":{"type":"Point","coordinates":[77.07779311717907,10.47899954742342]}},{"type":"Feature","properties":{"crop":"Jackfruit","treeNo":"447","canonicalId":"jackfruit:447"},"geometry":{"type":"Point","coordinates":[77.07784386062757,10.479009012811769]}},{"type":"Feature","properties":{"crop":"Jackfruit","treeNo":"448","canonicalId":"jackfruit:448"},"geometry":{"type":"Point","coordinates":[77.07789343010243,10.478962599829403]}},{"type":"Feature","properties":{"crop":"Jackfruit","treeNo":"449","canonicalId":"jackfruit:449"},"geometry":{"type":"Point","coordinates":[77.07795532925219,10.478978081344096]}},{"type":"Feature","properties":{"crop":"Jackfruit","treeNo":"450","canonicalId":"jackfruit:450"},"geometry":{"type":"Point","coordinates":[77.0780106470672,10.478934328385476]}},{"type":"Feature","properties":{"crop":"Jackfruit","treeNo":"451","canonicalId":"jackfruit:451"},"geometry":{"type":"Point","coordinates":[77.07801295833053,10.478981215457237]}},{"type":"Feature","properties":{"crop":"Jackfruit","treeNo":"452","canonicalId":"jackfruit:452"},"geometry":{"type":"Point","coordinates":[77.07806372727424,10.478933056229968]}},{"type":"Feature","properties":{"crop":"Jackfruit","treeNo":"453","canonicalId":"jackfruit:453"},"geometry":{"type":"Point","coordinates":[77.0781172018467,10.478937298052545]}},{"type":"Feature","properties":{"crop":"Jackfruit","treeNo":"454","canonicalId":"jackfruit:454"},"geometry":{"type":"Point","coordinates":[77.07817109449734,10.47894981387574]}},{"type":"Feature","properties":{"crop":"Jackfruit","treeNo":"455","canonicalId":"jackfruit:455"},"geometry":{"type":"Point","coordinates":[77.07823433402193,10.478959751047707]}},{"type":"Feature","properties":{"crop":"Jackfruit","treeNo":"456","canonicalId":"jackfruit:456"},"geometry":{"type":"Point","coordinates":[77.07829201940338,10.47896944016517]}},{"type":"Feature","properties":{"crop":"Jackfruit","treeNo":"457","canonicalId":"jackfruit:457"},"geometry":{"type":"Point","coordinates":[77.07834086525592,10.478919589218403]}},{"type":"Feature","properties":{"crop":"Jackfruit","treeNo":"458","canonicalId":"jackfruit:458"},"geometry":{"type":"Point","coordinates":[77.07839782709189,10.478925840409163]}},{"type":"Feature","properties":{"crop":"Jackfruit","treeNo":"459","canonicalId":"jackfruit:459"},"geometry":{"type":"Point","coordinates":[77.07845413949143,10.478937278752548]}},{"type":"Feature","properties":{"crop":"Jackfruit","treeNo":"460","canonicalId":"jackfruit:460"},"geometry":{"type":"Point","coordinates":[77.07851077216495,10.478945605999295]}},{"type":"Feature","properties":{"crop":"Jackfruit","treeNo":"461","canonicalId":"jackfruit:461"},"geometry":{"type":"Point","coordinates":[77.07856587194132,10.478896680947843]}},{"type":"Feature","properties":{"crop":"Jackfruit","treeNo":"462","canonicalId":"jackfruit:462"},"geometry":{"type":"Point","coordinates":[77.07862084989713,10.478914353553721]}},{"type":"Feature","properties":{"crop":"Jackfruit","treeNo":"463","canonicalId":"jackfruit:463"},"geometry":{"type":"Point","coordinates":[77.07867921137975,10.478921960462548]}},{"type":"Feature","properties":{"crop":"Jackfruit","treeNo":"464","canonicalId":"jackfruit:464"},"geometry":{"type":"Point","coordinates":[77.07873300620783,10.478923091094696]}},{"type":"Feature","properties":{"crop":"Jackfruit","treeNo":"465","canonicalId":"jackfruit:465"},"geometry":{"type":"Point","coordinates":[77.0787945109796,10.47893305845572]}},{"type":"Feature","properties":{"crop":"Jackfruit","treeNo":"466","canonicalId":"jackfruit:466"},"geometry":{"type":"Point","coordinates":[77.07884305869716,10.478888906054447]}},{"type":"Feature","properties":{"crop":"Jackfruit","treeNo":"467","canonicalId":"jackfruit:467"},"geometry":{"type":"Point","coordinates":[77.0788972686474,10.47889796566237]}},{"type":"Feature","properties":{"crop":"Jackfruit","treeNo":"468","canonicalId":"jackfruit:468"},"geometry":{"type":"Point","coordinates":[77.07894982686464,10.478916715641168]}},{"type":"Feature","properties":{"crop":"Jackfruit","treeNo":"469","canonicalId":"jackfruit:469"},"geometry":{"type":"Point","coordinates":[77.07901056065549,10.47891772501006]}},{"type":"Feature","properties":{"crop":"Jackfruit","treeNo":"470","canonicalId":"jackfruit:470"},"geometry":{"type":"Point","coordinates":[77.07907168586394,10.478923903346999]}},{"type":"Feature","properties":{"crop":"Jackfruit","treeNo":"471","canonicalId":"jackfruit:471"},"geometry":{"type":"Point","coordinates":[77.07912925264311,10.478919792200866]}},{"type":"Feature","properties":{"crop":"Jackfruit","treeNo":"472","canonicalId":"jackfruit:472"},"geometry":{"type":"Point","coordinates":[77.07912051080912,10.478871637286725]}},{"type":"Feature","properties":{"crop":"Jackfruit","treeNo":"473","canonicalId":"jackfruit:473"},"geometry":{"type":"Point","coordinates":[77.07907053539978,10.478870785051207]}},{"type":"Feature","properties":{"crop":"Jackfruit","treeNo":"474","canonicalId":"jackfruit:474"},"geometry":{"type":"Point","coordinates":[77.07900238822161,10.47885506785282]}},{"type":"Feature","properties":{"crop":"Jackfruit","treeNo":"475","canonicalId":"jackfruit:475"},"geometry":{"type":"Point","coordinates":[77.07894232165869,10.47885094133376]}},{"type":"Feature","properties":{"crop":"Jackfruit","treeNo":"476","canonicalId":"jackfruit:476"},"geometry":{"type":"Point","coordinates":[77.07889228992194,10.478843534017193]}},{"type":"Feature","properties":{"crop":"Jackfruit","treeNo":"477","canonicalId":"jackfruit:477"},"geometry":{"type":"Point","coordinates":[77.07883460160285,10.478833500004935]}},{"type":"Feature","properties":{"crop":"Jackfruit","treeNo":"478","canonicalId":"jackfruit:478"},"geometry":{"type":"Point","coordinates":[77.07878331535721,10.478882013423304]}},{"type":"Feature","properties":{"crop":"Jackfruit","treeNo":"479","canonicalId":"jackfruit:479"},"geometry":{"type":"Point","coordinates":[77.07872424368246,10.478872521138396]}},{"type":"Feature","properties":{"crop":"Jackfruit","treeNo":"480","canonicalId":"jackfruit:480"},"geometry":{"type":"Point","coordinates":[77.07867491769494,10.478866481677386]}},{"type":"Feature","properties":{"crop":"Jackfruit","treeNo":"481","canonicalId":"jackfruit:481"},"geometry":{"type":"Point","coordinates":[77.07861493863427,10.478852346984208]}},{"type":"Feature","properties":{"crop":"Jackfruit","treeNo":"482","canonicalId":"jackfruit:482"},"geometry":{"type":"Point","coordinates":[77.07856007184559,10.478847611981086]}},{"type":"Feature","properties":{"crop":"Jackfruit","treeNo":"483","canonicalId":"jackfruit:483"},"geometry":{"type":"Point","coordinates":[77.07850615230855,10.478892548286423]}},{"type":"Feature","properties":{"crop":"Jackfruit","treeNo":"484","canonicalId":"jackfruit:484"},"geometry":{"type":"Point","coordinates":[77.07844535033273,10.478883603754323]}},{"type":"Feature","properties":{"crop":"Jackfruit","treeNo":"485","canonicalId":"jackfruit:485"},"geometry":{"type":"Point","coordinates":[77.07838939971181,10.47887388436155]}},{"type":"Feature","properties":{"crop":"Jackfruit","treeNo":"486","canonicalId":"jackfruit:486"},"geometry":{"type":"Point","coordinates":[77.0783278890219,10.478863226911622]}},{"type":"Feature","properties":{"crop":"Jackfruit","treeNo":"487","canonicalId":"jackfruit:487"},"geometry":{"type":"Point","coordinates":[77.07828396862507,10.478920928080504]}},{"type":"Feature","properties":{"crop":"Jackfruit","treeNo":"488","canonicalId":"jackfruit:488"},"geometry":{"type":"Point","coordinates":[77.07822036734127,10.478909271962689]}},{"type":"Feature","properties":{"crop":"Jackfruit","treeNo":"489","canonicalId":"jackfruit:489"},"geometry":{"type":"Point","coordinates":[77.0781574155017,10.478892428667615]}},{"type":"Feature","properties":{"crop":"Jackfruit","treeNo":"490","canonicalId":"jackfruit:490"},"geometry":{"type":"Point","coordinates":[77.0781046111262,10.478885414707232]}},{"type":"Feature","properties":{"crop":"Jackfruit","treeNo":"491","canonicalId":"jackfruit:491"},"geometry":{"type":"Point","coordinates":[77.07805558466102,10.478873849041332]}},{"type":"Feature","properties":{"crop":"Jackfruit","treeNo":"492","canonicalId":"jackfruit:492"},"geometry":{"type":"Point","coordinates":[77.07794664252509,10.478916123215008]}},{"type":"Feature","properties":{"crop":"Jackfruit","treeNo":"493","canonicalId":"jackfruit:493"},"geometry":{"type":"Point","coordinates":[77.07788928335724,10.47890401295041]}},{"type":"Feature","properties":{"crop":"Jackfruit","treeNo":"494","canonicalId":"jackfruit:494"},"geometry":{"type":"Point","coordinates":[77.07784323239092,10.478935872179372]}},{"type":"Feature","properties":{"crop":"Jackfruit","treeNo":"495","canonicalId":"jackfruit:495"},"geometry":{"type":"Point","coordinates":[77.07778501017144,10.478944480254501]}},{"type":"Feature","properties":{"crop":"Jackfruit","treeNo":"496","canonicalId":"jackfruit:496"},"geometry":{"type":"Point","coordinates":[77.07773200674896,10.478995093853673]}},{"type":"Feature","properties":{"crop":"Jackfruit","treeNo":"497","canonicalId":"jackfruit:497"},"geometry":{"type":"Point","coordinates":[77.07767601487565,10.478940172879874]}},{"type":"Feature","properties":{"crop":"Jackfruit","treeNo":"498","canonicalId":"jackfruit:498"},"geometry":{"type":"Point","coordinates":[77.07773019224442,10.4789454376585]}},{"type":"Feature","properties":{"crop":"Jackfruit","treeNo":"499","canonicalId":"jackfruit:499"},"geometry":{"type":"Point","coordinates":[77.07778122521256,10.478887612325531]}},{"type":"Feature","properties":{"crop":"Jackfruit","treeNo":"500","canonicalId":"jackfruit:500"},"geometry":{"type":"Point","coordinates":[77.07782776969599,10.478893010398595]}},{"type":"Feature","properties":{"crop":"Jackfruit","treeNo":"501","canonicalId":"jackfruit:501"},"geometry":{"type":"Point","coordinates":[77.07787182650237,10.478851179414248]}},{"type":"Feature","properties":{"crop":"Jackfruit","treeNo":"502","canonicalId":"jackfruit:502"},"geometry":{"type":"Point","coordinates":[77.07793054678406,10.478860160418577]}},{"type":"Feature","properties":{"crop":"Jackfruit","treeNo":"503","canonicalId":"jackfruit:503"},"geometry":{"type":"Point","coordinates":[77.07799408582399,10.478864571536429]}},{"type":"Feature","properties":{"crop":"Jackfruit","treeNo":"504","canonicalId":"jackfruit:504"},"geometry":{"type":"Point","coordinates":[77.0780438257639,10.47881781050612]}},{"type":"Feature","properties":{"crop":"Jackfruit","treeNo":"505","canonicalId":"jackfruit:505"},"geometry":{"type":"Point","coordinates":[77.0780993048524,10.478833231601882]}},{"type":"Feature","properties":{"crop":"Jackfruit","treeNo":"506","canonicalId":"jackfruit:506"},"geometry":{"type":"Point","coordinates":[77.0781583409588,10.478838583973035]}},{"type":"Feature","properties":{"crop":"Jackfruit","treeNo":"507","canonicalId":"jackfruit:507"},"geometry":{"type":"Point","coordinates":[77.07822124833037,10.478850252226534]}},{"type":"Feature","properties":{"crop":"Jackfruit","treeNo":"508","canonicalId":"jackfruit:508"},"geometry":{"type":"Point","coordinates":[77.07827472288533,10.478854494024949]}},{"type":"Feature","properties":{"crop":"Jackfruit","treeNo":"509","canonicalId":"jackfruit:509"},"geometry":{"type":"Point","coordinates":[77.07832134319945,10.478808132502913]}},{"type":"Feature","properties":{"crop":"Jackfruit","treeNo":"510","canonicalId":"jackfruit:510"},"geometry":{"type":"Point","coordinates":[77.07837853628597,10.478821108227038]}},{"type":"Feature","properties":{"crop":"Jackfruit","treeNo":"511","canonicalId":"jackfruit:511"},"geometry":{"type":"Point","coordinates":[77.07843988831281,10.478833493712846]}},{"type":"Feature","properties":{"crop":"Jackfruit","treeNo":"512","canonicalId":"jackfruit:512"},"geometry":{"type":"Point","coordinates":[77.07849525181155,10.478835459624365]}},{"type":"Feature","properties":{"crop":"Jackfruit","treeNo":"513","canonicalId":"jackfruit:513"},"geometry":{"type":"Point","coordinates":[77.07860007637235,10.478798605550738]}},{"type":"Feature","properties":{"crop":"Jackfruit","treeNo":"514","canonicalId":"jackfruit:514"},"geometry":{"type":"Point","coordinates":[77.07866711451071,10.478806405958654]}},{"type":"Feature","properties":{"crop":"Jackfruit","treeNo":"515","canonicalId":"jackfruit:515"},"geometry":{"type":"Point","coordinates":[77.0787178727474,10.478817596222491]}},{"type":"Feature","properties":{"crop":"Jackfruit","treeNo":"516","canonicalId":"jackfruit:516"},"geometry":{"type":"Point","coordinates":[77.07877936267585,10.478825838576707]}},{"type":"Feature","properties":{"crop":"Jackfruit","treeNo":"517","canonicalId":"jackfruit:517"},"geometry":{"type":"Point","coordinates":[77.07881624314213,10.478776714170227]}},{"type":"Feature","properties":{"crop":"Jackfruit","treeNo":"518","canonicalId":"jackfruit:518"},"geometry":{"type":"Point","coordinates":[77.07887464016976,10.478788461080375]}},{"type":"Feature","properties":{"crop":"Jackfruit","treeNo":"519","canonicalId":"jackfruit:519"},"geometry":{"type":"Point","coordinates":[77.07893802644887,10.478795290059377]}},{"type":"Feature","properties":{"crop":"Jackfruit","treeNo":"520","canonicalId":"jackfruit:520"},"geometry":{"type":"Point","coordinates":[77.07899344477225,10.478803638435382]}},{"type":"Feature","properties":{"crop":"Jackfruit","treeNo":"521","canonicalId":"jackfruit:521"},"geometry":{"type":"Point","coordinates":[77.07905742262767,10.47881873836344]}},{"type":"Feature","properties":{"crop":"Jackfruit","treeNo":"522","canonicalId":"jackfruit:522"},"geometry":{"type":"Point","coordinates":[77.07876617288018,10.478764821794742]}},{"type":"Feature","properties":{"crop":"Jackfruit","treeNo":"523","canonicalId":"jackfruit:523"},"geometry":{"type":"Point","coordinates":[77.07871274577906,10.478766100122016]}},{"type":"Feature","properties":{"crop":"Jackfruit","treeNo":"524","canonicalId":"jackfruit:524"},"geometry":{"type":"Point","coordinates":[77.07865009644757,10.478744075821282]}},{"type":"Feature","properties":{"crop":"Jackfruit","treeNo":"525","canonicalId":"jackfruit:525"},"geometry":{"type":"Point","coordinates":[77.07859196775618,10.478743365926745]}},{"type":"Feature","properties":{"crop":"Jackfruit","treeNo":"526","canonicalId":"jackfruit:526"},"geometry":{"type":"Point","coordinates":[77.07854134721524,10.478788589663035]}},{"type":"Feature","properties":{"crop":"Jackfruit","treeNo":"527","canonicalId":"jackfruit:527"},"geometry":{"type":"Point","coordinates":[77.07848570799226,10.478774724189995]}},{"type":"Feature","properties":{"crop":"Jackfruit","treeNo":"528","canonicalId":"jackfruit:528"},"geometry":{"type":"Point","coordinates":[77.07843011323214,10.478766033749114]}},{"type":"Feature","properties":{"crop":"Jackfruit","treeNo":"529","canonicalId":"jackfruit:529"},"geometry":{"type":"Point","coordinates":[77.0783713485137,10.47875187779331]}},{"type":"Feature","properties":{"crop":"Jackfruit","treeNo":"530","canonicalId":"jackfruit:530"},"geometry":{"type":"Point","coordinates":[77.07827027951099,10.47880177827326]}},{"type":"Feature","properties":{"crop":"Jackfruit","treeNo":"531","canonicalId":"jackfruit:531"},"geometry":{"type":"Point","coordinates":[77.07821365871743,10.478794830988956]}},{"type":"Feature","properties":{"crop":"Jackfruit","treeNo":"532","canonicalId":"jackfruit:532"},"geometry":{"type":"Point","coordinates":[77.07815560567464,10.478782732889995]}},{"type":"Feature","properties":{"crop":"Jackfruit","treeNo":"533","canonicalId":"jackfruit:533"},"geometry":{"type":"Point","coordinates":[77.07809796478257,10.47877821878419]}},{"type":"Feature","properties":{"crop":"Jackfruit","treeNo":"534","canonicalId":"jackfruit:534"},"geometry":{"type":"Point","coordinates":[77.078035739469,10.478765158371223]}},{"type":"Feature","properties":{"crop":"Jackfruit","treeNo":"535","canonicalId":"jackfruit:535"},"geometry":{"type":"Point","coordinates":[77.07798756969422,10.478812927139066]}},{"type":"Feature","properties":{"crop":"Jackfruit","treeNo":"536","canonicalId":"jackfruit:536"},"geometry":{"type":"Point","coordinates":[77.07792951220344,10.478800311493337]}},{"type":"Feature","properties":{"crop":"Jackfruit","treeNo":"537","canonicalId":"jackfruit:537"},"geometry":{"type":"Point","coordinates":[77.07782595518006,10.478843354206493]}},{"type":"Feature","properties":{"crop":"Jackfruit","treeNo":"538","canonicalId":"jackfruit:538"},"geometry":{"type":"Point","coordinates":[77.07772429300675,10.478884811050664]}},{"type":"Feature","properties":{"crop":"Jackfruit","treeNo":"539","canonicalId":"jackfruit:539"},"geometry":{"type":"Point","coordinates":[77.07766189258675,10.478891766800588]}},{"type":"Feature","properties":{"crop":"Jackfruit","treeNo":"540","canonicalId":"jackfruit:540"},"geometry":{"type":"Point","coordinates":[77.07770743821831,10.478821270287419]}},{"type":"Feature","properties":{"crop":"Jackfruit","treeNo":"541","canonicalId":"jackfruit:541"},"geometry":{"type":"Point","coordinates":[77.07776689684188,10.478835414250163]}},{"type":"Feature","properties":{"crop":"Jackfruit","treeNo":"542","canonicalId":"jackfruit:542"},"geometry":{"type":"Point","coordinates":[77.07781881345802,10.478779471283277]}},{"type":"Feature","properties":{"crop":"Jackfruit","treeNo":"543","canonicalId":"jackfruit:543"},"geometry":{"type":"Point","coordinates":[77.07787703404674,10.47879087641061]}},{"type":"Feature","properties":{"crop":"Jackfruit","treeNo":"544","canonicalId":"jackfruit:544"},"geometry":{"type":"Point","coordinates":[77.077923544663,10.478751935530873]}},{"type":"Feature","properties":{"crop":"Jackfruit","treeNo":"545","canonicalId":"jackfruit:545"},"geometry":{"type":"Point","coordinates":[77.0779788161829,10.478763392146934]}},{"type":"Feature","properties":{"crop":"Jackfruit","treeNo":"546","canonicalId":"jackfruit:546"},"geometry":{"type":"Point","coordinates":[77.07803156751734,10.478703638972979]}},{"type":"Feature","properties":{"crop":"Jackfruit","treeNo":"547","canonicalId":"jackfruit:547"},"geometry":{"type":"Point","coordinates":[77.07809225822189,10.478719831684854]}},{"type":"Feature","properties":{"crop":"Jackfruit","treeNo":"548","canonicalId":"jackfruit:548"},"geometry":{"type":"Point","coordinates":[77.07814701385917,10.478711629164897]}},{"type":"Feature","properties":{"crop":"Jackfruit","treeNo":"549","canonicalId":"jackfruit:549"},"geometry":{"type":"Point","coordinates":[77.0782089307419,10.478729180655039]}},{"type":"Feature","properties":{"crop":"Jackfruit","treeNo":"550","canonicalId":"jackfruit:550"},"geometry":{"type":"Point","coordinates":[77.07826262320712,10.478738594472993]}},{"type":"Feature","properties":{"crop":"Jackfruit","treeNo":"551","canonicalId":"jackfruit:551"},"geometry":{"type":"Point","coordinates":[77.07831752406611,10.478747297065194]}},{"type":"Feature","properties":{"crop":"Jackfruit","treeNo":"552","canonicalId":"jackfruit:552"},"geometry":{"type":"Point","coordinates":[77.07836569080845,10.478699183255964]}},{"type":"Feature","properties":{"crop":"Jackfruit","treeNo":"553","canonicalId":"jackfruit:553"},"geometry":{"type":"Point","coordinates":[77.078416291853,10.478712274119276]}},{"type":"Feature","properties":{"crop":"Jackfruit","treeNo":"554","canonicalId":"jackfruit:554"},"geometry":{"type":"Point","coordinates":[77.07848161153504,10.478722002387395]}},{"type":"Feature","properties":{"crop":"Jackfruit","treeNo":"555","canonicalId":"jackfruit:555"},"geometry":{"type":"Point","coordinates":[77.07853443959108,10.478731776311585]}},{"type":"Feature","properties":{"crop":"Jackfruit","treeNo":"556","canonicalId":"jackfruit:556"},"geometry":{"type":"Point","coordinates":[77.07831025768043,10.47868910974925]}},{"type":"Feature","properties":{"crop":"Jackfruit","treeNo":"557","canonicalId":"jackfruit:557"},"geometry":{"type":"Point","coordinates":[77.07824877518371,10.478681729803915]}},{"type":"Feature","properties":{"crop":"Jackfruit","treeNo":"558","canonicalId":"jackfruit:558"},"geometry":{"type":"Point","coordinates":[77.07819768336049,10.478672098030628]}},{"type":"Feature","properties":{"crop":"Jackfruit","treeNo":"559","canonicalId":"jackfruit:559"},"geometry":{"type":"Point","coordinates":[77.0781339990457,10.47867096750416]}},{"type":"Feature","properties":{"crop":"Jackfruit","treeNo":"560","canonicalId":"jackfruit:560"},"geometry":{"type":"Point","coordinates":[77.07807329205099,10.478652877282626]}},{"type":"Feature","properties":{"crop":"Jackfruit","treeNo":"561","canonicalId":"jackfruit:561"},"geometry":{"type":"Point","coordinates":[77.07796958978027,10.478699200587744]}},{"type":"Feature","properties":{"crop":"Jackfruit","treeNo":"562","canonicalId":"jackfruit:562"},"geometry":{"type":"Point","coordinates":[77.07791034318048,10.47868953866843]}},{"type":"Feature","properties":{"crop":"Jackfruit","treeNo":"563","canonicalId":"jackfruit:563"},"geometry":{"type":"Point","coordinates":[77.07786308076894,10.478741949810244]}},{"type":"Feature","properties":{"crop":"Jackfruit","treeNo":"564","canonicalId":"jackfruit:564"},"geometry":{"type":"Point","coordinates":[77.07780884713598,10.478730129990913]}},{"type":"Feature","properties":{"crop":"Jackfruit","treeNo":"565","canonicalId":"jackfruit:565"},"geometry":{"type":"Point","coordinates":[77.0777601080074,10.478772215269753]}},{"type":"Feature","properties":{"crop":"Jackfruit","treeNo":"566","canonicalId":"jackfruit:566"},"geometry":{"type":"Point","coordinates":[77.07770486019189,10.478763518638582]}},{"type":"Feature","properties":{"crop":"Jackfruit","treeNo":"567","canonicalId":"jackfruit:567"},"geometry":{"type":"Point","coordinates":[77.07763900956729,10.478772777493411]}},{"type":"Feature","properties":{"crop":"Jackfruit","treeNo":"568","canonicalId":"jackfruit:568"},"geometry":{"type":"Point","coordinates":[77.07769907505113,10.478716174644319]}},{"type":"Feature","properties":{"crop":"Jackfruit","treeNo":"569","canonicalId":"jackfruit:569"},"geometry":{"type":"Point","coordinates":[77.07775082966565,10.47872217184876]}},{"type":"Feature","properties":{"crop":"Jackfruit","treeNo":"570","canonicalId":"jackfruit:570"},"geometry":{"type":"Point","coordinates":[77.0777981128398,10.478672175741524]}},{"type":"Feature","properties":{"crop":"Jackfruit","treeNo":"571","canonicalId":"jackfruit:571"},"geometry":{"type":"Point","coordinates":[77.07785581002148,10.478683244963081]}},{"type":"Feature","properties":{"crop":"Jackfruit","treeNo":"572","canonicalId":"jackfruit:572"},"geometry":{"type":"Point","coordinates":[77.07789607715314,10.478624399959173]}},{"type":"Feature","properties":{"crop":"Jackfruit","treeNo":"573","canonicalId":"jackfruit:573"},"geometry":{"type":"Point","coordinates":[77.07795799697642,10.478642296507285]}},{"type":"Feature","properties":{"crop":"Jackfruit","treeNo":"574","canonicalId":"jackfruit:574"},"geometry":{"type":"Point","coordinates":[77.07802692700832,10.478648166215388]}},{"type":"Feature","properties":{"crop":"Jackfruit","treeNo":"575","canonicalId":"jackfruit:575"},"geometry":{"type":"Point","coordinates":[77.07784164475778,10.47862983635081]}},{"type":"Feature","properties":{"crop":"Jackfruit","treeNo":"576","canonicalId":"jackfruit:576"},"geometry":{"type":"Point","coordinates":[77.07778507449083,10.47860856832786]}},{"type":"Feature","properties":{"crop":"Jackfruit","treeNo":"577","canonicalId":"jackfruit:577"},"geometry":{"type":"Point","coordinates":[77.07774392663102,10.478665875956453]}},{"type":"Feature","properties":{"crop":"Jackfruit","treeNo":"578","canonicalId":"jackfruit:578"},"geometry":{"type":"Point","coordinates":[77.07768676617283,10.478656695140764]}},{"type":"Feature","properties":{"crop":"Jackfruit","treeNo":"579","canonicalId":"jackfruit:579"},"geometry":{"type":"Point","coordinates":[77.07762903923093,10.478662361563398]}},{"type":"Feature","properties":{"crop":"Jackfruit","treeNo":"580","canonicalId":"jackfruit:580"},"geometry":{"type":"Point","coordinates":[77.07762844809949,10.478593533457266]}},{"type":"Feature","properties":{"crop":"Jackfruit","treeNo":"581","canonicalId":"jackfruit:581"},"geometry":{"type":"Point","coordinates":[77.07767896022457,10.478596274356418]}},{"type":"Feature","properties":{"crop":"Jackfruit","treeNo":"582","canonicalId":"jackfruit:582"},"geometry":{"type":"Point","coordinates":[77.07773424356776,10.478609111034196]}}]}
