{"type":"FeatureCollection","name":"plot1-coconut-trees-affine-corrected-2026-08-12","crs":{"type":"name","properties":{"name":"urn:ogc:def:crs:OGC:1.3:CRS84"}},"features":[{"type":"Feature","properties":{"TreeNo":"1","Plot":"Plot 1"},"geometry":{"type":"Point","coordinates":[77.0769154366,10.4821895675]}},{"type":"Feature","properties":{"TreeNo":"2","Plot":"Plot 1"},"geometry":{"type":"Point","coordinates":[77.0768650135,10.4822083121]}},{"type":"Feature","properties":{"TreeNo":"3","Plot":"Plot 1"},"geometry":{"type":"Point","coordinates":[77.0767896162,10.4822211359]}},{"type":"Feature","properties":{"TreeNo":"4","Plot":"Plot 1"},"geometry":{"type":"Point","coordinates":[77.0767168691,10.4822277659]}},{"type":"Feature","properties":{"TreeNo":"5","Plot":"Plot 1"},"geometry":{"type":"Point","coordinates":[77.0766421726,10.4822462365]}},{"type":"Feature","properties":{"TreeNo":"6","Plot":"Plot 1"},"geometry":{"type":"Point","coordinates":[77.0765737792,10.4822492255]}},{"type":"Feature","properties":{"TreeNo":"7","Plot":"Plot 1"},"geometry":{"type":"Point","coordinates":[77.0765036416,10.4822586565]}},{"type":"Feature","properties":{"TreeNo":"8","Plot":"Plot 1"},"geometry":{"type":"Point","coordinates":[77.0764216456,10.4822700035]}},{"type":"Feature","properties":{"TreeNo":"9","Plot":"Plot 1"},"geometry":{"type":"Point","coordinates":[77.0763465497,10.4822740868]}},{"type":"Feature","properties":{"TreeNo":"10","Plot":"Plot 1"},"geometry":{"type":"Point","coordinates":[77.0762800114,10.4822819402]}},{"type":"Feature","properties":{"TreeNo":"11","Plot":"Plot 1"},"geometry":{"type":"Point","coordinates":[77.0762149742,10.482284896]}},{"type":"Feature","properties":{"TreeNo":"12","Plot":"Plot 1"},"geometry":{"type":"Point","coordinates":[77.076163328,10.4822842501]}},{"type":"Feature","properties":{"TreeNo":"13","Plot":"Plot 1"},"geometry":{"type":"Point","coordinates":[77.0760900317,10.4822875445]}},{"type":"Feature","properties":{"TreeNo":"14","Plot":"Plot 1"},"geometry":{"type":"Point","coordinates":[77.076014728,10.4822967695]}},{"type":"Feature","properties":{"TreeNo":"23","Plot":"Plot 1"},"geometry":{"type":"Point","coordinates":[77.0769056422,10.4821255464]}},{"type":"Feature","properties":{"TreeNo":"24","Plot":"Plot 1"},"geometry":{"type":"Point","coordinates":[77.0768494712,10.4821374092]}},{"type":"Feature","properties":{"TreeNo":"25","Plot":"Plot 1"},"geometry":{"type":"Point","coordinates":[77.0767731072,10.4821438179]}},{"type":"Feature","properties":{"TreeNo":"26","Plot":"Plot 1"},"geometry":{"type":"Point","coordinates":[77.0767063662,10.4821573271]}},{"type":"Feature","properties":{"TreeNo":"27","Plot":"Plot 1"},"geometry":{"type":"Point","coordinates":[77.076635021,10.4821752505]}},{"type":"Feature","properties":{"TreeNo":"28","Plot":"Plot 1"},"geometry":{"type":"Point","coordinates":[77.0765664173,10.4821831244]}},{"type":"Feature","properties":{"TreeNo":"29","Plot":"Plot 1"},"geometry":{"type":"Point","coordinates":[77.0764923844,10.482190281]}},{"type":"Feature","properties":{"TreeNo":"30","Plot":"Plot 1"},"geometry":{"type":"Point","coordinates":[77.0764184095,10.4822033477]}},{"type":"Feature","properties":{"TreeNo":"31","Plot":"Plot 1"},"geometry":{"type":"Point","coordinates":[77.0763449408,10.4822153814]}},{"type":"Feature","properties":{"TreeNo":"32","Plot":"Plot 1"},"geometry":{"type":"Point","coordinates":[77.0762753447,10.4822273768]}},{"type":"Feature","properties":{"TreeNo":"33","Plot":"Plot 1"},"geometry":{"type":"Point","coordinates":[77.0762012967,10.4822329915]}},{"type":"Feature","properties":{"TreeNo":"34","Plot":"Plot 1"},"geometry":{"type":"Point","coordinates":[77.076124444,10.4822422318]}},{"type":"Feature","properties":{"TreeNo":"35","Plot":"Plot 1"},"geometry":{"type":"Point","coordinates":[77.0760532207,10.4822462767]}},{"type":"Feature","properties":{"TreeNo":"36","Plot":"Plot 1"},"geometry":{"type":"Point","coordinates":[77.0759781702,10.4822549851]}},{"type":"Feature","properties":{"TreeNo":"37","Plot":"Plot 1"},"geometry":{"type":"Point","coordinates":[77.0768959125,10.4820549715]}},{"type":"Feature","properties":{"TreeNo":"38","Plot":"Plot 1"},"geometry":{"type":"Point","coordinates":[77.0768383027,10.4820649211]}},{"type":"Feature","properties":{"TreeNo":"39","Plot":"Plot 1"},"geometry":{"type":"Point","coordinates":[77.0767639242,10.4820763214]}},{"type":"Feature","properties":{"TreeNo":"40","Plot":"Plot 1"},"geometry":{"type":"Point","coordinates":[77.0766945737,10.4820870295]}},{"type":"Feature","properties":{"TreeNo":"41","Plot":"Plot 1"},"geometry":{"type":"Point","coordinates":[77.0766177388,10.4820980686]}},{"type":"Feature","properties":{"TreeNo":"42","Plot":"Plot 1"},"geometry":{"type":"Point","coordinates":[77.0765538327,10.4821110358]}},{"type":"Feature","properties":{"TreeNo":"43","Plot":"Plot 1"},"geometry":{"type":"Point","coordinates":[77.0764780153,10.4821205229]}},{"type":"Feature","properties":{"TreeNo":"44","Plot":"Plot 1"},"geometry":{"type":"Point","coordinates":[77.0764021368,10.4821369492]}},{"type":"Feature","properties":{"TreeNo":"45","Plot":"Plot 1"},"geometry":{"type":"Point","coordinates":[77.0763323751,10.4821452199]}},{"type":"Feature","properties":{"TreeNo":"46","Plot":"Plot 1"},"geometry":{"type":"Point","coordinates":[77.0762633527,10.4821498856]}},{"type":"Feature","properties":{"TreeNo":"47","Plot":"Plot 1"},"geometry":{"type":"Point","coordinates":[77.0761865126,10.4821604107]}},{"type":"Feature","properties":{"TreeNo":"48","Plot":"Plot 1"},"geometry":{"type":"Point","coordinates":[77.0761075668,10.4821668448]}},{"type":"Feature","properties":{"TreeNo":"49","Plot":"Plot 1"},"geometry":{"type":"Point","coordinates":[77.0760441719,10.4821792928]}},{"type":"Feature","properties":{"TreeNo":"50","Plot":"Plot 1"},"geometry":{"type":"Point","coordinates":[77.0759668256,10.4821908508]}},{"type":"Feature","properties":{"TreeNo":"58","Plot":"Plot 1"},"geometry":{"type":"Point","coordinates":[77.0768870613,10.481981818]}},{"type":"Feature","properties":{"TreeNo":"59","Plot":"Plot 1"},"geometry":{"type":"Point","coordinates":[77.0768257369,10.4819947597]}},{"type":"Feature","properties":{"TreeNo":"60","Plot":"Plot 1"},"geometry":{"type":"Point","coordinates":[77.0767537871,10.4820036946]}},{"type":"Feature","properties":{"TreeNo":"61","Plot":"Plot 1"},"geometry":{"type":"Point","coordinates":[77.0766823587,10.4820131384]}},{"type":"Feature","properties":{"TreeNo":"62","Plot":"Plot 1"},"geometry":{"type":"Point","coordinates":[77.0766119781,10.4820241136]}},{"type":"Feature","properties":{"TreeNo":"63","Plot":"Plot 1"},"geometry":{"type":"Point","coordinates":[77.07653875,10.4820343461]}},{"type":"Feature","properties":{"TreeNo":"64","Plot":"Plot 1"},"geometry":{"type":"Point","coordinates":[77.0764650283,10.4820468963]}},{"type":"Feature","properties":{"TreeNo":"65","Plot":"Plot 1"},"geometry":{"type":"Point","coordinates":[77.076396703,10.4820568233]}},{"type":"Feature","properties":{"TreeNo":"66","Plot":"Plot 1"},"geometry":{"type":"Point","coordinates":[77.0763244773,10.4820639619]}},{"type":"Feature","properties":{"TreeNo":"67","Plot":"Plot 1"},"geometry":{"type":"Point","coordinates":[77.0762527806,10.4820723803]}},{"type":"Feature","properties":{"TreeNo":"68","Plot":"Plot 1"},"geometry":{"type":"Point","coordinates":[77.076177011,10.4820867496]}},{"type":"Feature","properties":{"TreeNo":"69","Plot":"Plot 1"},"geometry":{"type":"Point","coordinates":[77.0760983385,10.4820947229]}},{"type":"Feature","properties":{"TreeNo":"70","Plot":"Plot 1"},"geometry":{"type":"Point","coordinates":[77.0760256696,10.4821093185]}},{"type":"Feature","properties":{"TreeNo":"71","Plot":"Plot 1"},"geometry":{"type":"Point","coordinates":[77.075950667,10.4821229092]}},{"type":"Feature","properties":{"TreeNo":"78","Plot":"Plot 1"},"geometry":{"type":"Point","coordinates":[77.0768752889,10.4819135761]}},{"type":"Feature","properties":{"TreeNo":"79","Plot":"Plot 1"},"geometry":{"type":"Point","coordinates":[77.0768123601,10.48192088]}},{"type":"Feature","properties":{"TreeNo":"80","Plot":"Plot 1"},"geometry":{"type":"Point","coordinates":[77.0767468949,10.4819328346]}},{"type":"Feature","properties":{"TreeNo":"81","Plot":"Plot 1"},"geometry":{"type":"Point","coordinates":[77.0766757146,10.481941248]}},{"type":"Feature","properties":{"TreeNo":"82","Plot":"Plot 1"},"geometry":{"type":"Point","coordinates":[77.0766040431,10.481952236]}},{"type":"Feature","properties":{"TreeNo":"83","Plot":"Plot 1"},"geometry":{"type":"Point","coordinates":[77.0765287219,10.4819596623]}},{"type":"Feature","properties":{"TreeNo":"84","Plot":"Plot 1"},"geometry":{"type":"Point","coordinates":[77.0764549548,10.4819675872]}},{"type":"Feature","properties":{"TreeNo":"85","Plot":"Plot 1"},"geometry":{"type":"Point","coordinates":[77.0763825971,10.4819875765]}},{"type":"Feature","properties":{"TreeNo":"86","Plot":"Plot 1"},"geometry":{"type":"Point","coordinates":[77.0763152692,10.4819938958]}},{"type":"Feature","properties":{"TreeNo":"87","Plot":"Plot 1"},"geometry":{"type":"Point","coordinates":[77.0762399883,10.4820054334]}},{"type":"Feature","properties":{"TreeNo":"88","Plot":"Plot 1"},"geometry":{"type":"Point","coordinates":[77.0761675069,10.4820128316]}},{"type":"Feature","properties":{"TreeNo":"89","Plot":"Plot 1"},"geometry":{"type":"Point","coordinates":[77.0760865462,10.4820244253]}},{"type":"Feature","properties":{"TreeNo":"90","Plot":"Plot 1"},"geometry":{"type":"Point","coordinates":[77.0760123005,10.4820362096]}},{"type":"Feature","properties":{"TreeNo":"91","Plot":"Plot 1"},"geometry":{"type":"Point","coordinates":[77.0759447572,10.4820468997]}},{"type":"Feature","properties":{"TreeNo":"100","Plot":"Plot 1"},"geometry":{"type":"Point","coordinates":[77.0768668098,10.4818388771]}},{"type":"Feature","properties":{"TreeNo":"101","Plot":"Plot 1"},"geometry":{"type":"Point","coordinates":[77.0768036329,10.4818472113]}},{"type":"Feature","properties":{"TreeNo":"102","Plot":"Plot 1"},"geometry":{"type":"Point","coordinates":[77.0767368315,10.4818545534]}},{"type":"Feature","properties":{"TreeNo":"103","Plot":"Plot 1"},"geometry":{"type":"Point","coordinates":[77.0766623504,10.4818686531]}},{"type":"Feature","properties":{"TreeNo":"104","Plot":"Plot 1"},"geometry":{"type":"Point","coordinates":[77.0765823871,10.4818766393]}},{"type":"Feature","properties":{"TreeNo":"105","Plot":"Plot 1"},"geometry":{"type":"Point","coordinates":[77.0765197997,10.4818924202]}},{"type":"Feature","properties":{"TreeNo":"106","Plot":"Plot 1"},"geometry":{"type":"Point","coordinates":[77.0764390997,10.4819042684]}},{"type":"Feature","properties":{"TreeNo":"107","Plot":"Plot 1"},"geometry":{"type":"Point","coordinates":[77.0763736446,10.4819172509]}},{"type":"Feature","properties":{"TreeNo":"108","Plot":"Plot 1"},"geometry":{"type":"Point","coordinates":[77.0762977768,10.4819215987]}},{"type":"Feature","properties":{"TreeNo":"109","Plot":"Plot 1"},"geometry":{"type":"Point","coordinates":[77.0762271733,10.4819361739]}},{"type":"Feature","properties":{"TreeNo":"110","Plot":"Plot 1"},"geometry":{"type":"Point","coordinates":[77.0761461798,10.4819444271]}},{"type":"Feature","properties":{"TreeNo":"111","Plot":"Plot 1"},"geometry":{"type":"Point","coordinates":[77.0760670137,10.4819547182]}},{"type":"Feature","properties":{"TreeNo":"112","Plot":"Plot 1"},"geometry":{"type":"Point","coordinates":[77.0760068894,10.4819583963]}},{"type":"Feature","properties":{"TreeNo":"113","Plot":"Plot 1"},"geometry":{"type":"Point","coordinates":[77.0759267536,10.4819751216]}},{"type":"Feature","properties":{"TreeNo":"122","Plot":"Plot 1"},"geometry":{"type":"Point","coordinates":[77.0767912711,10.4817715227]}},{"type":"Feature","properties":{"TreeNo":"123","Plot":"Plot 1"},"geometry":{"type":"Point","coordinates":[77.076727355,10.481783462]}},{"type":"Feature","properties":{"TreeNo":"124","Plot":"Plot 1"},"geometry":{"type":"Point","coordinates":[77.0766500063,10.4817947632]}},{"type":"Feature","properties":{"TreeNo":"125","Plot":"Plot 1"},"geometry":{"type":"Point","coordinates":[77.0765780818,10.4818062677]}},{"type":"Feature","properties":{"TreeNo":"126","Plot":"Plot 1"},"geometry":{"type":"Point","coordinates":[77.0765043197,10.4818147065]}},{"type":"Feature","properties":{"TreeNo":"127","Plot":"Plot 1"},"geometry":{"type":"Point","coordinates":[77.0764298613,10.4818311188]}},{"type":"Feature","properties":{"TreeNo":"128","Plot":"Plot 1"},"geometry":{"type":"Point","coordinates":[77.0763615461,10.4818420736]}},{"type":"Feature","properties":{"TreeNo":"129","Plot":"Plot 1"},"geometry":{"type":"Point","coordinates":[77.0762888218,10.481851016]}},{"type":"Feature","properties":{"TreeNo":"130","Plot":"Plot 1"},"geometry":{"type":"Point","coordinates":[77.0762122198,10.4818594829]}},{"type":"Feature","properties":{"TreeNo":"131","Plot":"Plot 1"},"geometry":{"type":"Point","coordinates":[77.0761407914,10.4818689265]}},{"type":"Feature","properties":{"TreeNo":"132","Plot":"Plot 1"},"geometry":{"type":"Point","coordinates":[77.076061109,10.4818792226]}},{"type":"Feature","properties":{"TreeNo":"133","Plot":"Plot 1"},"geometry":{"type":"Point","coordinates":[77.0759883518,10.4818848246]}},{"type":"Feature","properties":{"TreeNo":"134","Plot":"Plot 1"},"geometry":{"type":"Point","coordinates":[77.0759161867,10.4818981302]}},{"type":"Feature","properties":{"TreeNo":"141","Plot":"Plot 1"},"geometry":{"type":"Point","coordinates":[77.0768801531,10.4816462627]}},{"type":"Feature","properties":{"TreeNo":"142","Plot":"Plot 1"},"geometry":{"type":"Point","coordinates":[77.0768394919,10.4816862406]}},{"type":"Feature","properties":{"TreeNo":"143","Plot":"Plot 1"},"geometry":{"type":"Point","coordinates":[77.0767887729,10.4817011332]}},{"type":"Feature","properties":{"TreeNo":"144","Plot":"Plot 1"},"geometry":{"type":"Point","coordinates":[77.076710384,10.4817116737]}},{"type":"Feature","properties":{"TreeNo":"145","Plot":"Plot 1"},"geometry":{"type":"Point","coordinates":[77.0766366598,10.481723967]}},{"type":"Feature","properties":{"TreeNo":"146","Plot":"Plot 1"},"geometry":{"type":"Point","coordinates":[77.0765701947,10.4817392723]}},{"type":"Feature","properties":{"TreeNo":"147","Plot":"Plot 1"},"geometry":{"type":"Point","coordinates":[77.0764933145,10.4817456861]}},{"type":"Feature","properties":{"TreeNo":"148","Plot":"Plot 1"},"geometry":{"type":"Point","coordinates":[77.0764226959,10.4817587195]}},{"type":"Feature","properties":{"TreeNo":"149","Plot":"Plot 1"},"geometry":{"type":"Point","coordinates":[77.076342773,10.481770817]}},{"type":"Feature","properties":{"TreeNo":"150","Plot":"Plot 1"},"geometry":{"type":"Point","coordinates":[77.076279829,10.481776579]}},{"type":"Feature","properties":{"TreeNo":"151","Plot":"Plot 1"},"geometry":{"type":"Point","coordinates":[77.0762044977,10.4817829774]}},{"type":"Feature","properties":{"TreeNo":"152","Plot":"Plot 1"},"geometry":{"type":"Point","coordinates":[77.0761333426,10.4817939602]}},{"type":"Feature","properties":{"TreeNo":"153","Plot":"Plot 1"},"geometry":{"type":"Point","coordinates":[77.0760464591,10.4818071544]}},{"type":"Feature","properties":{"TreeNo":"154","Plot":"Plot 1"},"geometry":{"type":"Point","coordinates":[77.0759840491,10.4818147099]}},{"type":"Feature","properties":{"TreeNo":"155","Plot":"Plot 1"},"geometry":{"type":"Point","coordinates":[77.0759007951,10.4818294101]}},{"type":"Feature","properties":{"TreeNo":"163","Plot":"Plot 1"},"geometry":{"type":"Point","coordinates":[77.076869591,10.4815697853]}},{"type":"Feature","properties":{"TreeNo":"164","Plot":"Plot 1"},"geometry":{"type":"Point","coordinates":[77.076829494,10.4816146403]}},{"type":"Feature","properties":{"TreeNo":"165","Plot":"Plot 1"},"geometry":{"type":"Point","coordinates":[77.0767727261,10.4816182854]}},{"type":"Feature","properties":{"TreeNo":"166","Plot":"Plot 1"},"geometry":{"type":"Point","coordinates":[77.0766959619,10.4816365194]}},{"type":"Feature","properties":{"TreeNo":"167","Plot":"Plot 1"},"geometry":{"type":"Point","coordinates":[77.0766243006,10.4816485353]}},{"type":"Feature","properties":{"TreeNo":"168","Plot":"Plot 1"},"geometry":{"type":"Point","coordinates":[77.0765593089,10.4816561165]}},{"type":"Feature","properties":{"TreeNo":"169","Plot":"Plot 1"},"geometry":{"type":"Point","coordinates":[77.0764840987,10.481674849]}},{"type":"Feature","properties":{"TreeNo":"170","Plot":"Plot 1"},"geometry":{"type":"Point","coordinates":[77.0764077701,10.4816848551]}},{"type":"Feature","properties":{"TreeNo":"171","Plot":"Plot 1"},"geometry":{"type":"Point","coordinates":[77.0763246138,10.4816963421]}},{"type":"Feature","properties":{"TreeNo":"172","Plot":"Plot 1"},"geometry":{"type":"Point","coordinates":[77.0762611963,10.4817064775]}},{"type":"Feature","properties":{"TreeNo":"173","Plot":"Plot 1"},"geometry":{"type":"Point","coordinates":[77.0761852638,10.4817173791]}},{"type":"Feature","properties":{"TreeNo":"174","Plot":"Plot 1"},"geometry":{"type":"Point","coordinates":[77.0761182092,10.4817252375]}},{"type":"Feature","properties":{"TreeNo":"175","Plot":"Plot 1"},"geometry":{"type":"Point","coordinates":[77.0760421009,10.4817313866]}},{"type":"Feature","properties":{"TreeNo":"176","Plot":"Plot 1"},"geometry":{"type":"Point","coordinates":[77.0759709382,10.4817415985]}},{"type":"Feature","properties":{"TreeNo":"177","Plot":"Plot 1"},"geometry":{"type":"Point","coordinates":[77.0758940705,10.4817492969]}},{"type":"Feature","properties":{"TreeNo":"185","Plot":"Plot 1"},"geometry":{"type":"Point","coordinates":[77.0768619823,10.4815048431]}},{"type":"Feature","properties":{"TreeNo":"186","Plot":"Plot 1"},"geometry":{"type":"Point","coordinates":[77.0768154133,10.4815479632]}},{"type":"Feature","properties":{"TreeNo":"187","Plot":"Plot 1"},"geometry":{"type":"Point","coordinates":[77.0767597286,10.4815567373]}},{"type":"Feature","properties":{"TreeNo":"188","Plot":"Plot 1"},"geometry":{"type":"Point","coordinates":[77.076689576,10.4815646265]}},{"type":"Feature","properties":{"TreeNo":"189","Plot":"Plot 1"},"geometry":{"type":"Point","coordinates":[77.0766225568,10.4815760825]}},{"type":"Feature","properties":{"TreeNo":"191","Plot":"Plot 1"},"geometry":{"type":"Point","coordinates":[77.0765483137,10.4815881239]}},{"type":"Feature","properties":{"TreeNo":"192","Plot":"Plot 1"},"geometry":{"type":"Point","coordinates":[77.0764704361,10.4815981453]}},{"type":"Feature","properties":{"TreeNo":"193","Plot":"Plot 1"},"geometry":{"type":"Point","coordinates":[77.0763972762,10.4816153157]}},{"type":"Feature","properties":{"TreeNo":"194","Plot":"Plot 1"},"geometry":{"type":"Point","coordinates":[77.0763193834,10.4816237953]}},{"type":"Feature","properties":{"TreeNo":"195","Plot":"Plot 1"},"geometry":{"type":"Point","coordinates":[77.0762522835,10.4816270285]}},{"type":"Feature","properties":{"TreeNo":"196","Plot":"Plot 1"},"geometry":{"type":"Point","coordinates":[77.0761790731,10.4816390595]}},{"type":"Feature","properties":{"TreeNo":"197","Plot":"Plot 1"},"geometry":{"type":"Point","coordinates":[77.0761084192,10.4816484955]}},{"type":"Feature","properties":{"TreeNo":"198","Plot":"Plot 1"},"geometry":{"type":"Point","coordinates":[77.076029524,10.4816600688]}},{"type":"Feature","properties":{"TreeNo":"199","Plot":"Plot 1"},"geometry":{"type":"Point","coordinates":[77.0759558224,10.4816746745]}},{"type":"Feature","properties":{"TreeNo":"200","Plot":"Plot 1"},"geometry":{"type":"Point","coordinates":[77.0758783118,10.4816826363]}},{"type":"Feature","properties":{"TreeNo":"207","Plot":"Plot 1"},"geometry":{"type":"Point","coordinates":[77.07685434,10.4814233256]}},{"type":"Feature","properties":{"TreeNo":"208","Plot":"Plot 1"},"geometry":{"type":"Point","coordinates":[77.0768091174,10.4814720861]}},{"type":"Feature","properties":{"TreeNo":"209","Plot":"Plot 1"},"geometry":{"type":"Point","coordinates":[77.0767588997,10.4814854319]}},{"type":"Feature","properties":{"TreeNo":"210","Plot":"Plot 1"},"geometry":{"type":"Point","coordinates":[77.0766786935,10.4814949624]}},{"type":"Feature","properties":{"TreeNo":"211","Plot":"Plot 1"},"geometry":{"type":"Point","coordinates":[77.076601011,10.4814985573]}},{"type":"Feature","properties":{"TreeNo":"212","Plot":"Plot 1"},"geometry":{"type":"Point","coordinates":[77.0765278284,10.481513415]}},{"type":"Feature","properties":{"TreeNo":"213","Plot":"Plot 1"},"geometry":{"type":"Point","coordinates":[77.0764628595,10.4815233088]}},{"type":"Feature","properties":{"TreeNo":"214","Plot":"Plot 1"},"geometry":{"type":"Point","coordinates":[77.0763804406,10.4815441685]}},{"type":"Feature","properties":{"TreeNo":"215","Plot":"Plot 1"},"geometry":{"type":"Point","coordinates":[77.0763082579,10.4815556755]}},{"type":"Feature","properties":{"TreeNo":"216","Plot":"Plot 1"},"geometry":{"type":"Point","coordinates":[77.0762375738,10.4815620279]}},{"type":"Feature","properties":{"TreeNo":"217","Plot":"Plot 1"},"geometry":{"type":"Point","coordinates":[77.0761684892,10.4815735042]}},{"type":"Feature","properties":{"TreeNo":"218","Plot":"Plot 1"},"geometry":{"type":"Point","coordinates":[77.0760947171,10.4815809151]}},{"type":"Feature","properties":{"TreeNo":"219","Plot":"Plot 1"},"geometry":{"type":"Point","coordinates":[77.0760152702,10.481588896]}},{"type":"Feature","properties":{"TreeNo":"220","Plot":"Plot 1"},"geometry":{"type":"Point","coordinates":[77.0759435988,10.4815998839]}},{"type":"Feature","properties":{"TreeNo":"221","Plot":"Plot 1"},"geometry":{"type":"Point","coordinates":[77.0758760733,10.4816123727]}},{"type":"Feature","properties":{"TreeNo":"228","Plot":"Plot 1"},"geometry":{"type":"Point","coordinates":[77.0768404569,10.4813504789]}},{"type":"Feature","properties":{"TreeNo":"229","Plot":"Plot 1"},"geometry":{"type":"Point","coordinates":[77.0767949484,10.4813964154]}},{"type":"Feature","properties":{"TreeNo":"230","Plot":"Plot 1"},"geometry":{"type":"Point","coordinates":[77.076735434,10.4814095961]}},{"type":"Feature","properties":{"TreeNo":"231","Plot":"Plot 1"},"geometry":{"type":"Point","coordinates":[77.0766673241,10.4814151522]}},{"type":"Feature","properties":{"TreeNo":"232","Plot":"Plot 1"},"geometry":{"type":"Point","coordinates":[77.076591527,10.481426695]}},{"type":"Feature","properties":{"TreeNo":"233","Plot":"Plot 1"},"geometry":{"type":"Point","coordinates":[77.0765173067,10.481441049]}},{"type":"Feature","properties":{"TreeNo":"234","Plot":"Plot 1"},"geometry":{"type":"Point","coordinates":[77.0764525808,10.4814493984]}},{"type":"Feature","properties":{"TreeNo":"235","Plot":"Plot 1"},"geometry":{"type":"Point","coordinates":[77.0763680664,10.481467195]}},{"type":"Feature","properties":{"TreeNo":"236","Plot":"Plot 1"},"geometry":{"type":"Point","coordinates":[77.0762879106,10.4814818646]}},{"type":"Feature","properties":{"TreeNo":"237","Plot":"Plot 1"},"geometry":{"type":"Point","coordinates":[77.0762298467,10.4814850085]}},{"type":"Feature","properties":{"TreeNo":"238","Plot":"Plot 1"},"geometry":{"type":"Point","coordinates":[77.07616081,10.4815013671]}},{"type":"Feature","properties":{"TreeNo":"239","Plot":"Plot 1"},"geometry":{"type":"Point","coordinates":[77.0760831931,10.4815116428]}},{"type":"Feature","properties":{"TreeNo":"240","Plot":"Plot 1"},"geometry":{"type":"Point","coordinates":[77.076011679,10.4815123497]}},{"type":"Feature","properties":{"TreeNo":"241","Plot":"Plot 1"},"geometry":{"type":"Point","coordinates":[77.075932581,10.4815295786]}},{"type":"Feature","properties":{"TreeNo":"242","Plot":"Plot 1"},"geometry":{"type":"Point","coordinates":[77.075866005,10.4815335775]}},{"type":"Feature","properties":{"TreeNo":"249","Plot":"Plot 1"},"geometry":{"type":"Point","coordinates":[77.0767819534,10.4813351242]}},{"type":"Feature","properties":{"TreeNo":"250","Plot":"Plot 1"},"geometry":{"type":"Point","coordinates":[77.0766532207,10.4813461624]}},{"type":"Feature","properties":{"TreeNo":"251","Plot":"Plot 1"},"geometry":{"type":"Point","coordinates":[77.0765810432,10.4813581834]}},{"type":"Feature","properties":{"TreeNo":"252","Plot":"Plot 1"},"geometry":{"type":"Point","coordinates":[77.0765111866,10.4813699244]}},{"type":"Feature","properties":{"TreeNo":"253","Plot":"Plot 1"},"geometry":{"type":"Point","coordinates":[77.0764359109,10.4813819759]}},{"type":"Feature","properties":{"TreeNo":"254","Plot":"Plot 1"},"geometry":{"type":"Point","coordinates":[77.0763596126,10.4813950655]}},{"type":"Feature","properties":{"TreeNo":"255","Plot":"Plot 1"},"geometry":{"type":"Point","coordinates":[77.0762894802,10.4814050103]}},{"type":"Feature","properties":{"TreeNo":"256","Plot":"Plot 1"},"geometry":{"type":"Point","coordinates":[77.0762188466,10.481416502]}},{"type":"Feature","properties":{"TreeNo":"257","Plot":"Plot 1"},"geometry":{"type":"Point","coordinates":[77.0761424625,10.4814208548]}},{"type":"Feature","properties":{"TreeNo":"258","Plot":"Plot 1"},"geometry":{"type":"Point","coordinates":[77.0760785364,10.4814317662]}},{"type":"Feature","properties":{"TreeNo":"259","Plot":"Plot 1"},"geometry":{"type":"Point","coordinates":[77.0759933946,10.4814382615]}},{"type":"Feature","properties":{"TreeNo":"260","Plot":"Plot 1"},"geometry":{"type":"Point","coordinates":[77.0759238138,10.4814517985]}},{"type":"Feature","properties":{"TreeNo":"261","Plot":"Plot 1"},"geometry":{"type":"Point","coordinates":[77.0758490493,10.4814633309]}},{"type":"Feature","properties":{"TreeNo":"283","Plot":"Plot 1"},"geometry":{"type":"Point","coordinates":[77.0758329009,10.4813964172]}},{"type":"Feature","properties":{"TreeNo":"282","Plot":"Plot 1"},"geometry":{"type":"Point","coordinates":[77.0759051239,10.4813890217]}},{"type":"Feature","properties":{"TreeNo":"281","Plot":"Plot 1"},"geometry":{"type":"Point","coordinates":[77.0759803946,10.4813764563]}},{"type":"Feature","properties":{"TreeNo":"280","Plot":"Plot 1"},"geometry":{"type":"Point","coordinates":[77.0760497727,10.4813685749]}},{"type":"Feature","properties":{"TreeNo":"279","Plot":"Plot 1"},"geometry":{"type":"Point","coordinates":[77.0761240082,10.4813557628]}},{"type":"Feature","properties":{"TreeNo":"278","Plot":"Plot 1"},"geometry":{"type":"Point","coordinates":[77.0762096587,10.4813484915]}},{"type":"Feature","properties":{"TreeNo":"277","Plot":"Plot 1"},"geometry":{"type":"Point","coordinates":[77.0762808364,10.4813398213]}},{"type":"Feature","properties":{"TreeNo":"276","Plot":"Plot 1"},"geometry":{"type":"Point","coordinates":[77.0763524926,10.4813272916]}},{"type":"Feature","properties":{"TreeNo":"275","Plot":"Plot 1"},"geometry":{"type":"Point","coordinates":[77.0764236274,10.4813142531]}},{"type":"Feature","properties":{"TreeNo":"274","Plot":"Plot 1"},"geometry":{"type":"Point","coordinates":[77.0765009786,10.4813032089]}},{"type":"Feature","properties":{"TreeNo":"273","Plot":"Plot 1"},"geometry":{"type":"Point","coordinates":[77.0765788107,10.4812885622]}},{"type":"Feature","properties":{"TreeNo":"272","Plot":"Plot 1"},"geometry":{"type":"Point","coordinates":[77.0766525172,10.4812744703]}},{"type":"Feature","properties":{"TreeNo":"271","Plot":"Plot 1"},"geometry":{"type":"Point","coordinates":[77.0767170555,10.4812733182]}},{"type":"Feature","properties":{"TreeNo":"270","Plot":"Plot 1"},"geometry":{"type":"Point","coordinates":[77.0767721179,10.4812537569]}},{"type":"Feature","properties":{"TreeNo":"291","Plot":"Plot 1"},"geometry":{"type":"Point","coordinates":[77.0768176188,10.4812070496]}},{"type":"Feature","properties":{"TreeNo":"313","Plot":"Plot 1"},"geometry":{"type":"Point","coordinates":[77.0768058176,10.4811358526]}},{"type":"Feature","properties":{"TreeNo":"292","Plot":"Plot 1"},"geometry":{"type":"Point","coordinates":[77.0767620974,10.481179844]}},{"type":"Feature","properties":{"TreeNo":"293","Plot":"Plot 1"},"geometry":{"type":"Point","coordinates":[77.076704542,10.4811953182]}},{"type":"Feature","properties":{"TreeNo":"294","Plot":"Plot 1"},"geometry":{"type":"Point","coordinates":[77.0766337125,10.4812000018]}},{"type":"Feature","properties":{"TreeNo":"295","Plot":"Plot 1"},"geometry":{"type":"Point","coordinates":[77.0765655379,10.4812121116]}},{"type":"Feature","properties":{"TreeNo":"296","Plot":"Plot 1"},"geometry":{"type":"Point","coordinates":[77.0764866277,10.4812221432]}},{"type":"Feature","properties":{"TreeNo":"297","Plot":"Plot 1"},"geometry":{"type":"Point","coordinates":[77.0764072565,10.4812378331]}},{"type":"Feature","properties":{"TreeNo":"298","Plot":"Plot 1"},"geometry":{"type":"Point","coordinates":[77.0763381367,10.481245712]}},{"type":"Feature","properties":{"TreeNo":"299","Plot":"Plot 1"},"geometry":{"type":"Point","coordinates":[77.0762664704,10.4812572138]}},{"type":"Feature","properties":{"TreeNo":"300","Plot":"Plot 1"},"geometry":{"type":"Point","coordinates":[77.0762036224,10.4812727403]}},{"type":"Feature","properties":{"TreeNo":"301","Plot":"Plot 1"},"geometry":{"type":"Point","coordinates":[77.0761175185,10.4812864407]}},{"type":"Feature","properties":{"TreeNo":"302","Plot":"Plot 1"},"geometry":{"type":"Point","coordinates":[77.0760452804,10.4812922945]}},{"type":"Feature","properties":{"TreeNo":"303","Plot":"Plot 1"},"geometry":{"type":"Point","coordinates":[77.0759676471,10.4813008999]}},{"type":"Feature","properties":{"TreeNo":"304","Plot":"Plot 1"},"geometry":{"type":"Point","coordinates":[77.0758936698,10.4813137095]}},{"type":"Feature","properties":{"TreeNo":"305","Plot":"Plot 1"},"geometry":{"type":"Point","coordinates":[77.0758231388,10.4813225017]}},{"type":"Feature","properties":{"TreeNo":"328","Plot":"Plot 1"},"geometry":{"type":"Point","coordinates":[77.0758155409,10.4812454809]}},{"type":"Feature","properties":{"TreeNo":"327","Plot":"Plot 1"},"geometry":{"type":"Point","coordinates":[77.0758883155,10.4812416778]}},{"type":"Feature","properties":{"TreeNo":"326","Plot":"Plot 1"},"geometry":{"type":"Point","coordinates":[77.0759563725,10.4812307257]}},{"type":"Feature","properties":{"TreeNo":"325","Plot":"Plot 1"},"geometry":{"type":"Point","coordinates":[77.0760306003,10.4812171427]}},{"type":"Feature","properties":{"TreeNo":"324","Plot":"Plot 1"},"geometry":{"type":"Point","coordinates":[77.076094,10.4812052086]}},{"type":"Feature","properties":{"TreeNo":"323","Plot":"Plot 1"},"geometry":{"type":"Point","coordinates":[77.0761759882,10.4811930908]}},{"type":"Feature","properties":{"TreeNo":"322","Plot":"Plot 1"},"geometry":{"type":"Point","coordinates":[77.0762575155,10.4811866312]}},{"type":"Feature","properties":{"TreeNo":"321","Plot":"Plot 1"},"geometry":{"type":"Point","coordinates":[77.0763240082,10.4811741525]}},{"type":"Feature","properties":{"TreeNo":"320","Plot":"Plot 1"},"geometry":{"type":"Point","coordinates":[77.0763977651,10.4811651999]}},{"type":"Feature","properties":{"TreeNo":"319","Plot":"Plot 1"},"geometry":{"type":"Point","coordinates":[77.0764699376,10.481152665]}},{"type":"Feature","properties":{"TreeNo":"318","Plot":"Plot 1"},"geometry":{"type":"Point","coordinates":[77.076544712,10.4811421603]}},{"type":"Feature","properties":{"TreeNo":"317","Plot":"Plot 1"},"geometry":{"type":"Point","coordinates":[77.0766230353,10.4811249389]}},{"type":"Feature","properties":{"TreeNo":"316","Plot":"Plot 1"},"geometry":{"type":"Point","coordinates":[77.0766888215,10.4811194058]}},{"type":"Feature","properties":{"TreeNo":"315","Plot":"Plot 1"},"geometry":{"type":"Point","coordinates":[77.0767486218,10.4811090491]}},{"type":"Feature","properties":{"TreeNo":"269","Plot":"Plot 1"},"geometry":{"type":"Point","coordinates":[77.076827951,10.4812732498]}},{"type":"Feature","properties":{"TreeNo":"314","Plot":"Plot 1"},"geometry":{"type":"Point","coordinates":[77.0767974765,10.4810620516]}},{"type":"Feature","properties":{"TreeNo":"337","Plot":"Plot 1"},"geometry":{"type":"Point","coordinates":[77.0767367639,10.4810320706]}},{"type":"Feature","properties":{"TreeNo":"338","Plot":"Plot 1"},"geometry":{"type":"Point","coordinates":[77.0766810994,10.4810429003]}},{"type":"Feature","properties":{"TreeNo":"339","Plot":"Plot 1"},"geometry":{"type":"Point","coordinates":[77.0766089269,10.4810554352]}},{"type":"Feature","properties":{"TreeNo":"340","Plot":"Plot 1"},"geometry":{"type":"Point","coordinates":[77.0765371749,10.4810582004]}},{"type":"Feature","properties":{"TreeNo":"341","Plot":"Plot 1"},"geometry":{"type":"Point","coordinates":[77.0764665969,10.4810753453]}},{"type":"Feature","properties":{"TreeNo":"342","Plot":"Plot 1"},"geometry":{"type":"Point","coordinates":[77.0763913313,10.4810884246]}},{"type":"Feature","properties":{"TreeNo":"343","Plot":"Plot 1"},"geometry":{"type":"Point","coordinates":[77.076313474,10.4811005017]}},{"type":"Feature","properties":{"TreeNo":"344","Plot":"Plot 1"},"geometry":{"type":"Point","coordinates":[77.0762407347,10.4811079024]}},{"type":"Feature","properties":{"TreeNo":"345","Plot":"Plot 1"},"geometry":{"type":"Point","coordinates":[77.0761685924,10.4811235207]}},{"type":"Feature","properties":{"TreeNo":"346","Plot":"Plot 1"},"geometry":{"type":"Point","coordinates":[77.0760922589,10.4811330127]}},{"type":"Feature","properties":{"TreeNo":"347","Plot":"Plot 1"},"geometry":{"type":"Point","coordinates":[77.0760236251,10.4811378029]}},{"type":"Feature","properties":{"TreeNo":"348","Plot":"Plot 1"},"geometry":{"type":"Point","coordinates":[77.0759519588,10.4811493047]}},{"type":"Feature","properties":{"TreeNo":"349","Plot":"Plot 1"},"geometry":{"type":"Point","coordinates":[77.0758741014,10.4811613816]}},{"type":"Feature","properties":{"TreeNo":"350","Plot":"Plot 1"},"geometry":{"type":"Point","coordinates":[77.0757977981,10.4811739572]}},{"type":"Feature","properties":{"TreeNo":"336","Plot":"Plot 1"},"geometry":{"type":"Point","coordinates":[77.0767783211,10.4809913129]}},{"type":"Feature","properties":{"TreeNo":"358","Plot":"Plot 1"},"geometry":{"type":"Point","coordinates":[77.0767694712,10.4809182879]}},{"type":"Feature","properties":{"TreeNo":"359","Plot":"Plot 1"},"geometry":{"type":"Point","coordinates":[77.0767275394,10.4809603342]}},{"type":"Feature","properties":{"TreeNo":"360","Plot":"Plot 1"},"geometry":{"type":"Point","coordinates":[77.0766633476,10.4809704773]}},{"type":"Feature","properties":{"TreeNo":"361","Plot":"Plot 1"},"geometry":{"type":"Point","coordinates":[77.0765976143,10.4809814066]}},{"type":"Feature","properties":{"TreeNo":"362","Plot":"Plot 1"},"geometry":{"type":"Point","coordinates":[77.076530808,10.4809882347]}},{"type":"Feature","properties":{"TreeNo":"363","Plot":"Plot 1"},"geometry":{"type":"Point","coordinates":[77.0764537529,10.4810031307]}},{"type":"Feature","properties":{"TreeNo":"364","Plot":"Plot 1"},"geometry":{"type":"Point","coordinates":[77.0763794999,10.4810141442]}},{"type":"Feature","properties":{"TreeNo":"365","Plot":"Plot 1"},"geometry":{"type":"Point","coordinates":[77.0763065857,10.4810300271]}},{"type":"Feature","properties":{"TreeNo":"366","Plot":"Plot 1"},"geometry":{"type":"Point","coordinates":[77.0762323277,10.4810405266]}},{"type":"Feature","properties":{"TreeNo":"367","Plot":"Plot 1"},"geometry":{"type":"Point","coordinates":[77.0761585456,10.4810469097]}},{"type":"Feature","properties":{"TreeNo":"368","Plot":"Plot 1"},"geometry":{"type":"Point","coordinates":[77.0760848089,10.481057918]}},{"type":"Feature","properties":{"TreeNo":"369","Plot":"Plot 1"},"geometry":{"type":"Point","coordinates":[77.0760115936,10.4810694351]}},{"type":"Feature","properties":{"TreeNo":"370","Plot":"Plot 1"},"geometry":{"type":"Point","coordinates":[77.0759408945,10.4810742456]}},{"type":"Feature","properties":{"TreeNo":"371","Plot":"Plot 1"},"geometry":{"type":"Point","coordinates":[77.0758615486,10.481092505]}},{"type":"Feature","properties":{"TreeNo":"372","Plot":"Plot 1"},"geometry":{"type":"Point","coordinates":[77.0757888042,10.4810993916]}},{"type":"Feature","properties":{"TreeNo":"378","Plot":"Plot 1"},"geometry":{"type":"Point","coordinates":[77.0767563854,10.4808477461]}},{"type":"Feature","properties":{"TreeNo":"379","Plot":"Plot 1"},"geometry":{"type":"Point","coordinates":[77.076714917,10.4808843911]}},{"type":"Feature","properties":{"TreeNo":"380","Plot":"Plot 1"},"geometry":{"type":"Point","coordinates":[77.0766538208,10.4808942467]}},{"type":"Feature","properties":{"TreeNo":"381","Plot":"Plot 1"},"geometry":{"type":"Point","coordinates":[77.0765898922,10.4809049011]}},{"type":"Feature","properties":{"TreeNo":"382","Plot":"Plot 1"},"geometry":{"type":"Point","coordinates":[77.0765146469,10.4809200362]}},{"type":"Feature","properties":{"TreeNo":"383","Plot":"Plot 1"},"geometry":{"type":"Point","coordinates":[77.0764440058,10.480930757]}},{"type":"Feature","properties":{"TreeNo":"384","Plot":"Plot 1"},"geometry":{"type":"Point","coordinates":[77.0763589323,10.4809441903]}},{"type":"Feature","properties":{"TreeNo":"385","Plot":"Plot 1"},"geometry":{"type":"Point","coordinates":[77.0763001646,10.4809545367]}},{"type":"Feature","properties":{"TreeNo":"386","Plot":"Plot 1"},"geometry":{"type":"Point","coordinates":[77.0762227934,10.4809635251]}},{"type":"Feature","properties":{"TreeNo":"386.1","Plot":"Plot 1"},"geometry":{"type":"Point","coordinates":[77.0761449108,10.4809730324]}},{"type":"Feature","properties":{"TreeNo":"387","Plot":"Plot 1"},"geometry":{"type":"Point","coordinates":[77.076073771,10.480985557]}},{"type":"Feature","properties":{"TreeNo":"388","Plot":"Plot 1"},"geometry":{"type":"Point","coordinates":[77.076004621,10.4809903523]}},{"type":"Feature","properties":{"TreeNo":"389","Plot":"Plot 1"},"geometry":{"type":"Point","coordinates":[77.0759267485,10.4810008875]}},{"type":"Feature","properties":{"TreeNo":"390","Plot":"Plot 1"},"geometry":{"type":"Point","coordinates":[77.0758452956,10.4810149273]}},{"type":"Feature","properties":{"TreeNo":"391","Plot":"Plot 1"},"geometry":{"type":"Point","coordinates":[77.075782302,10.4810287847]}},{"type":"Feature","properties":{"TreeNo":"399","Plot":"Plot 1"},"geometry":{"type":"Point","coordinates":[77.0767414761,10.480775552]}},{"type":"Feature","properties":{"TreeNo":"400","Plot":"Plot 1"},"geometry":{"type":"Point","coordinates":[77.0767077906,10.4808159748]}},{"type":"Feature","properties":{"TreeNo":"401","Plot":"Plot 1"},"geometry":{"type":"Point","coordinates":[77.0766504712,10.4808160275]}},{"type":"Feature","properties":{"TreeNo":"402","Plot":"Plot 1"},"geometry":{"type":"Point","coordinates":[77.0765783543,10.4808342155]}},{"type":"Feature","properties":{"TreeNo":"403","Plot":"Plot 1"},"geometry":{"type":"Point","coordinates":[77.0765061717,10.4808457225]}},{"type":"Feature","properties":{"TreeNo":"404","Plot":"Plot 1"},"geometry":{"type":"Point","coordinates":[77.0764365911,10.4808592597]}},{"type":"Feature","properties":{"TreeNo":"405","Plot":"Plot 1"},"geometry":{"type":"Point","coordinates":[77.0763582275,10.4808723697]}},{"type":"Feature","properties":{"TreeNo":"406","Plot":"Plot 1"},"geometry":{"type":"Point","coordinates":[77.0762860147,10.4808807931]}},{"type":"Feature","properties":{"TreeNo":"407","Plot":"Plot 1"},"geometry":{"type":"Point","coordinates":[77.0762107039,10.4808892471]}},{"type":"Feature","properties":{"TreeNo":"408","Plot":"Plot 1"},"geometry":{"type":"Point","coordinates":[77.0761297081,10.4808972433]}},{"type":"Feature","properties":{"TreeNo":"409","Plot":"Plot 1"},"geometry":{"type":"Point","coordinates":[77.0760719984,10.4809101491]}},{"type":"Feature","properties":{"TreeNo":"410","Plot":"Plot 1"},"geometry":{"type":"Point","coordinates":[77.0759935995,10.4809196616]}},{"type":"Feature","properties":{"TreeNo":"411","Plot":"Plot 1"},"geometry":{"type":"Point","coordinates":[77.0759208602,10.4809270622]}},{"type":"Feature","properties":{"TreeNo":"412","Plot":"Plot 1"},"geometry":{"type":"Point","coordinates":[77.0758445922,10.4809432351]}},{"type":"Feature","properties":{"TreeNo":"413","Plot":"Plot 1"},"geometry":{"type":"Point","coordinates":[77.0757703392,10.4809542485]}},{"type":"Feature","properties":{"TreeNo":"420","Plot":"Plot 1"},"geometry":{"type":"Point","coordinates":[77.0767318408,10.480688272]}},{"type":"Feature","properties":{"TreeNo":"421","Plot":"Plot 1"},"geometry":{"type":"Point","coordinates":[77.0766915337,10.4807380118]}},{"type":"Feature","properties":{"TreeNo":"422","Plot":"Plot 1"},"geometry":{"type":"Point","coordinates":[77.0766358642,10.4807483276]}},{"type":"Feature","properties":{"TreeNo":"423","Plot":"Plot 1"},"geometry":{"type":"Point","coordinates":[77.0765634512,10.4807626638]}},{"type":"Feature","properties":{"TreeNo":"424","Plot":"Plot 1"},"geometry":{"type":"Point","coordinates":[77.0764856192,10.4807773105]}},{"type":"Feature","properties":{"TreeNo":"425","Plot":"Plot 1"},"geometry":{"type":"Point","coordinates":[77.0764237686,10.4807892293]}},{"type":"Feature","properties":{"TreeNo":"426","Plot":"Plot 1"},"geometry":{"type":"Point","coordinates":[77.0763474654,10.4808018049]}},{"type":"Feature","properties":{"TreeNo":"427","Plot":"Plot 1"},"geometry":{"type":"Point","coordinates":[77.0762732074,10.4808123044]}},{"type":"Feature","properties":{"TreeNo":"428","Plot":"Plot 1"},"geometry":{"type":"Point","coordinates":[77.0761947733,10.4808182195]}},{"type":"Feature","properties":{"TreeNo":"429","Plot":"Plot 1"},"geometry":{"type":"Point","coordinates":[77.0761261799,10.480827121]}},{"type":"Feature","properties":{"TreeNo":"430","Plot":"Plot 1"},"geometry":{"type":"Point","coordinates":[77.0760498364,10.4808355852]}},{"type":"Feature","properties":{"TreeNo":"431","Plot":"Plot 1"},"geometry":{"type":"Point","coordinates":[77.0759781248,10.4808424617]}},{"type":"Feature","properties":{"TreeNo":"432","Plot":"Plot 1"},"geometry":{"type":"Point","coordinates":[77.0759085441,10.4808559987]}},{"type":"Feature","properties":{"TreeNo":"433","Plot":"Plot 1"},"geometry":{"type":"Point","coordinates":[77.0758312485,10.4808726959]}},{"type":"Feature","properties":{"TreeNo":"434","Plot":"Plot 1"},"geometry":{"type":"Point","coordinates":[77.0757569954,10.4808837092]}},{"type":"Feature","properties":{"TreeNo":"440","Plot":"Plot 1"},"geometry":{"type":"Point","coordinates":[77.0767245257,10.4806269247]}},{"type":"Feature","properties":{"TreeNo":"441","Plot":"Plot 1"},"geometry":{"type":"Point","coordinates":[77.0766830698,10.4806648545]}},{"type":"Feature","properties":{"TreeNo":"442","Plot":"Plot 1"},"geometry":{"type":"Point","coordinates":[77.0766274508,10.4806803095]}},{"type":"Feature","properties":{"TreeNo":"443","Plot":"Plot 1"},"geometry":{"type":"Point","coordinates":[77.0765619203,10.4806855831]}},{"type":"Feature","properties":{"TreeNo":"444","Plot":"Plot 1"},"geometry":{"type":"Point","coordinates":[77.0764810103,10.4807023161]}},{"type":"Feature","properties":{"TreeNo":"445","Plot":"Plot 1"},"geometry":{"type":"Point","coordinates":[77.0764109134,10.4807158583]}},{"type":"Feature","properties":{"TreeNo":"446","Plot":"Plot 1"},"geometry":{"type":"Point","coordinates":[77.0763381944,10.4807253147]}},{"type":"Feature","properties":{"TreeNo":"447","Plot":"Plot 1"},"geometry":{"type":"Point","coordinates":[77.0762603421,10.4807379056]}},{"type":"Feature","properties":{"TreeNo":"448","Plot":"Plot 1"},"geometry":{"type":"Point","coordinates":[77.076190706,10.4807457896]}},{"type":"Feature","properties":{"TreeNo":"449","Plot":"Plot 1"},"geometry":{"type":"Point","coordinates":[77.0761086978,10.4807558517]}},{"type":"Feature","properties":{"TreeNo":"450","Plot":"Plot 1"},"geometry":{"type":"Point","coordinates":[77.0760380643,10.4807673433]}},{"type":"Feature","properties":{"TreeNo":"451","Plot":"Plot 1"},"geometry":{"type":"Point","coordinates":[77.0759704684,10.4807726372]}},{"type":"Feature","properties":{"TreeNo":"452","Plot":"Plot 1"},"geometry":{"type":"Point","coordinates":[77.0758966964,10.480780048]}},{"type":"Feature","properties":{"TreeNo":"453","Plot":"Plot 1"},"geometry":{"type":"Point","coordinates":[77.0758183278,10.4807926439]}},{"type":"Feature","properties":{"TreeNo":"454","Plot":"Plot 1"},"geometry":{"type":"Point","coordinates":[77.0757497546,10.4808036011]}},{"type":"Feature","properties":{"TreeNo":"461","Plot":"Plot 1"},"geometry":{"type":"Point","coordinates":[77.0767103744,10.4805530526]}},{"type":"Feature","properties":{"TreeNo":"462","Plot":"Plot 1"},"geometry":{"type":"Point","coordinates":[77.0766682198,10.4805986989]}},{"type":"Feature","properties":{"TreeNo":"463","Plot":"Plot 1"},"geometry":{"type":"Point","coordinates":[77.076611981,10.4806036237]}},{"type":"Feature","properties":{"TreeNo":"464","Plot":"Plot 1"},"geometry":{"type":"Point","coordinates":[77.0765418437,10.4806130546]}},{"type":"Feature","properties":{"TreeNo":"465","Plot":"Plot 1"},"geometry":{"type":"Point","coordinates":[77.0764671325,10.4806299832]}},{"type":"Feature","properties":{"TreeNo":"466","Plot":"Plot 1"},"geometry":{"type":"Point","coordinates":[77.0763985442,10.4806393988]}},{"type":"Feature","properties":{"TreeNo":"467","Plot":"Plot 1"},"geometry":{"type":"Point","coordinates":[77.0763263315,10.4806478222]}},{"type":"Feature","properties":{"TreeNo":"468","Plot":"Plot 1"},"geometry":{"type":"Point","coordinates":[77.0762443182,10.4806573704]}},{"type":"Feature","properties":{"TreeNo":"469","Plot":"Plot 1"},"geometry":{"type":"Point","coordinates":[77.0761834752,10.4806667094]}},{"type":"Feature","properties":{"TreeNo":"470","Plot":"Plot 1"},"geometry":{"type":"Point","coordinates":[77.0761031219,10.4806875485]}},{"type":"Feature","properties":{"TreeNo":"471","Plot":"Plot 1"},"geometry":{"type":"Point","coordinates":[77.0760282971,10.4806929139]}},{"type":"Feature","properties":{"TreeNo":"472","Plot":"Plot 1"},"geometry":{"type":"Point","coordinates":[77.0759550869,10.4807049449]}},{"type":"Feature","properties":{"TreeNo":"473","Plot":"Plot 1"},"geometry":{"type":"Point","coordinates":[77.0758833855,10.4807128492]}},{"type":"Feature","properties":{"TreeNo":"474","Plot":"Plot 1"},"geometry":{"type":"Point","coordinates":[77.0758080746,10.4807213031]}},{"type":"Feature","properties":{"TreeNo":"475","Plot":"Plot 1"},"geometry":{"type":"Point","coordinates":[77.0757338468,10.480734886]}},{"type":"Feature","properties":{"TreeNo":"483","Plot":"Plot 1"},"geometry":{"type":"Point","coordinates":[77.0766997721,10.4804724639]}},{"type":"Feature","properties":{"TreeNo":"484","Plot":"Plot 1"},"geometry":{"type":"Point","coordinates":[77.0766525397,10.4805268979]}},{"type":"Feature","properties":{"TreeNo":"485","Plot":"Plot 1"},"geometry":{"type":"Point","coordinates":[77.076600171,10.4805315274]}},{"type":"Feature","properties":{"TreeNo":"486","Plot":"Plot 1"},"geometry":{"type":"Point","coordinates":[77.0765280138,10.480545604]}},{"type":"Feature","properties":{"TreeNo":"487","Plot":"Plot 1"},"geometry":{"type":"Point","coordinates":[77.0764429151,10.4805564677]}},{"type":"Feature","properties":{"TreeNo":"488","Plot":"Plot 1"},"geometry":{"type":"Point","coordinates":[77.0763846134,10.4805616697]}},{"type":"Feature","properties":{"TreeNo":"489","Plot":"Plot 1"},"geometry":{"type":"Point","coordinates":[77.0763103958,10.4805762806]}},{"type":"Feature","properties":{"TreeNo":"490","Plot":"Plot 1"},"geometry":{"type":"Point","coordinates":[77.0762377197,10.4805901053]}},{"type":"Feature","properties":{"TreeNo":"491","Plot":"Plot 1"},"geometry":{"type":"Point","coordinates":[77.0761676177,10.4806031336]}},{"type":"Feature","properties":{"TreeNo":"492","Plot":"Plot 1"},"geometry":{"type":"Point","coordinates":[77.0760923271,10.4806136433]}},{"type":"Feature","properties":{"TreeNo":"493","Plot":"Plot 1"},"geometry":{"type":"Point","coordinates":[77.0760133665,10.4806185355]}},{"type":"Feature","properties":{"TreeNo":"494","Plot":"Plot 1"},"geometry":{"type":"Point","coordinates":[77.0759489342,10.4806304797]}},{"type":"Feature","properties":{"TreeNo":"495","Plot":"Plot 1"},"geometry":{"type":"Point","coordinates":[77.0758663794,10.4806374633]}},{"type":"Feature","properties":{"TreeNo":"496","Plot":"Plot 1"},"geometry":{"type":"Point","coordinates":[77.0757988642,10.4806509799]}},{"type":"Feature","properties":{"TreeNo":"497","Plot":"Plot 1"},"geometry":{"type":"Point","coordinates":[77.075727208,10.4806635095]}},{"type":"Feature","properties":{"TreeNo":"506","Plot":"Plot 1"},"geometry":{"type":"Point","coordinates":[77.0766854636,10.4804088728]}},{"type":"Feature","properties":{"TreeNo":"507","Plot":"Plot 1"},"geometry":{"type":"Point","coordinates":[77.0766399098,10.4804501839]}},{"type":"Feature","properties":{"TreeNo":"508","Plot":"Plot 1"},"geometry":{"type":"Point","coordinates":[77.0765932285,10.4804555281]}},{"type":"Feature","properties":{"TreeNo":"509","Plot":"Plot 1"},"geometry":{"type":"Point","coordinates":[77.0765226304,10.4804706173]}},{"type":"Feature","properties":{"TreeNo":"510","Plot":"Plot 1"},"geometry":{"type":"Point","coordinates":[77.076435188,10.4804794482]}},{"type":"Feature","properties":{"TreeNo":"512","Plot":"Plot 1"},"geometry":{"type":"Point","coordinates":[77.0763748513,10.4804877543]}},{"type":"Feature","properties":{"TreeNo":"513","Plot":"Plot 1"},"geometry":{"type":"Point","coordinates":[77.0762995657,10.4804987779]}},{"type":"Feature","properties":{"TreeNo":"514","Plot":"Plot 1"},"geometry":{"type":"Point","coordinates":[77.0762274286,10.4805149101]}},{"type":"Feature","properties":{"TreeNo":"515","Plot":"Plot 1"},"geometry":{"type":"Point","coordinates":[77.0761588353,10.4805238117]}},{"type":"Feature","properties":{"TreeNo":"516","Plot":"Plot 1"},"geometry":{"type":"Point","coordinates":[77.0760815297,10.480539481]}},{"type":"Feature","properties":{"TreeNo":"517","Plot":"Plot 1"},"geometry":{"type":"Point","coordinates":[77.0760041485,10.4805474415]}},{"type":"Feature","properties":{"TreeNo":"518","Plot":"Plot 1"},"geometry":{"type":"Point","coordinates":[77.0759355653,10.4805573708]}},{"type":"Feature","properties":{"TreeNo":"519","Plot":"Plot 1"},"geometry":{"type":"Point","coordinates":[77.075859252,10.4805689185]}},{"type":"Feature","properties":{"TreeNo":"520","Plot":"Plot 1"},"geometry":{"type":"Point","coordinates":[77.0757793243,10.4805805019]}},{"type":"Feature","properties":{"TreeNo":"521","Plot":"Plot 1"},"geometry":{"type":"Point","coordinates":[77.075713343,10.4805924614]}},{"type":"Feature","properties":{"TreeNo":"529","Plot":"Plot 1"},"geometry":{"type":"Point","coordinates":[77.0766314031,10.4803726583]}},{"type":"Feature","properties":{"TreeNo":"530","Plot":"Plot 1"},"geometry":{"type":"Point","coordinates":[77.07657625,10.480382969]}},{"type":"Feature","properties":{"TreeNo":"531","Plot":"Plot 1"},"geometry":{"type":"Point","coordinates":[77.0765071606,10.4803939314]}},{"type":"Feature","properties":{"TreeNo":"532","Plot":"Plot 1"},"geometry":{"type":"Point","coordinates":[77.0764277746,10.4804080794]}},{"type":"Feature","properties":{"TreeNo":"533","Plot":"Plot 1"},"geometry":{"type":"Point","coordinates":[77.0763684604,10.4804153474]}},{"type":"Feature","properties":{"TreeNo":"534","Plot":"Plot 1"},"geometry":{"type":"Point","coordinates":[77.0762921271,10.4804248395]}},{"type":"Feature","properties":{"TreeNo":"535","Plot":"Plot 1"},"geometry":{"type":"Point","coordinates":[77.0762189876,10.4804440654]}},{"type":"Feature","properties":{"TreeNo":"537","Plot":"Plot 1"},"geometry":{"type":"Point","coordinates":[77.0761657954,10.4804700328]}},{"type":"Feature","properties":{"TreeNo":"538","Plot":"Plot 1"},"geometry":{"type":"Point","coordinates":[77.0761036539,10.4804786136]}},{"type":"Feature","properties":{"TreeNo":"539","Plot":"Plot 1"},"geometry":{"type":"Point","coordinates":[77.0760332585,10.4804880469]}},{"type":"Feature","properties":{"TreeNo":"540","Plot":"Plot 1"},"geometry":{"type":"Point","coordinates":[77.0759600559,10.4805008488]}},{"type":"Feature","properties":{"TreeNo":"541","Plot":"Plot 1"},"geometry":{"type":"Point","coordinates":[77.0758904728,10.4805141289]}},{"type":"Feature","properties":{"TreeNo":"542","Plot":"Plot 1"},"geometry":{"type":"Point","coordinates":[77.0758095074,10.4805252085]}},{"type":"Feature","properties":{"TreeNo":"543","Plot":"Plot 1"},"geometry":{"type":"Point","coordinates":[77.0757440096,10.4805338224]}},{"type":"Feature","properties":{"TreeNo":"544","Plot":"Plot 1"},"geometry":{"type":"Point","coordinates":[77.0755912406,10.4805423994]}},{"type":"Feature","properties":{"TreeNo":"545","Plot":"Plot 1"},"geometry":{"type":"Point","coordinates":[77.0754495027,10.4805700127]}},{"type":"Feature","properties":{"TreeNo":"546","Plot":"Plot 1"},"geometry":{"type":"Point","coordinates":[77.075368036,10.4805826391]}},{"type":"Feature","properties":{"TreeNo":"547","Plot":"Plot 1"},"geometry":{"type":"Point","coordinates":[77.0752943346,10.4805972447]}},{"type":"Feature","properties":{"TreeNo":"548","Plot":"Plot 1"},"geometry":{"type":"Point","coordinates":[77.0752221521,10.4806087514]}},{"type":"Feature","properties":{"TreeNo":"528","Plot":"Plot 1"},"geometry":{"type":"Point","coordinates":[77.0752004835,10.4806634466]}},{"type":"Feature","properties":{"TreeNo":"527","Plot":"Plot 1"},"geometry":{"type":"Point","coordinates":[77.0752722153,10.480658626]}},{"type":"Feature","properties":{"TreeNo":"526","Plot":"Plot 1"},"geometry":{"type":"Point","coordinates":[77.0753407481,10.4806435575]}},{"type":"Feature","properties":{"TreeNo":"525","Plot":"Plot 1"},"geometry":{"type":"Point","coordinates":[77.0754150062,10.4806330582]}},{"type":"Feature","properties":{"TreeNo":"523","Plot":"Plot 1"},"geometry":{"type":"Point","coordinates":[77.0755724141,10.4806104298]}},{"type":"Feature","properties":{"TreeNo":"522","Plot":"Plot 1"},"geometry":{"type":"Point","coordinates":[77.075641253,10.480600241]}},{"type":"Feature","properties":{"TreeNo":"498","Plot":"Plot 1"},"geometry":{"type":"Point","coordinates":[77.075654875,10.4806728334]}},{"type":"Feature","properties":{"TreeNo":"499","Plot":"Plot 1"},"geometry":{"type":"Point","coordinates":[77.0755749976,10.480689556]}},{"type":"Feature","properties":{"TreeNo":"505","Plot":"Plot 1"},"geometry":{"type":"Point","coordinates":[77.0752026369,10.4807382083]}},{"type":"Feature","properties":{"TreeNo":"504","Plot":"Plot 1"},"geometry":{"type":"Point","coordinates":[77.0752807751,10.4807284416]}},{"type":"Feature","properties":{"TreeNo":"503","Plot":"Plot 1"},"geometry":{"type":"Point","coordinates":[77.0753496015,10.4807169681]}},{"type":"Feature","properties":{"TreeNo":"502","Plot":"Plot 1"},"geometry":{"type":"Point","coordinates":[77.0754272359,10.4807084913]}},{"type":"Feature","properties":{"TreeNo":"501","Plot":"Plot 1"},"geometry":{"type":"Point","coordinates":[77.0754742684,10.4806599701]}},{"type":"Feature","properties":{"TreeNo":"478","Plot":"Plot 1"},"geometry":{"type":"Point","coordinates":[77.0754881057,10.4807281916]}},{"type":"Feature","properties":{"TreeNo":"476","Plot":"Plot 1"},"geometry":{"type":"Point","coordinates":[77.0756672313,10.4807480082]}},{"type":"Feature","properties":{"TreeNo":"477","Plot":"Plot 1"},"geometry":{"type":"Point","coordinates":[77.0755891007,10.4807585459]}},{"type":"Feature","properties":{"TreeNo":"482","Plot":"Plot 1"},"geometry":{"type":"Point","coordinates":[77.0752172499,10.4808065507]}},{"type":"Feature","properties":{"TreeNo":"481","Plot":"Plot 1"},"geometry":{"type":"Point","coordinates":[77.0752810709,10.4807980819]}},{"type":"Feature","properties":{"TreeNo":"480","Plot":"Plot 1"},"geometry":{"type":"Point","coordinates":[77.0753600152,10.4807915196]}},{"type":"Feature","properties":{"TreeNo":"479","Plot":"Plot 1"},"geometry":{"type":"Point","coordinates":[77.0754394153,10.4807787851]}},{"type":"Feature","properties":{"TreeNo":"500","Plot":"Plot 1"},"geometry":{"type":"Point","coordinates":[77.0754990345,10.4808026096]}},{"type":"Feature","properties":{"TreeNo":"460","Plot":"Plot 1"},"geometry":{"type":"Point","coordinates":[77.0753042705,10.4808731496]}},{"type":"Feature","properties":{"TreeNo":"459","Plot":"Plot 1"},"geometry":{"type":"Point","coordinates":[77.0753699635,10.4808581092]}},{"type":"Feature","properties":{"TreeNo":"458","Plot":"Plot 1"},"geometry":{"type":"Point","coordinates":[77.0754504379,10.4808496044]}},{"type":"Feature","properties":{"TreeNo":"455","Plot":"Plot 1"},"geometry":{"type":"Point","coordinates":[77.075673197,10.4808165646]}},{"type":"Feature","properties":{"TreeNo":"456","Plot":"Plot 1"},"geometry":{"type":"Point","coordinates":[77.0755958484,10.4808278654]}},{"type":"Feature","properties":{"TreeNo":"457","Plot":"Plot 1"},"geometry":{"type":"Point","coordinates":[77.0754987505,10.4808789373]}},{"type":"Feature","properties":{"TreeNo":"435","Plot":"Plot 1"},"geometry":{"type":"Point","coordinates":[77.0756840572,10.4808971509]}},{"type":"Feature","properties":{"TreeNo":"436","Plot":"Plot 1"},"geometry":{"type":"Point","coordinates":[77.0756087488,10.4809058617]}},{"type":"Feature","properties":{"TreeNo":"439","Plot":"Plot 1"},"geometry":{"type":"Point","coordinates":[77.0753087732,10.4809373517]}},{"type":"Feature","properties":{"TreeNo":"438","Plot":"Plot 1"},"geometry":{"type":"Point","coordinates":[77.0753840968,10.4809301827]}},{"type":"Feature","properties":{"TreeNo":"437","Plot":"Plot 1"},"geometry":{"type":"Point","coordinates":[77.0754597113,10.4809263516]}},{"type":"Feature","properties":{"TreeNo":"414","Plot":"Plot 1"},"geometry":{"type":"Point","coordinates":[77.0756898207,10.4809582566]}},{"type":"Feature","properties":{"TreeNo":"415","Plot":"Plot 1"},"geometry":{"type":"Point","coordinates":[77.075612049,10.4809790701]}},{"type":"Feature","properties":{"TreeNo":"416","Plot":"Plot 1"},"geometry":{"type":"Point","coordinates":[77.0755103802,10.4809590021]}},{"type":"Feature","properties":{"TreeNo":"417","Plot":"Plot 1"},"geometry":{"type":"Point","coordinates":[77.0754686862,10.48099899]}},{"type":"Feature","properties":{"TreeNo":"418","Plot":"Plot 1"},"geometry":{"type":"Point","coordinates":[77.0753974858,10.4810053473]}},{"type":"Feature","properties":{"TreeNo":"419","Plot":"Plot 1"},"geometry":{"type":"Point","coordinates":[77.0753278924,10.4810175994]}},{"type":"Feature","properties":{"TreeNo":"398","Plot":"Plot 1"},"geometry":{"type":"Point","coordinates":[77.0752702958,10.4811078568]}},{"type":"Feature","properties":{"TreeNo":"397","Plot":"Plot 1"},"geometry":{"type":"Point","coordinates":[77.075337305,10.4810953732]}},{"type":"Feature","properties":{"TreeNo":"396","Plot":"Plot 1"},"geometry":{"type":"Point","coordinates":[77.0754120492,10.4810817853]}},{"type":"Feature","properties":{"TreeNo":"395","Plot":"Plot 1"},"geometry":{"type":"Point","coordinates":[77.0754884332,10.4810774326]}},{"type":"Feature","properties":{"TreeNo":"394","Plot":"Plot 1"},"geometry":{"type":"Point","coordinates":[77.075621454,10.481056073]}},{"type":"Feature","properties":{"TreeNo":"393","Plot":"Plot 1"},"geometry":{"type":"Point","coordinates":[77.0757112479,10.4810500458]}},{"type":"Feature","properties":{"TreeNo":"372.1","Plot":"Plot 1"},"geometry":{"type":"Point","coordinates":[77.0757227214,10.481114179]}},{"type":"Feature","properties":{"TreeNo":"373","Plot":"Plot 1"},"geometry":{"type":"Point","coordinates":[77.0756402471,10.4811293853]}},{"type":"Feature","properties":{"TreeNo":"374","Plot":"Plot 1"},"geometry":{"type":"Point","coordinates":[77.0754952646,10.4811421256]}},{"type":"Feature","properties":{"TreeNo":"375","Plot":"Plot 1"},"geometry":{"type":"Point","coordinates":[77.0754246158,10.4811520753]}},{"type":"Feature","properties":{"TreeNo":"376","Plot":"Plot 1"},"geometry":{"type":"Point","coordinates":[77.0753472646,10.4811631191]}},{"type":"Feature","properties":{"TreeNo":"377","Plot":"Plot 1"},"geometry":{"type":"Point","coordinates":[77.0752756235,10.4811771904]}},{"type":"Feature","properties":{"TreeNo":"351","Plot":"Plot 1"},"geometry":{"type":"Point","coordinates":[77.0757275933,10.4811896847]}},{"type":"Feature","properties":{"TreeNo":"352","Plot":"Plot 1"},"geometry":{"type":"Point","coordinates":[77.0756476705,10.481201782]}},{"type":"Feature","properties":{"TreeNo":"357","Plot":"Plot 1"},"geometry":{"type":"Point","coordinates":[77.0752783442,10.4812439799]}},{"type":"Feature","properties":{"TreeNo":"356","Plot":"Plot 1"},"geometry":{"type":"Point","coordinates":[77.0753595807,10.4812341826]}},{"type":"Feature","properties":{"TreeNo":"355","Plot":"Plot 1"},"geometry":{"type":"Point","coordinates":[77.0754333099,10.4812224036]}},{"type":"Feature","properties":{"TreeNo":"353","Plot":"Plot 1"},"geometry":{"type":"Point","coordinates":[77.0755109823,10.4812177811]}},{"type":"Feature","properties":{"TreeNo":"335","Plot":"Plot 1"},"geometry":{"type":"Point","coordinates":[77.0752906905,10.4813181269]}},{"type":"Feature","properties":{"TreeNo":"334","Plot":"Plot 1"},"geometry":{"type":"Point","coordinates":[77.075369616,10.4813096373]}},{"type":"Feature","properties":{"TreeNo":"332","Plot":"Plot 1"},"geometry":{"type":"Point","coordinates":[77.0754422747,10.4812940141]}},{"type":"Feature","properties":{"TreeNo":"331","Plot":"Plot 1"},"geometry":{"type":"Point","coordinates":[77.075517383,10.4812912159]}},{"type":"Feature","properties":{"TreeNo":"312","Plot":"Plot 1"},"geometry":{"type":"Point","coordinates":[77.0753002044,10.4813930728]}},{"type":"Feature","properties":{"TreeNo":"311","Plot":"Plot 1"},"geometry":{"type":"Point","coordinates":[77.075373683,10.4813820672]}},{"type":"Feature","properties":{"TreeNo":"310","Plot":"Plot 1"},"geometry":{"type":"Point","coordinates":[77.0754487006,10.4813700185]}},{"type":"Feature","properties":{"TreeNo":"309","Plot":"Plot 1"},"geometry":{"type":"Point","coordinates":[77.075531529,10.4813645742]}},{"type":"Feature","properties":{"TreeNo":"290","Plot":"Plot 1"},"geometry":{"type":"Point","coordinates":[77.0753133126,10.4814659274]}},{"type":"Feature","properties":{"TreeNo":"289","Plot":"Plot 1"},"geometry":{"type":"Point","coordinates":[77.0753811543,10.4814593462]}},{"type":"Feature","properties":{"TreeNo":"288","Plot":"Plot 1"},"geometry":{"type":"Point","coordinates":[77.075462596,10.4814441502]}},{"type":"Feature","properties":{"TreeNo":"287","Plot":"Plot 1"},"geometry":{"type":"Point","coordinates":[77.0755399346,10.4814318214]}},{"type":"Feature","properties":{"TreeNo":"306","Plot":"Plot 1"},"geometry":{"type":"Point","coordinates":[77.0757396103,10.4813355341]}},{"type":"Feature","properties":{"TreeNo":"307","Plot":"Plot 1"},"geometry":{"type":"Point","coordinates":[77.0756720697,10.4813464811]}},{"type":"Feature","properties":{"TreeNo":"286","Plot":"Plot 1"},"geometry":{"type":"Point","coordinates":[77.0756350127,10.4813853952]}},{"type":"Feature","properties":{"TreeNo":"329","Plot":"Plot 1"},"geometry":{"type":"Point","coordinates":[77.0757399346,10.4812633178]}},{"type":"Feature","properties":{"TreeNo":"330","Plot":"Plot 1"},"geometry":{"type":"Point","coordinates":[77.0756540461,10.4812726472]}},{"type":"Feature","properties":{"TreeNo":"308","Plot":"Plot 1"},"geometry":{"type":"Point","coordinates":[77.0756286875,10.4813196693]}},{"type":"Feature","properties":{"TreeNo":"284","Plot":"Plot 1"},"geometry":{"type":"Point","coordinates":[77.0757528805,10.4814117278]}},{"type":"Feature","properties":{"TreeNo":"285","Plot":"Plot 1"},"geometry":{"type":"Point","coordinates":[77.0756801436,10.4814193853]}},{"type":"Feature","properties":{"TreeNo":"262","Plot":"Plot 1"},"geometry":{"type":"Point","coordinates":[77.0757694847,10.4814724694]}},{"type":"Feature","properties":{"TreeNo":"263","Plot":"Plot 1"},"geometry":{"type":"Point","coordinates":[77.0757013899,10.4814795671]}},{"type":"Feature","properties":{"TreeNo":"264","Plot":"Plot 1"},"geometry":{"type":"Point","coordinates":[77.0756353907,10.4814897279]}},{"type":"Feature","properties":{"TreeNo":"265","Plot":"Plot 1"},"geometry":{"type":"Point","coordinates":[77.0755335634,10.4815061534]}},{"type":"Feature","properties":{"TreeNo":"266","Plot":"Plot 1"},"geometry":{"type":"Point","coordinates":[77.0754721433,10.4815093303]}},{"type":"Feature","properties":{"TreeNo":"267","Plot":"Plot 1"},"geometry":{"type":"Point","coordinates":[77.0754061667,10.4815218037]}},{"type":"Feature","properties":{"TreeNo":"268","Plot":"Plot 1"},"geometry":{"type":"Point","coordinates":[77.0753338831,10.481523032]}},{"type":"Feature","properties":{"TreeNo":"243","Plot":"Plot 1"},"geometry":{"type":"Point","coordinates":[77.0757885738,10.4815496335]}},{"type":"Feature","properties":{"TreeNo":"244","Plot":"Plot 1"},"geometry":{"type":"Point","coordinates":[77.075719469,10.4815590541]}},{"type":"Feature","properties":{"TreeNo":"245","Plot":"Plot 1"},"geometry":{"type":"Point","coordinates":[77.0756369644,10.4815711769]}},{"type":"Feature","properties":{"TreeNo":"246","Plot":"Plot 1"},"geometry":{"type":"Point","coordinates":[77.0754936416,10.4815952082]}},{"type":"Feature","properties":{"TreeNo":"247","Plot":"Plot 1"},"geometry":{"type":"Point","coordinates":[77.0754188065,10.4815995456]}},{"type":"Feature","properties":{"TreeNo":"248","Plot":"Plot 1"},"geometry":{"type":"Point","coordinates":[77.0753466389,10.4816125941]}},{"type":"Feature","properties":{"TreeNo":"222","Plot":"Plot 1"},"geometry":{"type":"Point","coordinates":[77.0758022288,10.4816255664]}},{"type":"Feature","properties":{"TreeNo":"223","Plot":"Plot 1"},"geometry":{"type":"Point","coordinates":[77.0757274794,10.4816386406]}},{"type":"Feature","properties":{"TreeNo":"224","Plot":"Plot 1"},"geometry":{"type":"Point","coordinates":[77.0756547551,10.4816475829]}},{"type":"Feature","properties":{"TreeNo":"225","Plot":"Plot 1"},"geometry":{"type":"Point","coordinates":[77.075554261,10.4816156819]}},{"type":"Feature","properties":{"TreeNo":"226","Plot":"Plot 1"},"geometry":{"type":"Point","coordinates":[77.0754979568,10.4816666077]}},{"type":"Feature","properties":{"TreeNo":"227","Plot":"Plot 1"},"geometry":{"type":"Point","coordinates":[77.0754308669,10.4816708685]}},{"type":"Feature","properties":{"TreeNo":"228.1","Plot":"Plot 1"},"geometry":{"type":"Point","coordinates":[77.0753571956,10.4816885577]}},{"type":"Feature","properties":{"TreeNo":"201","Plot":"Plot 1"},"geometry":{"type":"Point","coordinates":[77.0758143094,10.4816989451]}},{"type":"Feature","properties":{"TreeNo":"202","Plot":"Plot 1"},"geometry":{"type":"Point","coordinates":[77.0757354444,10.4817136018]}},{"type":"Feature","properties":{"TreeNo":"203","Plot":"Plot 1"},"geometry":{"type":"Point","coordinates":[77.0756632263,10.4817215112]}},{"type":"Feature","properties":{"TreeNo":"206","Plot":"Plot 1"},"geometry":{"type":"Point","coordinates":[77.0753720631,10.4817565121]}},{"type":"Feature","properties":{"TreeNo":"205","Plot":"Plot 1"},"geometry":{"type":"Point","coordinates":[77.0754378345,10.4817494374]}},{"type":"Feature","properties":{"TreeNo":"204","Plot":"Plot 1"},"geometry":{"type":"Point","coordinates":[77.0755167298,10.4817378643]}},{"type":"Feature","properties":{"TreeNo":"204.1","Plot":"Plot 1"},"geometry":{"type":"Point","coordinates":[77.0755521244,10.4816874022]}},{"type":"Feature","properties":{"TreeNo":"178","Plot":"Plot 1"},"geometry":{"type":"Point","coordinates":[77.0758240413,10.481769777]}},{"type":"Feature","properties":{"TreeNo":"179","Plot":"Plot 1"},"geometry":{"type":"Point","coordinates":[77.0757472265,10.4817828716]}},{"type":"Feature","properties":{"TreeNo":"180","Plot":"Plot 1"},"geometry":{"type":"Point","coordinates":[77.0756781242,10.4817925491]}},{"type":"Feature","properties":{"TreeNo":"181","Plot":"Plot 1"},"geometry":{"type":"Point","coordinates":[77.0755663687,10.4817707819]}},{"type":"Feature","properties":{"TreeNo":"182","Plot":"Plot 1"},"geometry":{"type":"Point","coordinates":[77.0755199871,10.4818067044]}},{"type":"Feature","properties":{"TreeNo":"183","Plot":"Plot 1"},"geometry":{"type":"Point","coordinates":[77.0754520006,10.4818248513]}},{"type":"Feature","properties":{"TreeNo":"184","Plot":"Plot 1"},"geometry":{"type":"Point","coordinates":[77.0753872746,10.4818332006]}},{"type":"Feature","properties":{"TreeNo":"162","Plot":"Plot 1"},"geometry":{"type":"Point","coordinates":[77.0753972545,10.4819030022]}},{"type":"Feature","properties":{"TreeNo":"161","Plot":"Plot 1"},"geometry":{"type":"Point","coordinates":[77.0754671692,10.4818971715]}},{"type":"Feature","properties":{"TreeNo":"160","Plot":"Plot 1"},"geometry":{"type":"Point","coordinates":[77.0755372791,10.4818849142]}},{"type":"Feature","properties":{"TreeNo":"159","Plot":"Plot 1"},"geometry":{"type":"Point","coordinates":[77.075576098,10.4818413569]}},{"type":"Feature","properties":{"TreeNo":"158","Plot":"Plot 1"},"geometry":{"type":"Point","coordinates":[77.0756904403,10.4818636125]}},{"type":"Feature","properties":{"TreeNo":"157","Plot":"Plot 1"},"geometry":{"type":"Point","coordinates":[77.0757662703,10.4818554104]}},{"type":"Feature","properties":{"TreeNo":"156","Plot":"Plot 1"},"geometry":{"type":"Point","coordinates":[77.0758309863,10.4818460332]}},{"type":"Feature","properties":{"TreeNo":"135","Plot":"Plot 1"},"geometry":{"type":"Point","coordinates":[77.0758483293,10.481916276]}},{"type":"Feature","properties":{"TreeNo":"136","Plot":"Plot 1"},"geometry":{"type":"Point","coordinates":[77.0757747416,10.4819293387]}},{"type":"Feature","properties":{"TreeNo":"137","Plot":"Plot 1"},"geometry":{"type":"Point","coordinates":[77.0756971182,10.4819389719]}},{"type":"Feature","properties":{"TreeNo":"141.1","Plot":"Plot 1"},"geometry":{"type":"Point","coordinates":[77.0754136686,10.4819706843]}},{"type":"Feature","properties":{"TreeNo":"140","Plot":"Plot 1"},"geometry":{"type":"Point","coordinates":[77.0754781566,10.4819643933]}},{"type":"Feature","properties":{"TreeNo":"139","Plot":"Plot 1"},"geometry":{"type":"Point","coordinates":[77.0755437379,10.4819642591]}},{"type":"Feature","properties":{"TreeNo":"120","Plot":"Plot 1"},"geometry":{"type":"Point","coordinates":[77.0754180292,10.4820467091]}},{"type":"Feature","properties":{"TreeNo":"119","Plot":"Plot 1"},"geometry":{"type":"Point","coordinates":[77.0754936137,10.4820397944]}},{"type":"Feature","properties":{"TreeNo":"118","Plot":"Plot 1"},"geometry":{"type":"Point","coordinates":[77.0755632577,10.4820326815]}},{"type":"Feature","properties":{"TreeNo":"114","Plot":"Plot 1"},"geometry":{"type":"Point","coordinates":[77.0758638373,10.4819837101]}},{"type":"Feature","properties":{"TreeNo":"115","Plot":"Plot 1"},"geometry":{"type":"Point","coordinates":[77.0757842229,10.4820009441]}},{"type":"Feature","properties":{"TreeNo":"116","Plot":"Plot 1"},"geometry":{"type":"Point","coordinates":[77.0757153131,10.4820039381]}},{"type":"Feature","properties":{"TreeNo":"92","Plot":"Plot 1"},"geometry":{"type":"Point","coordinates":[77.0758749307,10.4820617242]}},{"type":"Feature","properties":{"TreeNo":"93","Plot":"Plot 1"},"geometry":{"type":"Point","coordinates":[77.0757990982,10.4820696693]}},{"type":"Feature","properties":{"TreeNo":"94","Plot":"Plot 1"},"geometry":{"type":"Point","coordinates":[77.0757263838,10.4820796395]}},{"type":"Feature","properties":{"TreeNo":"95","Plot":"Plot 1"},"geometry":{"type":"Point","coordinates":[77.0756978969,10.4821236087]}},{"type":"Feature","properties":{"TreeNo":"96","Plot":"Plot 1"},"geometry":{"type":"Point","coordinates":[77.0756821917,10.482049238]}},{"type":"Feature","properties":{"TreeNo":"97","Plot":"Plot 1"},"geometry":{"type":"Point","coordinates":[77.0755758572,10.482106312]}},{"type":"Feature","properties":{"TreeNo":"98","Plot":"Plot 1"},"geometry":{"type":"Point","coordinates":[77.0755010976,10.4821183582]}},{"type":"Feature","properties":{"TreeNo":"99","Plot":"Plot 1"},"geometry":{"type":"Point","coordinates":[77.075431441,10.4821241864]}},{"type":"Feature","properties":{"TreeNo":"72","Plot":"Plot 1"},"geometry":{"type":"Point","coordinates":[77.0758864901,10.4821345939]}},{"type":"Feature","properties":{"TreeNo":"73","Plot":"Plot 1"},"geometry":{"type":"Point","coordinates":[77.075812262,10.482148177]}},{"type":"Feature","properties":{"TreeNo":"74","Plot":"Plot 1"},"geometry":{"type":"Point","coordinates":[77.0757386007,10.4821668941]}},{"type":"Feature","properties":{"TreeNo":"75","Plot":"Plot 1"},"geometry":{"type":"Point","coordinates":[77.075583802,10.4821792175]}},{"type":"Feature","properties":{"TreeNo":"76","Plot":"Plot 1"},"geometry":{"type":"Point","coordinates":[77.0755147323,10.4821922355]}},{"type":"Feature","properties":{"TreeNo":"77","Plot":"Plot 1"},"geometry":{"type":"Point","coordinates":[77.075437872,10.4822007047]}},{"type":"Feature","properties":{"TreeNo":"51","Plot":"Plot 1"},"geometry":{"type":"Point","coordinates":[77.075894435,10.4822074995]}},{"type":"Feature","properties":{"TreeNo":"52","Plot":"Plot 1"},"geometry":{"type":"Point","coordinates":[77.0758161013,10.4822236929]}},{"type":"Feature","properties":{"TreeNo":"57","Plot":"Plot 1"},"geometry":{"type":"Point","coordinates":[77.0754587854,10.4822631384]}},{"type":"Feature","properties":{"TreeNo":"56","Plot":"Plot 1"},"geometry":{"type":"Point","coordinates":[77.075519168,10.4822594578]}},{"type":"Feature","properties":{"TreeNo":"55","Plot":"Plot 1"},"geometry":{"type":"Point","coordinates":[77.0755954968,10.4822494519]}},{"type":"Feature","properties":{"TreeNo":"15","Plot":"Plot 1"},"geometry":{"type":"Point","coordinates":[77.0759041098,10.4822823795]}},{"type":"Feature","properties":{"TreeNo":"16","Plot":"Plot 1"},"geometry":{"type":"Point","coordinates":[77.0758295857,10.4822921107]}},{"type":"Feature","properties":{"TreeNo":"17","Plot":"Plot 1"},"geometry":{"type":"Point","coordinates":[77.0757614958,10.4822997223]}},{"type":"Feature","properties":{"TreeNo":"53","Plot":"Plot 1"},"geometry":{"type":"Point","coordinates":[77.0757581955,10.4822265139]}},{"type":"Feature","properties":{"TreeNo":"54","Plot":"Plot 1"},"geometry":{"type":"Point","coordinates":[77.075715299,10.4822031667]}},{"type":"Feature","properties":{"TreeNo":"21","Plot":"Plot 1"},"geometry":{"type":"Point","coordinates":[77.0755253493,10.4823302606]}},{"type":"Feature","properties":{"TreeNo":"20","Plot":"Plot 1"},"geometry":{"type":"Point","coordinates":[77.07559655,10.4823239032]}},{"type":"Feature","properties":{"TreeNo":"19","Plot":"Plot 1"},"geometry":{"type":"Point","coordinates":[77.0756898679,10.4823085896]}},{"type":"Feature","properties":{"TreeNo":"18","Plot":"Plot 1"},"geometry":{"type":"Point","coordinates":[77.0757080128,10.4822631807]}},{"type":"Feature","properties":{"TreeNo":"953","Plot":"Plot 1"},"geometry":{"type":"Point","coordinates":[77.075612593,10.4824327067]}},{"type":"Feature","properties":{"TreeNo":"954","Plot":"Plot 1"},"geometry":{"type":"Point","coordinates":[77.0755438984,10.4824313298]}},{"type":"Feature","properties":{"TreeNo":"955","Plot":"Plot 1"},"geometry":{"type":"Point","coordinates":[77.0756196161,10.4825169287]}},{"type":"Feature","properties":{"TreeNo":"956","Plot":"Plot 1"},"geometry":{"type":"Point","coordinates":[77.0755551431,10.4825247616]}},{"type":"Feature","properties":{"TreeNo":"957","Plot":"Plot 1"},"geometry":{"type":"Point","coordinates":[77.0754797511,10.4825249928]}},{"type":"Feature","properties":{"TreeNo":"958","Plot":"Plot 1"},"geometry":{"type":"Point","coordinates":[77.0754039688,10.4825380771]}},{"type":"Feature","properties":{"TreeNo":"959","Plot":"Plot 1"},"geometry":{"type":"Point","coordinates":[77.0753312392,10.4825465055]}},{"type":"Feature","properties":{"TreeNo":"960","Plot":"Plot 1"},"geometry":{"type":"Point","coordinates":[77.0752595826,10.482559035]}},{"type":"Feature","properties":{"TreeNo":"961","Plot":"Plot 1"},"geometry":{"type":"Point","coordinates":[77.0751874197,10.4825725975]}},{"type":"Feature","properties":{"TreeNo":"962","Plot":"Plot 1"},"geometry":{"type":"Point","coordinates":[77.0751222791,10.4825650177]}},{"type":"Feature","properties":{"TreeNo":"963","Plot":"Plot 1"},"geometry":{"type":"Point","coordinates":[77.0750412828,10.4825730137]}},{"type":"Feature","properties":{"TreeNo":"964","Plot":"Plot 1"},"geometry":{"type":"Point","coordinates":[77.0749649841,10.482586103]}},{"type":"Feature","properties":{"TreeNo":"965","Plot":"Plot 1"},"geometry":{"type":"Point","coordinates":[77.0748859827,10.4825868837]}},{"type":"Feature","properties":{"TreeNo":"966","Plot":"Plot 1"},"geometry":{"type":"Point","coordinates":[77.0748204416,10.4825911292]}},{"type":"Feature","properties":{"TreeNo":"967","Plot":"Plot 1"},"geometry":{"type":"Point","coordinates":[77.0747414049,10.4825883124]}},{"type":"Feature","properties":{"TreeNo":"968","Plot":"Plot 1"},"geometry":{"type":"Point","coordinates":[77.074670189,10.4825931278]}},{"type":"Feature","properties":{"TreeNo":"969","Plot":"Plot 1"},"geometry":{"type":"Point","coordinates":[77.0745803492,10.4825945295]}},{"type":"Feature","properties":{"TreeNo":"970","Plot":"Plot 1"},"geometry":{"type":"Point","coordinates":[77.0744966956,10.4825948421]}},{"type":"Feature","properties":{"TreeNo":"971","Plot":"Plot 1"},"geometry":{"type":"Point","coordinates":[77.0744342778,10.4826016264]}},{"type":"Feature","properties":{"TreeNo":"972","Plot":"Plot 1"},"geometry":{"type":"Point","coordinates":[77.0743573316,10.4826013587]}},{"type":"Feature","properties":{"TreeNo":"945","Plot":"Plot 1"},"geometry":{"type":"Point","coordinates":[77.0748720708,10.4824847407]}},{"type":"Feature","properties":{"TreeNo":"944","Plot":"Plot 1"},"geometry":{"type":"Point","coordinates":[77.0749515785,10.4824829271]}},{"type":"Feature","properties":{"TreeNo":"943","Plot":"Plot 1"},"geometry":{"type":"Point","coordinates":[77.0750212705,10.4824806965]}},{"type":"Feature","properties":{"TreeNo":"942","Plot":"Plot 1"},"geometry":{"type":"Point","coordinates":[77.075092325,10.4824594354]}},{"type":"Feature","properties":{"TreeNo":"941","Plot":"Plot 1"},"geometry":{"type":"Point","coordinates":[77.0751717772,10.4824519686]}},{"type":"Feature","properties":{"TreeNo":"940","Plot":"Plot 1"},"geometry":{"type":"Point","coordinates":[77.075240371,10.4824430671]}},{"type":"Feature","properties":{"TreeNo":"939","Plot":"Plot 1"},"geometry":{"type":"Point","coordinates":[77.0753151811,10.4824361601]}},{"type":"Feature","properties":{"TreeNo":"938","Plot":"Plot 1"},"geometry":{"type":"Point","coordinates":[77.0753656472,10.4824217841]}},{"type":"Feature","properties":{"TreeNo":"922","Plot":"Plot 1"},"geometry":{"type":"Point","coordinates":[77.075374939,10.4823556468]}},{"type":"Feature","properties":{"TreeNo":"923","Plot":"Plot 1"},"geometry":{"type":"Point","coordinates":[77.0753116543,10.4823661663]}},{"type":"Feature","properties":{"TreeNo":"924","Plot":"Plot 1"},"geometry":{"type":"Point","coordinates":[77.075227021,10.4823718854]}},{"type":"Feature","properties":{"TreeNo":"925","Plot":"Plot 1"},"geometry":{"type":"Point","coordinates":[77.075162563,10.4823812599]}},{"type":"Feature","properties":{"TreeNo":"926","Plot":"Plot 1"},"geometry":{"type":"Point","coordinates":[77.0750748745,10.482391378]}},{"type":"Feature","properties":{"TreeNo":"927","Plot":"Plot 1"},"geometry":{"type":"Point","coordinates":[77.075007802,10.4823974375]}},{"type":"Feature","properties":{"TreeNo":"928","Plot":"Plot 1"},"geometry":{"type":"Point","coordinates":[77.0749358671,10.4824079139]}},{"type":"Feature","properties":{"TreeNo":"930","Plot":"Plot 1"},"geometry":{"type":"Point","coordinates":[77.0747877707,10.4824191427]}},{"type":"Feature","properties":{"TreeNo":"931","Plot":"Plot 1"},"geometry":{"type":"Point","coordinates":[77.0747192475,10.482435239]}},{"type":"Feature","properties":{"TreeNo":"932","Plot":"Plot 1"},"geometry":{"type":"Point","coordinates":[77.0746542178,10.4824389654]}},{"type":"Feature","properties":{"TreeNo":"933","Plot":"Plot 1"},"geometry":{"type":"Point","coordinates":[77.0745701436,10.4824490476]}},{"type":"Feature","properties":{"TreeNo":"934","Plot":"Plot 1"},"geometry":{"type":"Point","coordinates":[77.074491719,10.4824559902]}},{"type":"Feature","properties":{"TreeNo":"935","Plot":"Plot 1"},"geometry":{"type":"Point","coordinates":[77.0744173899,10.4824592944]}},{"type":"Feature","properties":{"TreeNo":"936","Plot":"Plot 1"},"geometry":{"type":"Point","coordinates":[77.0743513526,10.4824656006]}},{"type":"Feature","properties":{"TreeNo":"937","Plot":"Plot 1"},"geometry":{"type":"Point","coordinates":[77.0742746232,10.4824874315]}},{"type":"Feature","properties":{"TreeNo":"946","Plot":"Plot 1"},"geometry":{"type":"Point","coordinates":[77.0747967884,10.4824961495]}},{"type":"Feature","properties":{"TreeNo":"947","Plot":"Plot 1"},"geometry":{"type":"Point","coordinates":[77.0747255776,10.4825014789]}},{"type":"Feature","properties":{"TreeNo":"948","Plot":"Plot 1"},"geometry":{"type":"Point","coordinates":[77.0746594647,10.4825000763]}},{"type":"Feature","properties":{"TreeNo":"949","Plot":"Plot 1"},"geometry":{"type":"Point","coordinates":[77.0746073336,10.4825026473]}},{"type":"Feature","properties":{"TreeNo":"950","Plot":"Plot 1"},"geometry":{"type":"Point","coordinates":[77.0745258361,10.48251219]}},{"type":"Feature","properties":{"TreeNo":"951","Plot":"Plot 1"},"geometry":{"type":"Point","coordinates":[77.0744540535,10.4825118713]}},{"type":"Feature","properties":{"TreeNo":"952","Plot":"Plot 1"},"geometry":{"type":"Point","coordinates":[77.0743874243,10.4825104738]}},{"type":"Feature","properties":{"TreeNo":"952.1","Plot":"Plot 1"},"geometry":{"type":"Point","coordinates":[77.0743229763,10.482520876]}},{"type":"Feature","properties":{"TreeNo":"904","Plot":"Plot 1"},"geometry":{"type":"Point","coordinates":[77.0753616525,10.4822777829]}},{"type":"Feature","properties":{"TreeNo":"905","Plot":"Plot 1"},"geometry":{"type":"Point","coordinates":[77.0752957313,10.4822959094]}},{"type":"Feature","properties":{"TreeNo":"906","Plot":"Plot 1"},"geometry":{"type":"Point","coordinates":[77.0752182487,10.4822935913]}},{"type":"Feature","properties":{"TreeNo":"907","Plot":"Plot 1"},"geometry":{"type":"Point","coordinates":[77.0751543425,10.4823065582]}},{"type":"Feature","properties":{"TreeNo":"908","Plot":"Plot 1"},"geometry":{"type":"Point","coordinates":[77.0750799983,10.4823083208]}},{"type":"Feature","properties":{"TreeNo":"909","Plot":"Plot 1"},"geometry":{"type":"Point","coordinates":[77.0749970477,10.4823276436]}},{"type":"Feature","properties":{"TreeNo":"910","Plot":"Plot 1"},"geometry":{"type":"Point","coordinates":[77.0749201722,10.4823345709]}},{"type":"Feature","properties":{"TreeNo":"886","Plot":"Plot 1"},"geometry":{"type":"Point","coordinates":[77.0753573524,10.4822079251]}},{"type":"Feature","properties":{"TreeNo":"887","Plot":"Plot 1"},"geometry":{"type":"Point","coordinates":[77.0752877109,10.482215295]}},{"type":"Feature","properties":{"TreeNo":"888","Plot":"Plot 1"},"geometry":{"type":"Point","coordinates":[77.0752155229,10.4822262879]}},{"type":"Feature","properties":{"TreeNo":"889","Plot":"Plot 1"},"geometry":{"type":"Point","coordinates":[77.0751422922,10.4822362631]}},{"type":"Feature","properties":{"TreeNo":"890","Plot":"Plot 1"},"geometry":{"type":"Point","coordinates":[77.0750638374,10.4822401222]}},{"type":"Feature","properties":{"TreeNo":"891","Plot":"Plot 1"},"geometry":{"type":"Point","coordinates":[77.0749942916,10.4822572566]}},{"type":"Feature","properties":{"TreeNo":"892","Plot":"Plot 1"},"geometry":{"type":"Point","coordinates":[77.0749174111,10.48226367]}},{"type":"Feature","properties":{"TreeNo":"868","Plot":"Plot 1"},"geometry":{"type":"Point","coordinates":[77.0753372608,10.4821338547]}},{"type":"Feature","properties":{"TreeNo":"869","Plot":"Plot 1"},"geometry":{"type":"Point","coordinates":[77.0752761643,10.48214371]}},{"type":"Feature","properties":{"TreeNo":"870","Plot":"Plot 1"},"geometry":{"type":"Point","coordinates":[77.0751936821,10.4821581454]}},{"type":"Feature","properties":{"TreeNo":"871","Plot":"Plot 1"},"geometry":{"type":"Point","coordinates":[77.0751294396,10.482163149]}},{"type":"Feature","properties":{"TreeNo":"872","Plot":"Plot 1"},"geometry":{"type":"Point","coordinates":[77.075046907,10.4821724452]}},{"type":"Feature","properties":{"TreeNo":"873","Plot":"Plot 1"},"geometry":{"type":"Point","coordinates":[77.0749780526,10.4821810921]}},{"type":"Feature","properties":{"TreeNo":"874","Plot":"Plot 1"},"geometry":{"type":"Point","coordinates":[77.0749006583,10.4821877676]}},{"type":"Feature","properties":{"TreeNo":"857","Plot":"Plot 1"},"geometry":{"type":"Point","coordinates":[77.0748968041,10.4821107098]}},{"type":"Feature","properties":{"TreeNo":"856","Plot":"Plot 1"},"geometry":{"type":"Point","coordinates":[77.0749644004,10.4821054161]}},{"type":"Feature","properties":{"TreeNo":"851","Plot":"Plot 1"},"geometry":{"type":"Point","coordinates":[77.0753362641,10.4820585676]}},{"type":"Feature","properties":{"TreeNo":"852","Plot":"Plot 1"},"geometry":{"type":"Point","coordinates":[77.0752599202,10.4820670317]}},{"type":"Feature","properties":{"TreeNo":"853","Plot":"Plot 1"},"geometry":{"type":"Point","coordinates":[77.0751944447,10.4820779582]}},{"type":"Feature","properties":{"TreeNo":"854","Plot":"Plot 1"},"geometry":{"type":"Point","coordinates":[77.07511967,10.4820884626]}},{"type":"Feature","properties":{"TreeNo":"855","Plot":"Plot 1"},"geometry":{"type":"Point","coordinates":[77.0750469556,10.4820984327]}},{"type":"Feature","properties":{"TreeNo":"912","Plot":"Plot 1"},"geometry":{"type":"Point","coordinates":[77.0747789754,10.4823516423]}},{"type":"Feature","properties":{"TreeNo":"913","Plot":"Plot 1"},"geometry":{"type":"Point","coordinates":[77.0747072785,10.4823600603]}},{"type":"Feature","properties":{"TreeNo":"914","Plot":"Plot 1"},"geometry":{"type":"Point","coordinates":[77.0746332681,10.4823695291]}},{"type":"Feature","properties":{"TreeNo":"915","Plot":"Plot 1"},"geometry":{"type":"Point","coordinates":[77.0745571419,10.4823738791]}},{"type":"Feature","properties":{"TreeNo":"916","Plot":"Plot 1"},"geometry":{"type":"Point","coordinates":[77.0744795069,10.4823823558]}},{"type":"Feature","properties":{"TreeNo":"917","Plot":"Plot 1"},"geometry":{"type":"Point","coordinates":[77.0744083415,10.4823923104]}},{"type":"Feature","properties":{"TreeNo":"918","Plot":"Plot 1"},"geometry":{"type":"Point","coordinates":[77.0743322959,10.4824048831]}},{"type":"Feature","properties":{"TreeNo":"919","Plot":"Plot 1"},"geometry":{"type":"Point","coordinates":[77.0742629074,10.4824117363]}},{"type":"Feature","properties":{"TreeNo":"920","Plot":"Plot 1"},"geometry":{"type":"Point","coordinates":[77.074186824,10.4824204545]}},{"type":"Feature","properties":{"TreeNo":"921","Plot":"Plot 1"},"geometry":{"type":"Point","coordinates":[77.0741158915,10.4824278369]}},{"type":"Feature","properties":{"TreeNo":"903","Plot":"Plot 1"},"geometry":{"type":"Point","coordinates":[77.0741198079,10.4823532722]}},{"type":"Feature","properties":{"TreeNo":"902","Plot":"Plot 1"},"geometry":{"type":"Point","coordinates":[77.0741776012,10.4823488465]}},{"type":"Feature","properties":{"TreeNo":"901","Plot":"Plot 1"},"geometry":{"type":"Point","coordinates":[77.0742531178,10.4823349941]}},{"type":"Feature","properties":{"TreeNo":"900","Plot":"Plot 1"},"geometry":{"type":"Point","coordinates":[77.0743256044,10.4823281103]}},{"type":"Feature","properties":{"TreeNo":"899","Plot":"Plot 1"},"geometry":{"type":"Point","coordinates":[77.0743983492,10.4823212239]}},{"type":"Feature","properties":{"TreeNo":"898","Plot":"Plot 1"},"geometry":{"type":"Point","coordinates":[77.0744734074,10.4823132867]}},{"type":"Feature","properties":{"TreeNo":"897","Plot":"Plot 1"},"geometry":{"type":"Point","coordinates":[77.0745422518,10.482303612]}},{"type":"Feature","properties":{"TreeNo":"896","Plot":"Plot 1"},"geometry":{"type":"Point","coordinates":[77.0746240351,10.4822968932]}},{"type":"Feature","properties":{"TreeNo":"895","Plot":"Plot 1"},"geometry":{"type":"Point","coordinates":[77.0746915558,10.4822838907]}},{"type":"Feature","properties":{"TreeNo":"894","Plot":"Plot 1"},"geometry":{"type":"Point","coordinates":[77.0747720256,10.4822748721]}},{"type":"Feature","properties":{"TreeNo":"876","Plot":"Plot 1"},"geometry":{"type":"Point","coordinates":[77.0747574163,10.4822069151]}},{"type":"Feature","properties":{"TreeNo":"877","Plot":"Plot 1"},"geometry":{"type":"Point","coordinates":[77.0746828821,10.4822156181]}},{"type":"Feature","properties":{"TreeNo":"878","Plot":"Plot 1"},"geometry":{"type":"Point","coordinates":[77.0746065103,10.4822212555]}},{"type":"Feature","properties":{"TreeNo":"879","Plot":"Plot 1"},"geometry":{"type":"Point","coordinates":[77.0745299308,10.4822320346]}},{"type":"Feature","properties":{"TreeNo":"880","Plot":"Plot 1"},"geometry":{"type":"Point","coordinates":[77.0744533084,10.4822384453]}},{"type":"Feature","properties":{"TreeNo":"881","Plot":"Plot 1"},"geometry":{"type":"Point","coordinates":[77.0743839049,10.4822437568]}},{"type":"Feature","properties":{"TreeNo":"882","Plot":"Plot 1"},"geometry":{"type":"Point","coordinates":[77.0743153212,10.4822536859]}},{"type":"Feature","properties":{"TreeNo":"883","Plot":"Plot 1"},"geometry":{"type":"Point","coordinates":[77.074240035,10.4822647091]}},{"type":"Feature","properties":{"TreeNo":"884","Plot":"Plot 1"},"geometry":{"type":"Point","coordinates":[77.0741683381,10.482273127]}},{"type":"Feature","properties":{"TreeNo":"885","Plot":"Plot 1"},"geometry":{"type":"Point","coordinates":[77.0741152398,10.4822823891]}},{"type":"Feature","properties":{"TreeNo":"867","Plot":"Plot 1"},"geometry":{"type":"Point","coordinates":[77.0741577866,10.4821976773]}},{"type":"Feature","properties":{"TreeNo":"866","Plot":"Plot 1"},"geometry":{"type":"Point","coordinates":[77.0742326169,10.4821928262]}},{"type":"Feature","properties":{"TreeNo":"865","Plot":"Plot 1"},"geometry":{"type":"Point","coordinates":[77.0743078174,10.4821730663]}},{"type":"Feature","properties":{"TreeNo":"864","Plot":"Plot 1"},"geometry":{"type":"Point","coordinates":[77.0743800911,10.4821708103]}},{"type":"Feature","properties":{"TreeNo":"863","Plot":"Plot 1"},"geometry":{"type":"Point","coordinates":[77.0744512918,10.4821644532]}},{"type":"Feature","properties":{"TreeNo":"862","Plot":"Plot 1"},"geometry":{"type":"Point","coordinates":[77.074529681,10.4821539132]}},{"type":"Feature","properties":{"TreeNo":"861","Plot":"Plot 1"},"geometry":{"type":"Point","coordinates":[77.0746055289,10.4821475101]}},{"type":"Feature","properties":{"TreeNo":"860","Plot":"Plot 1"},"geometry":{"type":"Point","coordinates":[77.074675115,10.4821344872]}},{"type":"Feature","properties":{"TreeNo":"859","Plot":"Plot 1"},"geometry":{"type":"Point","coordinates":[77.0747478748,10.4821291425]}},{"type":"Feature","properties":{"TreeNo":"834","Plot":"Plot 1"},"geometry":{"type":"Point","coordinates":[77.0753165825,10.481986806]}},{"type":"Feature","properties":{"TreeNo":"835","Plot":"Plot 1"},"geometry":{"type":"Point","coordinates":[77.075257268,10.4819940738]}},{"type":"Feature","properties":{"TreeNo":"836","Plot":"Plot 1"},"geometry":{"type":"Point","coordinates":[77.0751660205,10.4820098808]}},{"type":"Feature","properties":{"TreeNo":"837","Plot":"Plot 1"},"geometry":{"type":"Point","coordinates":[77.0751102801,10.4820130014]}},{"type":"Feature","properties":{"TreeNo":"838","Plot":"Plot 1"},"geometry":{"type":"Point","coordinates":[77.0750365784,10.482027607]}},{"type":"Feature","properties":{"TreeNo":"839","Plot":"Plot 1"},"geometry":{"type":"Point","coordinates":[77.0749576578,10.4820366104]}},{"type":"Feature","properties":{"TreeNo":"840","Plot":"Plot 1"},"geometry":{"type":"Point","coordinates":[77.0748828427,10.4820430034]}},{"type":"Feature","properties":{"TreeNo":"841","Plot":"Plot 1"},"geometry":{"type":"Point","coordinates":[77.0748110854,10.4820452544]}},{"type":"Feature","properties":{"TreeNo":"842","Plot":"Plot 1"},"geometry":{"type":"Point","coordinates":[77.0747373937,10.4820608877]}},{"type":"Feature","properties":{"TreeNo":"843","Plot":"Plot 1"},"geometry":{"type":"Point","coordinates":[77.074664644,10.4820672603]}},{"type":"Feature","properties":{"TreeNo":"844","Plot":"Plot 1"},"geometry":{"type":"Point","coordinates":[77.0745924611,10.4820787669]}},{"type":"Feature","properties":{"TreeNo":"845","Plot":"Plot 1"},"geometry":{"type":"Point","coordinates":[77.0745129737,10.4820826361]}},{"type":"Feature","properties":{"TreeNo":"846","Plot":"Plot 1"},"geometry":{"type":"Point","coordinates":[77.0744402693,10.4820936339]}},{"type":"Feature","properties":{"TreeNo":"847","Plot":"Plot 1"},"geometry":{"type":"Point","coordinates":[77.0743660108,10.482104133]}},{"type":"Feature","properties":{"TreeNo":"848","Plot":"Plot 1"},"geometry":{"type":"Point","coordinates":[77.0742876014,10.4821126173]}},{"type":"Feature","properties":{"TreeNo":"849","Plot":"Plot 1"},"geometry":{"type":"Point","coordinates":[77.0742143202,10.482117453]}},{"type":"Feature","properties":{"TreeNo":"850","Plot":"Plot 1"},"geometry":{"type":"Point","coordinates":[77.0741472251,10.4821211997]}},{"type":"Feature","properties":{"TreeNo":"833","Plot":"Plot 1"},"geometry":{"type":"Point","coordinates":[77.0741331248,10.4820524667]}},{"type":"Feature","properties":{"TreeNo":"832","Plot":"Plot 1"},"geometry":{"type":"Point","coordinates":[77.0742130883,10.4820444811]}},{"type":"Feature","properties":{"TreeNo":"831","Plot":"Plot 1"},"geometry":{"type":"Point","coordinates":[77.0742878782,10.4820355186]}},{"type":"Feature","properties":{"TreeNo":"830","Plot":"Plot 1"},"geometry":{"type":"Point","coordinates":[77.0743580613,10.4820307135]}},{"type":"Feature","properties":{"TreeNo":"829","Plot":"Plot 1"},"geometry":{"type":"Point","coordinates":[77.0744333625,10.482021232]}},{"type":"Feature","properties":{"TreeNo":"828","Plot":"Plot 1"},"geometry":{"type":"Point","coordinates":[77.0744962915,10.4820139286]}},{"type":"Feature","properties":{"TreeNo":"827","Plot":"Plot 1"},"geometry":{"type":"Point","coordinates":[77.0745741946,10.4820064772]}},{"type":"Feature","properties":{"TreeNo":"826","Plot":"Plot 1"},"geometry":{"type":"Point","coordinates":[77.0746484328,10.4819939224]}},{"type":"Feature","properties":{"TreeNo":"825","Plot":"Plot 1"},"geometry":{"type":"Point","coordinates":[77.0747289781,10.4819926126]}},{"type":"Feature","properties":{"TreeNo":"824","Plot":"Plot 1"},"geometry":{"type":"Point","coordinates":[77.074803773,10.4819841639]}},{"type":"Feature","properties":{"TreeNo":"823","Plot":"Plot 1"},"geometry":{"type":"Point","coordinates":[77.0748774697,10.4819690445]}},{"type":"Feature","properties":{"TreeNo":"822","Plot":"Plot 1"},"geometry":{"type":"Point","coordinates":[77.0749378069,10.4819607387]}},{"type":"Feature","properties":{"TreeNo":"821","Plot":"Plot 1"},"geometry":{"type":"Point","coordinates":[77.0750146621,10.4819517557]}},{"type":"Feature","properties":{"TreeNo":"816","Plot":"Plot 1"},"geometry":{"type":"Point","coordinates":[77.0741292959,10.4819779784]}},{"type":"Feature","properties":{"TreeNo":"815","Plot":"Plot 1"},"geometry":{"type":"Point","coordinates":[77.0741958696,10.481973723]}},{"type":"Feature","properties":{"TreeNo":"814","Plot":"Plot 1"},"geometry":{"type":"Point","coordinates":[77.074271657,10.4819611529]}},{"type":"Feature","properties":{"TreeNo":"813","Plot":"Plot 1"},"geometry":{"type":"Point","coordinates":[77.0743531997,10.4819562355]}},{"type":"Feature","properties":{"TreeNo":"812","Plot":"Plot 1"},"geometry":{"type":"Point","coordinates":[77.0744094212,10.4819495124]}},{"type":"Feature","properties":{"TreeNo":"811","Plot":"Plot 1"},"geometry":{"type":"Point","coordinates":[77.074496548,10.4819347743]}},{"type":"Feature","properties":{"TreeNo":"810","Plot":"Plot 1"},"geometry":{"type":"Point","coordinates":[77.0745605097,10.4819274607]}},{"type":"Feature","properties":{"TreeNo":"809","Plot":"Plot 1"},"geometry":{"type":"Point","coordinates":[77.0746306826,10.4819216276]}},{"type":"Feature","properties":{"TreeNo":"808","Plot":"Plot 1"},"geometry":{"type":"Point","coordinates":[77.0747064951,10.4819116271]}},{"type":"Feature","properties":{"TreeNo":"807","Plot":"Plot 1"},"geometry":{"type":"Point","coordinates":[77.0747936672,10.4819015142]}},{"type":"Feature","properties":{"TreeNo":"806","Plot":"Plot 1"},"geometry":{"type":"Point","coordinates":[77.0748597144,10.4818962358]}},{"type":"Feature","properties":{"TreeNo":"805","Plot":"Plot 1"},"geometry":{"type":"Point","coordinates":[77.0749298219,10.4818837217]}},{"type":"Feature","properties":{"TreeNo":"804","Plot":"Plot 1"},"geometry":{"type":"Point","coordinates":[77.0750180619,10.4818771961]}},{"type":"Feature","properties":{"TreeNo":"803","Plot":"Plot 1"},"geometry":{"type":"Point","coordinates":[77.0750836129,10.4818739785]}},{"type":"Feature","properties":{"TreeNo":"799","Plot":"Plot 1"},"geometry":{"type":"Point","coordinates":[77.0741295929,10.4819029355]}},{"type":"Feature","properties":{"TreeNo":"798","Plot":"Plot 1"},"geometry":{"type":"Point","coordinates":[77.0741920106,10.4818961512]}},{"type":"Feature","properties":{"TreeNo":"797","Plot":"Plot 1"},"geometry":{"type":"Point","coordinates":[77.0742673017,10.4818856419]}},{"type":"Feature","properties":{"TreeNo":"796","Plot":"Plot 1"},"geometry":{"type":"Point","coordinates":[77.0743318301,10.4818834625]}},{"type":"Feature","properties":{"TreeNo":"795","Plot":"Plot 1"},"geometry":{"type":"Point","coordinates":[77.0744066099,10.4818734722]}},{"type":"Feature","properties":{"TreeNo":"794","Plot":"Plot 1"},"geometry":{"type":"Point","coordinates":[77.0744804074,10.4818686313]}},{"type":"Feature","properties":{"TreeNo":"793","Plot":"Plot 1"},"geometry":{"type":"Point","coordinates":[77.074555162,10.4818560713]}},{"type":"Feature","properties":{"TreeNo":"792","Plot":"Plot 1"},"geometry":{"type":"Point","coordinates":[77.0746345838,10.4818455212]}},{"type":"Feature","properties":{"TreeNo":"791","Plot":"Plot 1"},"geometry":{"type":"Point","coordinates":[77.0747083258,10.4818350271]}},{"type":"Feature","properties":{"TreeNo":"790","Plot":"Plot 1"},"geometry":{"type":"Point","coordinates":[77.0747815616,10.4818255659]}},{"type":"Feature","properties":{"TreeNo":"789","Plot":"Plot 1"},"geometry":{"type":"Point","coordinates":[77.0748517446,10.4818207606]}},{"type":"Feature","properties":{"TreeNo":"788","Plot":"Plot 1"},"geometry":{"type":"Point","coordinates":[77.0749291414,10.4818143422]}},{"type":"Feature","properties":{"TreeNo":"782","Plot":"Plot 1"},"geometry":{"type":"Point","coordinates":[77.074121127,10.481829521]}},{"type":"Feature","properties":{"TreeNo":"781","Plot":"Plot 1"},"geometry":{"type":"Point","coordinates":[77.0741845925,10.4818242683]}},{"type":"Feature","properties":{"TreeNo":"780","Plot":"Plot 1"},"geometry":{"type":"Point","coordinates":[77.0742588509,10.4818137692]}},{"type":"Feature","properties":{"TreeNo":"779","Plot":"Plot 1"},"geometry":{"type":"Point","coordinates":[77.0743192586,10.4818126585]}},{"type":"Feature","properties":{"TreeNo":"778","Plot":"Plot 1"},"geometry":{"type":"Point","coordinates":[77.0743884039,10.4818073496]}},{"type":"Feature","properties":{"TreeNo":"777","Plot":"Plot 1"},"geometry":{"type":"Point","coordinates":[77.0744651987,10.4817921996]}},{"type":"Feature","properties":{"TreeNo":"776","Plot":"Plot 1"},"geometry":{"type":"Point","coordinates":[77.0745436231,10.4817852571]}},{"type":"Feature","properties":{"TreeNo":"775","Plot":"Plot 1"},"geometry":{"type":"Point","coordinates":[77.0746225034,10.4817721424]}},{"type":"Feature","properties":{"TreeNo":"774","Plot":"Plot 1"},"geometry":{"type":"Point","coordinates":[77.0746962555,10.4817626762]}},{"type":"Feature","properties":{"TreeNo":"773","Plot":"Plot 1"},"geometry":{"type":"Point","coordinates":[77.0747736674,10.4817577995]}},{"type":"Feature","properties":{"TreeNo":"772","Plot":"Plot 1"},"geometry":{"type":"Point","coordinates":[77.0748422308,10.4817458147]}},{"type":"Feature","properties":{"TreeNo":"771","Plot":"Plot 1"},"geometry":{"type":"Point","coordinates":[77.0749227054,10.4817373099]}},{"type":"Feature","properties":{"TreeNo":"770","Plot":"Plot 1"},"geometry":{"type":"Point","coordinates":[77.0749851382,10.4817320672]}},{"type":"Feature","properties":{"TreeNo":"769","Plot":"Plot 1"},"geometry":{"type":"Point","coordinates":[77.0750629958,10.4817199905]}},{"type":"Feature","properties":{"TreeNo":"768","Plot":"Plot 1"},"geometry":{"type":"Point","coordinates":[77.0751419214,10.481711501]}},{"type":"Feature","properties":{"TreeNo":"765","Plot":"Plot 1"},"geometry":{"type":"Point","coordinates":[77.074126777,10.4817605929]}},{"type":"Feature","properties":{"TreeNo":"764","Plot":"Plot 1"},"geometry":{"type":"Point","coordinates":[77.0741757192,10.481748802]}},{"type":"Feature","properties":{"TreeNo":"763","Plot":"Plot 1"},"geometry":{"type":"Point","coordinates":[77.0742423181,10.4817471161]}},{"type":"Feature","properties":{"TreeNo":"762","Plot":"Plot 1"},"geometry":{"type":"Point","coordinates":[77.0743191783,10.4817386472]}},{"type":"Feature","properties":{"TreeNo":"761","Plot":"Plot 1"},"geometry":{"type":"Point","coordinates":[77.0743950009,10.4817296746]}},{"type":"Feature","properties":{"TreeNo":"760","Plot":"Plot 1"},"geometry":{"type":"Point","coordinates":[77.0744527512,10.4817208804]}},{"type":"Feature","properties":{"TreeNo":"759","Plot":"Plot 1"},"geometry":{"type":"Point","coordinates":[77.074542495,10.4817097143]}},{"type":"Feature","properties":{"TreeNo":"758","Plot":"Plot 1"},"geometry":{"type":"Point","coordinates":[77.0746023308,10.4817029555]}},{"type":"Feature","properties":{"TreeNo":"757","Plot":"Plot 1"},"geometry":{"type":"Point","coordinates":[77.0746745188,10.4816919628]}},{"type":"Feature","properties":{"TreeNo":"756","Plot":"Plot 1"},"geometry":{"type":"Point","coordinates":[77.0747515489,10.4816744976]}},{"type":"Feature","properties":{"TreeNo":"755","Plot":"Plot 1"},"geometry":{"type":"Point","coordinates":[77.074833732,10.4816690598]}},{"type":"Feature","properties":{"TreeNo":"754","Plot":"Plot 1"},"geometry":{"type":"Point","coordinates":[77.0749045717,10.4816654045]}},{"type":"Feature","properties":{"TreeNo":"753","Plot":"Plot 1"},"geometry":{"type":"Point","coordinates":[77.074982986,10.481657434]}},{"type":"Feature","properties":{"TreeNo":"752","Plot":"Plot 1"},"geometry":{"type":"Point","coordinates":[77.0750603424,10.4816469041]}},{"type":"Feature","properties":{"TreeNo":"751","Plot":"Plot 1"},"geometry":{"type":"Point","coordinates":[77.0751258379,10.4816380334]}},{"type":"Feature","properties":{"TreeNo":"750","Plot":"Plot 1"},"geometry":{"type":"Point","coordinates":[77.075203154,10.4816233921]}},{"type":"Feature","properties":{"TreeNo":"749","Plot":"Plot 1"},"geometry":{"type":"Point","coordinates":[77.0752708157,10.4816247793]}},{"type":"Feature","properties":{"TreeNo":"767","Plot":"Plot 1"},"geometry":{"type":"Point","coordinates":[77.0752111743,10.4817040065]}},{"type":"Feature","properties":{"TreeNo":"766","Plot":"Plot 1"},"geometry":{"type":"Point","coordinates":[77.075270524,10.4817003361]}},{"type":"Feature","properties":{"TreeNo":"783","Plot":"Plot 1"},"geometry":{"type":"Point","coordinates":[77.0752825491,10.4817680616]}},{"type":"Feature","properties":{"TreeNo":"784","Plot":"Plot 1"},"geometry":{"type":"Point","coordinates":[77.0752243178,10.4817804585]}},{"type":"Feature","properties":{"TreeNo":"785","Plot":"Plot 1"},"geometry":{"type":"Point","coordinates":[77.0751412462,10.481787447]}},{"type":"Feature","properties":{"TreeNo":"786","Plot":"Plot 1"},"geometry":{"type":"Point","coordinates":[77.0750752192,10.4817947812]}},{"type":"Feature","properties":{"TreeNo":"787","Plot":"Plot 1"},"geometry":{"type":"Point","coordinates":[77.0750040212,10.4818013954]}},{"type":"Feature","properties":{"TreeNo":"802","Plot":"Plot 1"},"geometry":{"type":"Point","coordinates":[77.0751525523,10.4818608334]}},{"type":"Feature","properties":{"TreeNo":"801","Plot":"Plot 1"},"geometry":{"type":"Point","coordinates":[77.075227104,10.481853929]}},{"type":"Feature","properties":{"TreeNo":"800","Plot":"Plot 1"},"geometry":{"type":"Point","coordinates":[77.0753024051,10.4818444473]}},{"type":"Feature","properties":{"TreeNo":"817","Plot":"Plot 1"},"geometry":{"type":"Point","coordinates":[77.0753041588,10.481917928]}},{"type":"Feature","properties":{"TreeNo":"818","Plot":"Plot 1"},"geometry":{"type":"Point","coordinates":[77.0752474386,10.4819264551]}},{"type":"Feature","properties":{"TreeNo":"819","Plot":"Plot 1"},"geometry":{"type":"Point","coordinates":[77.0751589555,10.4819345251]}},{"type":"Feature","properties":{"TreeNo":"820","Plot":"Plot 1"},"geometry":{"type":"Point","coordinates":[77.075097029,10.4819387349]}},{"type":"Feature","properties":{"TreeNo":"748","Plot":"Plot 1"},"geometry":{"type":"Point","coordinates":[77.0741517617,10.4816754121]}},{"type":"Feature","properties":{"TreeNo":"747","Plot":"Plot 1"},"geometry":{"type":"Point","coordinates":[77.0742307377,10.481672062]}},{"type":"Feature","properties":{"TreeNo":"746","Plot":"Plot 1"},"geometry":{"type":"Point","coordinates":[77.0743112174,10.4816640713]}},{"type":"Feature","properties":{"TreeNo":"745","Plot":"Plot 1"},"geometry":{"type":"Point","coordinates":[77.0743833902,10.4816515369]}},{"type":"Feature","properties":{"TreeNo":"744","Plot":"Plot 1"},"geometry":{"type":"Point","coordinates":[77.0744489312,10.4816472916]}},{"type":"Feature","properties":{"TreeNo":"743","Plot":"Plot 1"},"geometry":{"type":"Point","coordinates":[77.07451957,10.4816363143]}},{"type":"Feature","properties":{"TreeNo":"742","Plot":"Plot 1"},"geometry":{"type":"Point","coordinates":[77.0745866247,10.4816284561]}},{"type":"Feature","properties":{"TreeNo":"741","Plot":"Plot 1"},"geometry":{"type":"Point","coordinates":[77.0746738572,10.4816245104]}},{"type":"Feature","properties":{"TreeNo":"740","Plot":"Plot 1"},"geometry":{"type":"Point","coordinates":[77.074740325,10.4816094624]}},{"type":"Feature","properties":{"TreeNo":"739","Plot":"Plot 1"},"geometry":{"type":"Point","coordinates":[77.0748233713,10.4815999044]}},{"type":"Feature","properties":{"TreeNo":"738","Plot":"Plot 1"},"geometry":{"type":"Point","coordinates":[77.0748950529,10.4815899446]}},{"type":"Feature","properties":{"TreeNo":"737","Plot":"Plot 1"},"geometry":{"type":"Point","coordinates":[77.0749822602,10.4815834291]}},{"type":"Feature","properties":{"TreeNo":"736","Plot":"Plot 1"},"geometry":{"type":"Point","coordinates":[77.0750508185,10.4815709303]}},{"type":"Feature","properties":{"TreeNo":"735","Plot":"Plot 1"},"geometry":{"type":"Point","coordinates":[77.0751147498,10.4815605331]}},{"type":"Feature","properties":{"TreeNo":"734","Plot":"Plot 1"},"geometry":{"type":"Point","coordinates":[77.0751900256,10.4815484818]}},{"type":"Feature","properties":{"TreeNo":"733","Plot":"Plot 1"},"geometry":{"type":"Point","coordinates":[77.0752492425,10.4815444273]}},{"type":"Feature","properties":{"TreeNo":"717","Plot":"Plot 1"},"geometry":{"type":"Point","coordinates":[77.0752455601,10.4814717366]}},{"type":"Feature","properties":{"TreeNo":"718","Plot":"Plot 1"},"geometry":{"type":"Point","coordinates":[77.0751913991,10.4814779256]}},{"type":"Feature","properties":{"TreeNo":"719","Plot":"Plot 1"},"geometry":{"type":"Point","coordinates":[77.0751155868,10.4814879262]}},{"type":"Feature","properties":{"TreeNo":"720","Plot":"Plot 1"},"geometry":{"type":"Point","coordinates":[77.0750284501,10.4815016366]}},{"type":"Feature","properties":{"TreeNo":"721","Plot":"Plot 1"},"geometry":{"type":"Point","coordinates":[77.0749614056,10.4815105226]}},{"type":"Feature","properties":{"TreeNo":"722","Plot":"Plot 1"},"geometry":{"type":"Point","coordinates":[77.0748922553,10.4815153177]}},{"type":"Feature","properties":{"TreeNo":"723","Plot":"Plot 1"},"geometry":{"type":"Point","coordinates":[77.0748190197,10.4815247789]}},{"type":"Feature","properties":{"TreeNo":"724","Plot":"Plot 1"},"geometry":{"type":"Point","coordinates":[77.0747406507,10.4815373746]}},{"type":"Feature","properties":{"TreeNo":"725","Plot":"Plot 1"},"geometry":{"type":"Point","coordinates":[77.0746694704,10.4815457875]}},{"type":"Feature","properties":{"TreeNo":"726","Plot":"Plot 1"},"geometry":{"type":"Point","coordinates":[77.0745858976,10.4815543228]}},{"type":"Feature","properties":{"TreeNo":"727","Plot":"Plot 1"},"geometry":{"type":"Point","coordinates":[77.074518367,10.4815662974]}},{"type":"Feature","properties":{"TreeNo":"728","Plot":"Plot 1"},"geometry":{"type":"Point","coordinates":[77.0744450909,10.4815716471]}},{"type":"Feature","properties":{"TreeNo":"729","Plot":"Plot 1"},"geometry":{"type":"Point","coordinates":[77.0743739055,10.481579546]}},{"type":"Feature","properties":{"TreeNo":"730","Plot":"Plot 1"},"geometry":{"type":"Point","coordinates":[77.0743012063,10.4815910576]}},{"type":"Feature","properties":{"TreeNo":"731","Plot":"Plot 1"},"geometry":{"type":"Point","coordinates":[77.0742223512,10.4816067419]}},{"type":"Feature","properties":{"TreeNo":"732","Plot":"Plot 1"},"geometry":{"type":"Point","coordinates":[77.0741511305,10.4816110432]}},{"type":"Feature","properties":{"TreeNo":"716","Plot":"Plot 1"},"geometry":{"type":"Point","coordinates":[77.0741550116,10.4815328811]}},{"type":"Feature","properties":{"TreeNo":"715","Plot":"Plot 1"},"geometry":{"type":"Point","coordinates":[77.0742174242,10.4815255829]}},{"type":"Feature","properties":{"TreeNo":"714","Plot":"Plot 1"},"geometry":{"type":"Point","coordinates":[77.074283426,10.4815156793]}},{"type":"Feature","properties":{"TreeNo":"713","Plot":"Plot 1"},"geometry":{"type":"Point","coordinates":[77.0743576742,10.4815041524]}},{"type":"Feature","properties":{"TreeNo":"712","Plot":"Plot 1"},"geometry":{"type":"Point","coordinates":[77.0744381791,10.4814987313]}},{"type":"Feature","properties":{"TreeNo":"711","Plot":"Plot 1"},"geometry":{"type":"Point","coordinates":[77.0745098859,10.4814913412]}},{"type":"Feature","properties":{"TreeNo":"710","Plot":"Plot 1"},"geometry":{"type":"Point","coordinates":[77.074578419,10.4814762728]}},{"type":"Feature","properties":{"TreeNo":"709","Plot":"Plot 1"},"geometry":{"type":"Point","coordinates":[77.0746569039,10.4814754974]}},{"type":"Feature","properties":{"TreeNo":"708","Plot":"Plot 1"},"geometry":{"type":"Point","coordinates":[77.0747290716,10.481462449]}},{"type":"Feature","properties":{"TreeNo":"707","Plot":"Plot 1"},"geometry":{"type":"Point","coordinates":[77.0748049242,10.4814565598]}},{"type":"Feature","properties":{"TreeNo":"706","Plot":"Plot 1"},"geometry":{"type":"Point","coordinates":[77.074875558,10.4814450685]}},{"type":"Feature","properties":{"TreeNo":"705","Plot":"Plot 1"},"geometry":{"type":"Point","coordinates":[77.074943139,10.481438233]}},{"type":"Feature","properties":{"TreeNo":"704","Plot":"Plot 1"},"geometry":{"type":"Point","coordinates":[77.0750272129,10.4814281508]}},{"type":"Feature","properties":{"TreeNo":"703","Plot":"Plot 1"},"geometry":{"type":"Point","coordinates":[77.0751045491,10.4814155652]}},{"type":"Feature","properties":{"TreeNo":"702","Plot":"Plot 1"},"geometry":{"type":"Point","coordinates":[77.0751824671,10.4814096555]}},{"type":"Feature","properties":{"TreeNo":"701","Plot":"Plot 1"},"geometry":{"type":"Point","coordinates":[77.0752350942,10.4814050237]}},{"type":"Feature","properties":{"TreeNo":"685","Plot":"Plot 1"},"geometry":{"type":"Point","coordinates":[77.0752307589,10.4813315685]}},{"type":"Feature","properties":{"TreeNo":"686","Plot":"Plot 1"},"geometry":{"type":"Point","coordinates":[77.0751579842,10.4813353714]}},{"type":"Feature","properties":{"TreeNo":"687","Plot":"Plot 1"},"geometry":{"type":"Point","coordinates":[77.0750889247,10.4813494171]}},{"type":"Feature","properties":{"TreeNo":"688","Plot":"Plot 1"},"geometry":{"type":"Point","coordinates":[77.075014606,10.4813537493]}},{"type":"Feature","properties":{"TreeNo":"689","Plot":"Plot 1"},"geometry":{"type":"Point","coordinates":[77.0749491206,10.4813636479]}},{"type":"Feature","properties":{"TreeNo":"690","Plot":"Plot 1"},"geometry":{"type":"Point","coordinates":[77.074872326,10.481378798]}},{"type":"Feature","properties":{"TreeNo":"691","Plot":"Plot 1"},"geometry":{"type":"Point","coordinates":[77.074795952,10.4813841783]}},{"type":"Feature","properties":{"TreeNo":"692","Plot":"Plot 1"},"geometry":{"type":"Point","coordinates":[77.0747273181,10.4813889683]}},{"type":"Feature","properties":{"TreeNo":"693","Plot":"Plot 1"},"geometry":{"type":"Point","coordinates":[77.0746509289,10.4813928069]}},{"type":"Feature","properties":{"TreeNo":"694","Plot":"Plot 1"},"geometry":{"type":"Point","coordinates":[77.0745704997,10.4814059368]}},{"type":"Feature","properties":{"TreeNo":"695","Plot":"Plot 1"},"geometry":{"type":"Point","coordinates":[77.0744957654,10.4814205525]}},{"type":"Feature","properties":{"TreeNo":"696","Plot":"Plot 1"},"geometry":{"type":"Point","coordinates":[77.0744203786,10.4814212973]}},{"type":"Feature","properties":{"TreeNo":"697","Plot":"Plot 1"},"geometry":{"type":"Point","coordinates":[77.074345599,10.4814312876]}},{"type":"Feature","properties":{"TreeNo":"698","Plot":"Plot 1"},"geometry":{"type":"Point","coordinates":[77.0742707739,10.4814366525]}},{"type":"Feature","properties":{"TreeNo":"699","Plot":"Plot 1"},"geometry":{"type":"Point","coordinates":[77.0742171846,10.4814484893]}},{"type":"Feature","properties":{"TreeNo":"700","Plot":"Plot 1"},"geometry":{"type":"Point","coordinates":[77.0741645676,10.4814541488]}},{"type":"Feature","properties":{"TreeNo":"684","Plot":"Plot 1"},"geometry":{"type":"Point","coordinates":[77.0741963819,10.4813808504]}},{"type":"Feature","properties":{"TreeNo":"683","Plot":"Plot 1"},"geometry":{"type":"Point","coordinates":[77.0742648948,10.4813637265]}},{"type":"Feature","properties":{"TreeNo":"682","Plot":"Plot 1"},"geometry":{"type":"Point","coordinates":[77.0743361306,10.4813609668]}},{"type":"Feature","properties":{"TreeNo":"681","Plot":"Plot 1"},"geometry":{"type":"Point","coordinates":[77.0744119833,10.4813550777]}},{"type":"Feature","properties":{"TreeNo":"680","Plot":"Plot 1"},"geometry":{"type":"Point","coordinates":[77.0744929339,10.4813424566]}},{"type":"Feature","properties":{"TreeNo":"679","Plot":"Plot 1"},"geometry":{"type":"Point","coordinates":[77.0745626005,10.4813376565]}},{"type":"Feature","properties":{"TreeNo":"678","Plot":"Plot 1"},"geometry":{"type":"Point","coordinates":[77.0746414555,10.4813219722]}},{"type":"Feature","properties":{"TreeNo":"677","Plot":"Plot 1"},"geometry":{"type":"Point","coordinates":[77.0747147466,10.4813181643]}},{"type":"Feature","properties":{"TreeNo":"676","Plot":"Plot 1"},"geometry":{"type":"Point","coordinates":[77.0747864079,10.4813061488]}},{"type":"Feature","properties":{"TreeNo":"675","Plot":"Plot 1"},"geometry":{"type":"Point","coordinates":[77.074851382,10.4812967693]}},{"type":"Feature","properties":{"TreeNo":"674","Plot":"Plot 1"},"geometry":{"type":"Point","coordinates":[77.0749344585,10.4812902947]}},{"type":"Feature","properties":{"TreeNo":"673","Plot":"Plot 1"},"geometry":{"type":"Point","coordinates":[77.0750004652,10.481280905]}},{"type":"Feature","properties":{"TreeNo":"672","Plot":"Plot 1"},"geometry":{"type":"Point","coordinates":[77.0750705977,10.4812709605]}},{"type":"Feature","properties":{"TreeNo":"671","Plot":"Plot 1"},"geometry":{"type":"Point","coordinates":[77.0751438736,10.4812656106]}},{"type":"Feature","properties":{"TreeNo":"670","Plot":"Plot 1"},"geometry":{"type":"Point","coordinates":[77.0752134948,10.4812561851]}},{"type":"Feature","properties":{"TreeNo":"655","Plot":"Plot 1"},"geometry":{"type":"Point","coordinates":[77.0752040867,10.4811920315]}},{"type":"Feature","properties":{"TreeNo":"656","Plot":"Plot 1"},"geometry":{"type":"Point","coordinates":[77.075143654,10.4811905728]}},{"type":"Feature","properties":{"TreeNo":"657","Plot":"Plot 1"},"geometry":{"type":"Point","coordinates":[77.0750730001,10.4812000085]}},{"type":"Feature","properties":{"TreeNo":"658","Plot":"Plot 1"},"geometry":{"type":"Point","coordinates":[77.0749997898,10.4812120393]}},{"type":"Feature","properties":{"TreeNo":"659","Plot":"Plot 1"},"geometry":{"type":"Point","coordinates":[77.0749234057,10.4812163919]}},{"type":"Feature","properties":{"TreeNo":"660","Plot":"Plot 1"},"geometry":{"type":"Point","coordinates":[77.0748450167,10.4812269319]}},{"type":"Feature","properties":{"TreeNo":"661","Plot":"Plot 1"},"geometry":{"type":"Point","coordinates":[77.0747800124,10.4812332279]}},{"type":"Feature","properties":{"TreeNo":"662","Plot":"Plot 1"},"geometry":{"type":"Point","coordinates":[77.0746975128,10.4812458644]}},{"type":"Feature","properties":{"TreeNo":"663","Plot":"Plot 1"},"geometry":{"type":"Point","coordinates":[77.0746211539,10.4812527865]}},{"type":"Feature","properties":{"TreeNo":"664","Plot":"Plot 1"},"geometry":{"type":"Point","coordinates":[77.0745546459,10.4812637231]}},{"type":"Feature","properties":{"TreeNo":"665","Plot":"Plot 1"},"geometry":{"type":"Point","coordinates":[77.0744814052,10.4812726702]}},{"type":"Feature","properties":{"TreeNo":"666","Plot":"Plot 1"},"geometry":{"type":"Point","coordinates":[77.0744066205,10.4812821466]}},{"type":"Feature","properties":{"TreeNo":"667","Plot":"Plot 1"},"geometry":{"type":"Point","coordinates":[77.0743344327,10.4812931392]}},{"type":"Feature","properties":{"TreeNo":"668","Plot":"Plot 1"},"geometry":{"type":"Point","coordinates":[77.0742528649,10.481295487]}},{"type":"Feature","properties":{"TreeNo":"669","Plot":"Plot 1"},"geometry":{"type":"Point","coordinates":[77.0741775538,10.4813039405]}},{"type":"Feature","properties":{"TreeNo":"654","Plot":"Plot 1"},"geometry":{"type":"Point","coordinates":[77.0741613881,10.4812352279]}},{"type":"Feature","properties":{"TreeNo":"653","Plot":"Plot 1"},"geometry":{"type":"Point","coordinates":[77.0742444117,10.4812233573]}},{"type":"Feature","properties":{"TreeNo":"652","Plot":"Plot 1"},"geometry":{"type":"Point","coordinates":[77.0743143163,10.4812164991]}},{"type":"Feature","properties":{"TreeNo":"651","Plot":"Plot 1"},"geometry":{"type":"Point","coordinates":[77.0743950289,10.4812059362]}},{"type":"Feature","properties":{"TreeNo":"650","Plot":"Plot 1"},"geometry":{"type":"Point","coordinates":[77.0744615646,10.4811978263]}},{"type":"Feature","properties":{"TreeNo":"649","Plot":"Plot 1"},"geometry":{"type":"Point","coordinates":[77.0745443148,10.4811844164]}},{"type":"Feature","properties":{"TreeNo":"648","Plot":"Plot 1"},"geometry":{"type":"Point","coordinates":[77.0746137081,10.4811780771]}},{"type":"Feature","properties":{"TreeNo":"647","Plot":"Plot 1"},"geometry":{"type":"Point","coordinates":[77.0746887282,10.4811662855]}},{"type":"Feature","properties":{"TreeNo":"646","Plot":"Plot 1"},"geometry":{"type":"Point","coordinates":[77.0747581567,10.4811635436]}},{"type":"Feature","properties":{"TreeNo":"645","Plot":"Plot 1"},"geometry":{"type":"Point","coordinates":[77.0748416839,10.481150383]}},{"type":"Feature","properties":{"TreeNo":"644","Plot":"Plot 1"},"geometry":{"type":"Point","coordinates":[77.0749131526,10.4811450511]}},{"type":"Feature","properties":{"TreeNo":"643","Plot":"Plot 1"},"geometry":{"type":"Point","coordinates":[77.0749822474,10.4811346029]}},{"type":"Feature","properties":{"TreeNo":"642","Plot":"Plot 1"},"geometry":{"type":"Point","coordinates":[77.075057042,10.4811261542]}},{"type":"Feature","properties":{"TreeNo":"641","Plot":"Plot 1"},"geometry":{"type":"Point","coordinates":[77.0751348617,10.481110223]}},{"type":"Feature","properties":{"TreeNo":"640","Plot":"Plot 1"},"geometry":{"type":"Point","coordinates":[77.0751885265,10.4811060949]}},{"type":"Feature","properties":{"TreeNo":"636","Plot":"Plot 1"},"geometry":{"type":"Point","coordinates":[77.0750196041,10.481073585]}},{"type":"Feature","properties":{"TreeNo":"637","Plot":"Plot 1"},"geometry":{"type":"Point","coordinates":[77.0749386964,10.4810905746]}},{"type":"Feature","properties":{"TreeNo":"638","Plot":"Plot 1"},"geometry":{"type":"Point","coordinates":[77.0748680526,10.4811010381]}},{"type":"Feature","properties":{"TreeNo":"639","Plot":"Plot 1"},"geometry":{"type":"Point","coordinates":[77.074797356,10.4811061054]}},{"type":"Feature","properties":{"TreeNo":"635","Plot":"Plot 1"},"geometry":{"type":"Point","coordinates":[77.0741676609,10.4811639807]}},{"type":"Feature","properties":{"TreeNo":"634","Plot":"Plot 1"},"geometry":{"type":"Point","coordinates":[77.0742377682,10.4811514668]}},{"type":"Feature","properties":{"TreeNo":"633","Plot":"Plot 1"},"geometry":{"type":"Point","coordinates":[77.0743100114,10.4811461273]}},{"type":"Feature","properties":{"TreeNo":"632","Plot":"Plot 1"},"geometry":{"type":"Point","coordinates":[77.074380149,10.4811366969]}},{"type":"Feature","properties":{"TreeNo":"631","Plot":"Plot 1"},"geometry":{"type":"Point","coordinates":[77.0744584825,10.4811205038]}},{"type":"Feature","properties":{"TreeNo":"630","Plot":"Plot 1"},"geometry":{"type":"Point","coordinates":[77.0745306854,10.481111053]}},{"type":"Feature","properties":{"TreeNo":"629","Plot":"Plot 1"},"geometry":{"type":"Point","coordinates":[77.0745987878,10.4811047264]}},{"type":"Feature","properties":{"TreeNo":"628","Plot":"Plot 1"},"geometry":{"type":"Point","coordinates":[77.0746740736,10.4810937032]}},{"type":"Feature","properties":{"TreeNo":"616","Plot":"Plot 1"},"geometry":{"type":"Point","coordinates":[77.0748884881,10.4809995836]}},{"type":"Feature","properties":{"TreeNo":"617","Plot":"Plot 1"},"geometry":{"type":"Point","coordinates":[77.0748209172,10.4810074468]}},{"type":"Feature","properties":{"TreeNo":"618","Plot":"Plot 1"},"geometry":{"type":"Point","coordinates":[77.0747431051,10.4810241488]}},{"type":"Feature","properties":{"TreeNo":"619","Plot":"Plot 1"},"geometry":{"type":"Point","coordinates":[77.0746682651,10.4810279721]}},{"type":"Feature","properties":{"TreeNo":"621","Plot":"Plot 1"},"geometry":{"type":"Point","coordinates":[77.0745944678,10.481032813]}},{"type":"Feature","properties":{"TreeNo":"622","Plot":"Plot 1"},"geometry":{"type":"Point","coordinates":[77.0745186404,10.4810412717]}},{"type":"Feature","properties":{"TreeNo":"623","Plot":"Plot 1"},"geometry":{"type":"Point","coordinates":[77.0744453645,10.4810466214]}},{"type":"Feature","properties":{"TreeNo":"624","Plot":"Plot 1"},"geometry":{"type":"Point","coordinates":[77.0743762496,10.4810550138]}},{"type":"Feature","properties":{"TreeNo":"625","Plot":"Plot 1"},"geometry":{"type":"Point","coordinates":[77.0743020367,10.4810701382]}},{"type":"Feature","properties":{"TreeNo":"626","Plot":"Plot 1"},"geometry":{"type":"Point","coordinates":[77.0742297834,10.4810744498]}},{"type":"Feature","properties":{"TreeNo":"627","Plot":"Plot 1"},"geometry":{"type":"Point","coordinates":[77.0741565528,10.4810844247]}},{"type":"Feature","properties":{"TreeNo":"615","Plot":"Plot 1"},"geometry":{"type":"Point","coordinates":[77.0741445331,10.481017213]}},{"type":"Feature","properties":{"TreeNo":"614","Plot":"Plot 1"},"geometry":{"type":"Point","coordinates":[77.0742152121,10.4810103471]}},{"type":"Feature","properties":{"TreeNo":"613","Plot":"Plot 1"},"geometry":{"type":"Point","coordinates":[77.0742863672,10.4809993647]}},{"type":"Feature","properties":{"TreeNo":"612","Plot":"Plot 1"},"geometry":{"type":"Point","coordinates":[77.0743606103,10.4809873239]}},{"type":"Feature","properties":{"TreeNo":"611","Plot":"Plot 1"},"geometry":{"type":"Point","coordinates":[77.0744369591,10.480979374]}},{"type":"Feature","properties":{"TreeNo":"603","Plot":"Plot 1"},"geometry":{"type":"Point","coordinates":[77.0750244378,10.4809082951]}},{"type":"Feature","properties":{"TreeNo":"604","Plot":"Plot 1"},"geometry":{"type":"Point","coordinates":[77.0749584009,10.4809146013]}},{"type":"Feature","properties":{"TreeNo":"605","Plot":"Plot 1"},"geometry":{"type":"Point","coordinates":[77.0748789743,10.4809246376]}},{"type":"Feature","properties":{"TreeNo":"606","Plot":"Plot 1"},"geometry":{"type":"Point","coordinates":[77.0748041998,10.4809351419]}},{"type":"Feature","properties":{"TreeNo":"607","Plot":"Plot 1"},"geometry":{"type":"Point","coordinates":[77.0747314705,10.4809435701]}},{"type":"Feature","properties":{"TreeNo":"608","Plot":"Plot 1"},"geometry":{"type":"Point","coordinates":[77.0746561494,10.4809509959]}},{"type":"Feature","properties":{"TreeNo":"609","Plot":"Plot 1"},"geometry":{"type":"Point","coordinates":[77.0745823774,10.4809584064]}},{"type":"Feature","properties":{"TreeNo":"610","Plot":"Plot 1"},"geometry":{"type":"Point","coordinates":[77.0745127764,10.4809698874]}},{"type":"Feature","properties":{"TreeNo":"602","Plot":"Plot 1"},"geometry":{"type":"Point","coordinates":[77.0741396615,10.4809417071]}},{"type":"Feature","properties":{"TreeNo":"601","Plot":"Plot 1"},"geometry":{"type":"Point","coordinates":[77.0742046154,10.4809302721]}},{"type":"Feature","properties":{"TreeNo":"600","Plot":"Plot 1"},"geometry":{"type":"Point","coordinates":[77.0742830397,10.4809233297]}},{"type":"Feature","properties":{"TreeNo":"599","Plot":"Plot 1"},"geometry":{"type":"Point","coordinates":[77.0743521646,10.4809159651]}},{"type":"Feature","properties":{"TreeNo":"598","Plot":"Plot 1"},"geometry":{"type":"Point","coordinates":[77.0744310598,10.4809043923]}},{"type":"Feature","properties":{"TreeNo":"597","Plot":"Plot 1"},"geometry":{"type":"Point","coordinates":[77.0745012124,10.4808965036]}},{"type":"Feature","properties":{"TreeNo":"596","Plot":"Plot 1"},"geometry":{"type":"Point","coordinates":[77.0745759768,10.4808849715]}},{"type":"Feature","properties":{"TreeNo":"595","Plot":"Plot 1"},"geometry":{"type":"Point","coordinates":[77.0746394018,10.4808756074]}},{"type":"Feature","properties":{"TreeNo":"594","Plot":"Plot 1"},"geometry":{"type":"Point","coordinates":[77.0747162417,10.4808650827]}},{"type":"Feature","properties":{"TreeNo":"593","Plot":"Plot 1"},"geometry":{"type":"Point","coordinates":[77.0747947062,10.4808622516]}},{"type":"Feature","properties":{"TreeNo":"592","Plot":"Plot 1"},"geometry":{"type":"Point","coordinates":[77.0748808151,10.4808490655]}},{"type":"Feature","properties":{"TreeNo":"591","Plot":"Plot 1"},"geometry":{"type":"Point","coordinates":[77.0749520003,10.4808411665]}},{"type":"Feature","properties":{"TreeNo":"590","Plot":"Plot 1"},"geometry":{"type":"Point","coordinates":[77.0750159164,10.4808292275]}},{"type":"Feature","properties":{"TreeNo":"589","Plot":"Plot 1"},"geometry":{"type":"Point","coordinates":[77.0750891872,10.4808233638]}},{"type":"Feature","properties":{"TreeNo":"588","Plot":"Plot 1"},"geometry":{"type":"Point","coordinates":[77.0751572491,10.4808129258]}},{"type":"Feature","properties":{"TreeNo":"573","Plot":"Plot 1"},"geometry":{"type":"Point","coordinates":[77.0751240338,10.4807433537]}},{"type":"Feature","properties":{"TreeNo":"574","Plot":"Plot 1"},"geometry":{"type":"Point","coordinates":[77.0750708955,10.4807485046]}},{"type":"Feature","properties":{"TreeNo":"575","Plot":"Plot 1"},"geometry":{"type":"Point","coordinates":[77.0750084831,10.4807558029]}},{"type":"Feature","properties":{"TreeNo":"576","Plot":"Plot 1"},"geometry":{"type":"Point","coordinates":[77.0749394288,10.4807703625]}},{"type":"Feature","properties":{"TreeNo":"577","Plot":"Plot 1"},"geometry":{"type":"Point","coordinates":[77.0748594657,10.4807783482]}},{"type":"Feature","properties":{"TreeNo":"578","Plot":"Plot 1"},"geometry":{"type":"Point","coordinates":[77.0747882401,10.4807821358]}},{"type":"Feature","properties":{"TreeNo":"579","Plot":"Plot 1"},"geometry":{"type":"Point","coordinates":[77.0747129947,10.4807972704]}},{"type":"Feature","properties":{"TreeNo":"580","Plot":"Plot 1"},"geometry":{"type":"Point","coordinates":[77.0746417993,10.4808041415]}},{"type":"Feature","properties":{"TreeNo":"581","Plot":"Plot 1"},"geometry":{"type":"Point","coordinates":[77.0745639167,10.4808136485]}},{"type":"Feature","properties":{"TreeNo":"582","Plot":"Plot 1"},"geometry":{"type":"Point","coordinates":[77.0744958245,10.4808210029]}},{"type":"Feature","properties":{"TreeNo":"583","Plot":"Plot 1"},"geometry":{"type":"Point","coordinates":[77.0744178914,10.4808253706]}},{"type":"Feature","properties":{"TreeNo":"584","Plot":"Plot 1"},"geometry":{"type":"Point","coordinates":[77.0743410414,10.4808348673]}},{"type":"Feature","properties":{"TreeNo":"585","Plot":"Plot 1"},"geometry":{"type":"Point","coordinates":[77.0742725135,10.4808504495]}},{"type":"Feature","properties":{"TreeNo":"586","Plot":"Plot 1"},"geometry":{"type":"Point","coordinates":[77.074194656,10.4808625261]}},{"type":"Feature","properties":{"TreeNo":"588.1","Plot":"Plot 1"},"geometry":{"type":"Point","coordinates":[77.074135863,10.4808703025]}},{"type":"Feature","properties":{"TreeNo":"572","Plot":"Plot 1"},"geometry":{"type":"Point","coordinates":[77.07414388,10.4807926134]}},{"type":"Feature","properties":{"TreeNo":"571","Plot":"Plot 1"},"geometry":{"type":"Point","coordinates":[77.0741897794,10.4807865063]}},{"type":"Feature","properties":{"TreeNo":"570","Plot":"Plot 1"},"geometry":{"type":"Point","coordinates":[77.0742557382,10.4807722344]}},{"type":"Feature","properties":{"TreeNo":"569","Plot":"Plot 1"},"geometry":{"type":"Point","coordinates":[77.0744058716,10.4807581589]}},{"type":"Feature","properties":{"TreeNo":"568","Plot":"Plot 1"},"geometry":{"type":"Point","coordinates":[77.074479388,10.480751008]}},{"type":"Feature","properties":{"TreeNo":"567","Plot":"Plot 1"},"geometry":{"type":"Point","coordinates":[77.0745538589,10.480735881]}},{"type":"Feature","properties":{"TreeNo":"566","Plot":"Plot 1"},"geometry":{"type":"Point","coordinates":[77.0746310578,10.4807356323]}},{"type":"Feature","properties":{"TreeNo":"565","Plot":"Plot 1"},"geometry":{"type":"Point","coordinates":[77.0747024659,10.4807241334]}},{"type":"Feature","properties":{"TreeNo":"564","Plot":"Plot 1"},"geometry":{"type":"Point","coordinates":[77.0747682043,10.4807137184]}},{"type":"Feature","properties":{"TreeNo":"563","Plot":"Plot 1"},"geometry":{"type":"Point","coordinates":[77.0748533409,10.4807067096]}},{"type":"Feature","properties":{"TreeNo":"562","Plot":"Plot 1"},"geometry":{"type":"Point","coordinates":[77.0749201095,10.4806960274]}},{"type":"Feature","properties":{"TreeNo":"561","Plot":"Plot 1"},"geometry":{"type":"Point","coordinates":[77.0749889736,10.4806884083]}},{"type":"Feature","properties":{"TreeNo":"560","Plot":"Plot 1"},"geometry":{"type":"Point","coordinates":[77.0750544765,10.4806803085]}},{"type":"Feature","properties":{"TreeNo":"559","Plot":"Plot 1"},"geometry":{"type":"Point","coordinates":[77.0751228369,10.4806739793]}},{"type":"Feature","properties":{"TreeNo":"117","Plot":"Plot 1"},"geometry":{"type":"Point","coordinates":[77.0756707216,10.4819903769]}},{"type":"Feature","properties":{"TreeNo":"773.1","Plot":"Plot 1"},"geometry":{"type":"Point","coordinates":[77.0747362269,10.4817178093]}},{"type":"Feature","properties":{"TreeNo":"569.1","Plot":"Plot 1"},"geometry":{"type":"Point","coordinates":[77.0743168277,10.480764931]}}]}
