{"type":"FeatureCollection","name":"plot2_coconut_trees_EPSG4326","crs":{"type":"name","properties":{"name":"urn:ogc:def:crs:OGC:1.3:CRS84"}},"features":[{"type":"Feature","properties":{"TreeNo":"1002","Plot":"Plot 2"},"geometry":{"type":"Point","coordinates":[77.07998721760528,10.482198872624894]}},{"type":"Feature","properties":{"TreeNo":"1003","Plot":"Plot 2"},"geometry":{"type":"Point","coordinates":[77.07991496827302,10.482199345095905]}},{"type":"Feature","properties":{"TreeNo":"1004","Plot":"Plot 2"},"geometry":{"type":"Point","coordinates":[77.07983324219558,10.482199319757234]}},{"type":"Feature","properties":{"TreeNo":"1005","Plot":"Plot 2"},"geometry":{"type":"Point","coordinates":[77.07976088135982,10.48220427102354]}},{"type":"Feature","properties":{"TreeNo":"1006","Plot":"Plot 2"},"geometry":{"type":"Point","coordinates":[77.07969161424431,10.482206683113048]}},{"type":"Feature","properties":{"TreeNo":"1007","Plot":"Plot 2"},"geometry":{"type":"Point","coordinates":[77.0796137308535,10.482210410990438]}},{"type":"Feature","properties":{"TreeNo":"1008","Plot":"Plot 2"},"geometry":{"type":"Point","coordinates":[77.07953852916218,10.482213421612284]}},{"type":"Feature","properties":{"TreeNo":"1009","Plot":"Plot 2"},"geometry":{"type":"Point","coordinates":[77.0794705065073,10.482211627297168]}},{"type":"Feature","properties":{"TreeNo":"1010","Plot":"Plot 2"},"geometry":{"type":"Point","coordinates":[77.07939078692351,10.482215647006885]}},{"type":"Feature","properties":{"TreeNo":"1011","Plot":"Plot 2"},"geometry":{"type":"Point","coordinates":[77.07931921928491,10.4822123364876]}},{"type":"Feature","properties":{"TreeNo":"1012","Plot":"Plot 2"},"geometry":{"type":"Point","coordinates":[77.07923667472926,10.482216794449286]}},{"type":"Feature","properties":{"TreeNo":"1013","Plot":"Plot 2"},"geometry":{"type":"Point","coordinates":[77.079162064716,10.482223719454888]}},{"type":"Feature","properties":{"TreeNo":"1014","Plot":"Plot 2"},"geometry":{"type":"Point","coordinates":[77.07908881068133,10.482221959255373]}},{"type":"Feature","properties":{"TreeNo":"1015","Plot":"Plot 2"},"geometry":{"type":"Point","coordinates":[77.07901388239641,10.482223568559936]}},{"type":"Feature","properties":{"TreeNo":"1042","Plot":"Plot 2"},"geometry":{"type":"Point","coordinates":[77.08002252696906,10.482150642075483]}},{"type":"Feature","properties":{"TreeNo":"1041","Plot":"Plot 2"},"geometry":{"type":"Point","coordinates":[77.0799507728132,10.482161746803396]}},{"type":"Feature","properties":{"TreeNo":"1040","Plot":"Plot 2"},"geometry":{"type":"Point","coordinates":[77.07987624633132,10.48215999510482]}},{"type":"Feature","properties":{"TreeNo":"1039","Plot":"Plot 2"},"geometry":{"type":"Point","coordinates":[77.07979300422642,10.482165857175158]}},{"type":"Feature","properties":{"TreeNo":"1038","Plot":"Plot 2"},"geometry":{"type":"Point","coordinates":[77.07972854338341,10.482168097902484]}},{"type":"Feature","properties":{"TreeNo":"1037","Plot":"Plot 2"},"geometry":{"type":"Point","coordinates":[77.07964880421126,10.48216917904832]}},{"type":"Feature","properties":{"TreeNo":"1036","Plot":"Plot 2"},"geometry":{"type":"Point","coordinates":[77.07957643216284,10.482172451057007]}},{"type":"Feature","properties":{"TreeNo":"1035","Plot":"Plot 2"},"geometry":{"type":"Point","coordinates":[77.0795006443779,10.482172386805242]}},{"type":"Feature","properties":{"TreeNo":"1034","Plot":"Plot 2"},"geometry":{"type":"Point","coordinates":[77.07942232654601,10.482174578127298]}},{"type":"Feature","properties":{"TreeNo":"1033","Plot":"Plot 2"},"geometry":{"type":"Point","coordinates":[77.0793547766246,10.48218005761123]}},{"type":"Feature","properties":{"TreeNo":"1032","Plot":"Plot 2"},"geometry":{"type":"Point","coordinates":[77.07927474904997,10.482180300905132]}},{"type":"Feature","properties":{"TreeNo":"1031","Plot":"Plot 2"},"geometry":{"type":"Point","coordinates":[77.07920039941146,10.482183865638824]}},{"type":"Feature","properties":{"TreeNo":"1030","Plot":"Plot 2"},"geometry":{"type":"Point","coordinates":[77.07912718460877,10.482187982700015]}},{"type":"Feature","properties":{"TreeNo":"1029","Plot":"Plot 2"},"geometry":{"type":"Point","coordinates":[77.07904831614029,10.48219241658196]}},{"type":"Feature","properties":{"TreeNo":"1028","Plot":"Plot 2"},"geometry":{"type":"Point","coordinates":[77.07897703780839,10.482190083677857]}},{"type":"Feature","properties":{"TreeNo":"1027","Plot":"Plot 2"},"geometry":{"type":"Point","coordinates":[77.07890099896177,10.482194778909651]}},{"type":"Feature","properties":{"TreeNo":"1026","Plot":"Plot 2"},"geometry":{"type":"Point","coordinates":[77.07882522981397,10.482197513190565]}},{"type":"Feature","properties":{"TreeNo":"1025","Plot":"Plot 2"},"geometry":{"type":"Point","coordinates":[77.07875172287306,10.482200232668593]}},{"type":"Feature","properties":{"TreeNo":"1024","Plot":"Plot 2"},"geometry":{"type":"Point","coordinates":[77.07867792754924,10.482202114370034]}},{"type":"Feature","properties":{"TreeNo":"1023","Plot":"Plot 2"},"geometry":{"type":"Point","coordinates":[77.0786015592247,10.482199814646837]}},{"type":"Feature","properties":{"TreeNo":"1022","Plot":"Plot 2"},"geometry":{"type":"Point","coordinates":[77.07852693610216,10.48220478041997]}},{"type":"Feature","properties":{"TreeNo":"1021","Plot":"Plot 2"},"geometry":{"type":"Point","coordinates":[77.07845799464346,10.482213627389317]}},{"type":"Feature","properties":{"TreeNo":"1020","Plot":"Plot 2"},"geometry":{"type":"Point","coordinates":[77.0783816561794,10.482215805523147]}},{"type":"Feature","properties":{"TreeNo":"1019","Plot":"Plot 2"},"geometry":{"type":"Point","coordinates":[77.07830871849724,10.482219080943379]}},{"type":"Feature","properties":{"TreeNo":"1018","Plot":"Plot 2"},"geometry":{"type":"Point","coordinates":[77.07822927134826,10.482221559235635]}},{"type":"Feature","properties":{"TreeNo":"1017","Plot":"Plot 2"},"geometry":{"type":"Point","coordinates":[77.07815634672393,10.482226793707214]}},{"type":"Feature","properties":{"TreeNo":"1016","Plot":"Plot 2"},"geometry":{"type":"Point","coordinates":[77.07807491826127,10.482229005025358]}},{"type":"Feature","properties":{"TreeNo":"1043","Plot":"Plot 2"},"geometry":{"type":"Point","coordinates":[77.08000911848185,10.482090695226706]}},{"type":"Feature","properties":{"TreeNo":"1044","Plot":"Plot 2"},"geometry":{"type":"Point","coordinates":[77.07993333821047,10.482091750550639]}},{"type":"Feature","properties":{"TreeNo":"1045","Plot":"Plot 2"},"geometry":{"type":"Point","coordinates":[77.07986035393549,10.482088029591033]}},{"type":"Feature","properties":{"TreeNo":"1046","Plot":"Plot 2"},"geometry":{"type":"Point","coordinates":[77.07978573091741,10.482092995650786]}},{"type":"Feature","properties":{"TreeNo":"1047","Plot":"Plot 2"},"geometry":{"type":"Point","coordinates":[77.07971421656357,10.482097661485662]}},{"type":"Feature","properties":{"TreeNo":"1048","Plot":"Plot 2"},"geometry":{"type":"Point","coordinates":[77.07963676203573,10.482102086262797]}},{"type":"Feature","properties":{"TreeNo":"1049","Plot":"Plot 2"},"geometry":{"type":"Point","coordinates":[77.07956265224772,10.482099212237655]}},{"type":"Feature","properties":{"TreeNo":"1050","Plot":"Plot 2"},"geometry":{"type":"Point","coordinates":[77.07948689063164,10.482103066147392]}},{"type":"Feature","properties":{"TreeNo":"1051","Plot":"Plot 2"},"geometry":{"type":"Point","coordinates":[77.07941563101545,10.482103532030056]}},{"type":"Feature","properties":{"TreeNo":"1052","Plot":"Plot 2"},"geometry":{"type":"Point","coordinates":[77.07933704909823,10.482108523868439]}},{"type":"Feature","properties":{"TreeNo":"1053","Plot":"Plot 2"},"geometry":{"type":"Point","coordinates":[77.07927145620653,10.482110631961374]}},{"type":"Feature","properties":{"TreeNo":"1054","Plot":"Plot 2"},"geometry":{"type":"Point","coordinates":[77.079187743215,10.482109499915445]}},{"type":"Feature","properties":{"TreeNo":"1055","Plot":"Plot 2"},"geometry":{"type":"Point","coordinates":[77.07911651346606,10.482114443638979]}},{"type":"Feature","properties":{"TreeNo":"1056","Plot":"Plot 2"},"geometry":{"type":"Point","coordinates":[77.07903849707952,10.482119431708096]}},{"type":"Feature","properties":{"TreeNo":"1057","Plot":"Plot 2"},"geometry":{"type":"Point","coordinates":[77.07896499016843,10.482122151231566]}},{"type":"Feature","properties":{"TreeNo":"1058","Plot":"Plot 2"},"geometry":{"type":"Point","coordinates":[77.07889544212198,10.482124844862803]}},{"type":"Feature","properties":{"TreeNo":"1059","Plot":"Plot 2"},"geometry":{"type":"Point","coordinates":[77.07881003618499,10.482124283545906]}},{"type":"Feature","properties":{"TreeNo":"1060","Plot":"Plot 2"},"geometry":{"type":"Point","coordinates":[77.07873937196295,10.482129223490352]}},{"type":"Feature","properties":{"TreeNo":"1061","Plot":"Plot 2"},"geometry":{"type":"Point","coordinates":[77.07865960660735,10.48212638621647]}},{"type":"Feature","properties":{"TreeNo":"1062","Plot":"Plot 2"},"geometry":{"type":"Point","coordinates":[77.07858950046004,10.48213020295479]}},{"type":"Feature","properties":{"TreeNo":"1063","Plot":"Plot 2"},"geometry":{"type":"Point","coordinates":[77.0785154317035,10.482133485810136]}},{"type":"Feature","properties":{"TreeNo":"1064","Plot":"Plot 2"},"geometry":{"type":"Point","coordinates":[77.0784413928147,10.482141246558019]}},{"type":"Feature","properties":{"TreeNo":"1065","Plot":"Plot 2"},"geometry":{"type":"Point","coordinates":[77.078371848471,10.482144499815067]}},{"type":"Feature","properties":{"TreeNo":"1066","Plot":"Plot 2"},"geometry":{"type":"Point","coordinates":[77.07829722908116,10.482150025271173]}},{"type":"Feature","properties":{"TreeNo":"1067","Plot":"Plot 2"},"geometry":{"type":"Point","coordinates":[77.07822257608196,10.482150513061383]}},{"type":"Feature","properties":{"TreeNo":"1068","Plot":"Plot 2"},"geometry":{"type":"Point","coordinates":[77.07814625628838,10.48215548982998]}},{"type":"Feature","properties":{"TreeNo":"1069","Plot":"Plot 2"},"geometry":{"type":"Point","coordinates":[77.07806252456373,10.482151558795072]}},{"type":"Feature","properties":{"TreeNo":"1070","Plot":"Plot 2"},"geometry":{"type":"Point","coordinates":[77.078055552163,10.482081354065176]}},{"type":"Feature","properties":{"TreeNo":"1071","Plot":"Plot 2"},"geometry":{"type":"Point","coordinates":[77.07813415655716,10.482079720973832]}},{"type":"Feature","properties":{"TreeNo":"1072","Plot":"Plot 2"},"geometry":{"type":"Point","coordinates":[77.07820456602994,10.482078981052691]}},{"type":"Feature","properties":{"TreeNo":"1073","Plot":"Plot 2"},"geometry":{"type":"Point","coordinates":[77.07828145882173,10.48207512005595]}},{"type":"Feature","properties":{"TreeNo":"1074","Plot":"Plot 2"},"geometry":{"type":"Point","coordinates":[77.07836064742466,10.482076281907318]}},{"type":"Feature","properties":{"TreeNo":"1075","Plot":"Plot 2"},"geometry":{"type":"Point","coordinates":[77.07843809269009,10.482070458092222]}},{"type":"Feature","properties":{"TreeNo":"1076","Plot":"Plot 2"},"geometry":{"type":"Point","coordinates":[77.07851268404575,10.48206073456716]}},{"type":"Feature","properties":{"TreeNo":"1077","Plot":"Plot 2"},"geometry":{"type":"Point","coordinates":[77.0785816814822,10.482060283672277]}},{"type":"Feature","properties":{"TreeNo":"1078","Plot":"Plot 2"},"geometry":{"type":"Point","coordinates":[77.07865658734352,10.482055316045033]}},{"type":"Feature","properties":{"TreeNo":"1079","Plot":"Plot 2"},"geometry":{"type":"Point","coordinates":[77.07872812229037,10.482053729009207]}},{"type":"Feature","properties":{"TreeNo":"1080","Plot":"Plot 2"},"geometry":{"type":"Point","coordinates":[77.07880444949204,10.482049871584538]}},{"type":"Feature","properties":{"TreeNo":"1081","Plot":"Plot 2"},"geometry":{"type":"Point","coordinates":[77.07888106319938,10.482046572032205]}},{"type":"Feature","properties":{"TreeNo":"1082","Plot":"Plot 2"},"geometry":{"type":"Point","coordinates":[77.07895655700128,10.482044959070409]}},{"type":"Feature","properties":{"TreeNo":"1083","Plot":"Plot 2"},"geometry":{"type":"Point","coordinates":[77.07903006762983,10.48204279929084]}},{"type":"Feature","properties":{"TreeNo":"1084","Plot":"Plot 2"},"geometry":{"type":"Point","coordinates":[77.07910187786123,10.482040090846526]}},{"type":"Feature","properties":{"TreeNo":"1085","Plot":"Plot 2"},"geometry":{"type":"Point","coordinates":[77.0791770739324,10.482036240727563]}},{"type":"Feature","properties":{"TreeNo":"1086","Plot":"Plot 2"},"geometry":{"type":"Point","coordinates":[77.07925626622053,10.482037962095422]}},{"type":"Feature","properties":{"TreeNo":"1087","Plot":"Plot 2"},"geometry":{"type":"Point","coordinates":[77.07933204651279,10.482036906935011]}},{"type":"Feature","properties":{"TreeNo":"1088","Plot":"Plot 2"},"geometry":{"type":"Point","coordinates":[77.07940666580994,10.482031381244616]}},{"type":"Feature","properties":{"TreeNo":"1089","Plot":"Plot 2"},"geometry":{"type":"Point","coordinates":[77.07947676441805,10.482026444855554]}},{"type":"Feature","properties":{"TreeNo":"1090","Plot":"Plot 2"},"geometry":{"type":"Point","coordinates":[77.07954576180451,10.482025993753084]}},{"type":"Feature","properties":{"TreeNo":"1091","Plot":"Plot 2"},"geometry":{"type":"Point","coordinates":[77.07962435489621,10.482022681082515]}},{"type":"Feature","properties":{"TreeNo":"1092","Plot":"Plot 2"},"geometry":{"type":"Point","coordinates":[77.07970750976375,10.482024936192007]}},{"type":"Feature","properties":{"TreeNo":"1093","Plot":"Plot 2"},"geometry":{"type":"Point","coordinates":[77.07977817390488,10.482019996039744]}},{"type":"Feature","properties":{"TreeNo":"1094","Plot":"Plot 2"},"geometry":{"type":"Point","coordinates":[77.07984999903772,10.482019526381404]}},{"type":"Feature","properties":{"TreeNo":"1095","Plot":"Plot 2"},"geometry":{"type":"Point","coordinates":[77.07993141613399,10.482015635406858]}},{"type":"Feature","properties":{"TreeNo":"1096","Plot":"Plot 2"},"geometry":{"type":"Point","coordinates":[77.08000268318034,10.482016288888818]}},{"type":"Feature","properties":{"TreeNo":"1097","Plot":"Plot 2"},"geometry":{"type":"Point","coordinates":[77.0800430653351,10.482050170322985]}},{"type":"Feature","properties":{"TreeNo":"1098","Plot":"Plot 2"},"geometry":{"type":"Point","coordinates":[77.08004087166884,10.481975736248405]}},{"type":"Feature","properties":{"TreeNo":"1143","Plot":"Plot 2"},"geometry":{"type":"Point","coordinates":[77.08004268171317,10.481907993141567]}},{"type":"Feature","properties":{"TreeNo":"1099","Plot":"Plot 2"},"geometry":{"type":"Point","coordinates":[77.07998975151072,10.481943044557639]}},{"type":"Feature","properties":{"TreeNo":"1100","Plot":"Plot 2"},"geometry":{"type":"Point","coordinates":[77.07991284764341,10.481945226742903]}},{"type":"Feature","properties":{"TreeNo":"1101","Plot":"Plot 2"},"geometry":{"type":"Point","coordinates":[77.0798415918192,10.481946252452222]}},{"type":"Feature","properties":{"TreeNo":"1102","Plot":"Plot 2"},"geometry":{"type":"Point","coordinates":[77.07977093143474,10.481951752353414]}},{"type":"Feature","properties":{"TreeNo":"1103","Plot":"Plot 2"},"geometry":{"type":"Point","coordinates":[77.07969060808664,10.481950038505838]}},{"type":"Feature","properties":{"TreeNo":"1104","Plot":"Plot 2"},"geometry":{"type":"Point","coordinates":[77.07961427348963,10.481952776660007]}},{"type":"Feature","properties":{"TreeNo":"1105","Plot":"Plot 2"},"geometry":{"type":"Point","coordinates":[77.07954412633799,10.481950436477907]}},{"type":"Feature","properties":{"TreeNo":"1106","Plot":"Plot 2"},"geometry":{"type":"Point","coordinates":[77.07946893404477,10.481954846417217]}},{"type":"Feature","properties":{"TreeNo":"1107","Plot":"Plot 2"},"geometry":{"type":"Point","coordinates":[77.07938750199236,10.481956498317924]}},{"type":"Feature","properties":{"TreeNo":"1108","Plot":"Plot 2"},"geometry":{"type":"Point","coordinates":[77.07931567685287,10.481956967869083]}},{"type":"Feature","properties":{"TreeNo":"1109","Plot":"Plot 2"},"geometry":{"type":"Point","coordinates":[77.07924558198613,10.481962463958522]}},{"type":"Feature","properties":{"TreeNo":"1110","Plot":"Plot 2"},"geometry":{"type":"Point","coordinates":[77.07917205271103,10.481961825091858]}},{"type":"Feature","properties":{"TreeNo":"1111","Plot":"Plot 2"},"geometry":{"type":"Point","coordinates":[77.07909234344382,10.481967383995997]}},{"type":"Feature","properties":{"TreeNo":"1112","Plot":"Plot 2"},"geometry":{"type":"Point","coordinates":[77.07901824113839,10.481965629313727]}},{"type":"Feature","properties":{"TreeNo":"1113","Plot":"Plot 2"},"geometry":{"type":"Point","coordinates":[77.0789407865999,10.481970053916863]}},{"type":"Feature","properties":{"TreeNo":"1114","Plot":"Plot 2"},"geometry":{"type":"Point","coordinates":[77.078863897608,10.481974474805149]}},{"type":"Feature","properties":{"TreeNo":"1115","Plot":"Plot 2"},"geometry":{"type":"Point","coordinates":[77.07879601636932,10.481972679410768]}},{"type":"Feature","properties":{"TreeNo":"1116","Plot":"Plot 2"},"geometry":{"type":"Point","coordinates":[77.07872025473843,10.48197653313368]}},{"type":"Feature","properties":{"TreeNo":"1117","Plot":"Plot 2"},"geometry":{"type":"Point","coordinates":[77.07864392008076,10.481979271057648]}},{"type":"Feature","properties":{"TreeNo":"1118","Plot":"Plot 2"},"geometry":{"type":"Point","coordinates":[77.078566733355,10.481981454768702]}},{"type":"Feature","properties":{"TreeNo":"1119","Plot":"Plot 2"},"geometry":{"type":"Point","coordinates":[77.07819699444741,10.482003742377655]}},{"type":"Feature","properties":{"TreeNo":"1120","Plot":"Plot 2"},"geometry":{"type":"Point","coordinates":[77.07812460555644,10.482004495226674]}},{"type":"Feature","properties":{"TreeNo":"1121","Plot":"Plot 2"},"geometry":{"type":"Point","coordinates":[77.07804629329043,10.482007525811637]}},{"type":"Feature","properties":{"TreeNo":"1122","Plot":"Plot 2"},"geometry":{"type":"Point","coordinates":[77.07808641297962,10.481959683820396]}},{"type":"Feature","properties":{"TreeNo":"1123","Plot":"Plot 2"},"geometry":{"type":"Point","coordinates":[77.07855667645488,10.48191518856789]}},{"type":"Feature","properties":{"TreeNo":"1124","Plot":"Plot 2"},"geometry":{"type":"Point","coordinates":[77.07863496439495,10.481908519561475]}},{"type":"Feature","properties":{"TreeNo":"1125","Plot":"Plot 2"},"geometry":{"type":"Point","coordinates":[77.0787101791345,10.48190746825095]}},{"type":"Feature","properties":{"TreeNo":"1126","Plot":"Plot 2"},"geometry":{"type":"Point","coordinates":[77.07878113542137,10.48190392582083]}},{"type":"Feature","properties":{"TreeNo":"1127","Plot":"Plot 2"},"geometry":{"type":"Point","coordinates":[77.07886032022331,10.481904527817152]}},{"type":"Feature","properties":{"TreeNo":"1128","Plot":"Plot 2"},"geometry":{"type":"Point","coordinates":[77.07893327087393,10.481903211370335]}},{"type":"Feature","properties":{"TreeNo":"1129","Plot":"Plot 2"},"geometry":{"type":"Point","coordinates":[77.07900507921099,10.481900223084645]}},{"type":"Feature","properties":{"TreeNo":"1130","Plot":"Plot 2"},"geometry":{"type":"Point","coordinates":[77.07908392706565,10.481892710665878]}},{"type":"Feature","properties":{"TreeNo":"1131","Plot":"Plot 2"},"geometry":{"type":"Point","coordinates":[77.07915632895903,10.481893916688314]}},{"type":"Feature","properties":{"TreeNo":"1132","Plot":"Plot 2"},"geometry":{"type":"Point","coordinates":[77.07922814662047,10.481892327699086]}},{"type":"Feature","properties":{"TreeNo":"1133","Plot":"Plot 2"},"geometry":{"type":"Point","coordinates":[77.07930560859313,10.481889022507165]}},{"type":"Feature","properties":{"TreeNo":"1134","Plot":"Plot 2"},"geometry":{"type":"Point","coordinates":[77.0793859169996,10.481888497502043]}},{"type":"Feature","properties":{"TreeNo":"1135","Plot":"Plot 2"},"geometry":{"type":"Point","coordinates":[77.07946054746573,10.481884651020964]}},{"type":"Feature","properties":{"TreeNo":"1136","Plot":"Plot 2"},"geometry":{"type":"Point","coordinates":[77.07953178461413,10.481880826708009]}},{"type":"Feature","properties":{"TreeNo":"1137","Plot":"Plot 2"},"geometry":{"type":"Point","coordinates":[77.07960814161474,10.48188144700657]}},{"type":"Feature","properties":{"TreeNo":"1138","Plot":"Plot 2"},"geometry":{"type":"Point","coordinates":[77.07968221025043,10.48187816391022]}},{"type":"Feature","properties":{"TreeNo":"1139","Plot":"Plot 2"},"geometry":{"type":"Point","coordinates":[77.07976080703341,10.481875410951549]}},{"type":"Feature","properties":{"TreeNo":"1140","Plot":"Plot 2"},"geometry":{"type":"Point","coordinates":[77.07983319768569,10.48187493760545]}},{"type":"Feature","properties":{"TreeNo":"1141","Plot":"Plot 2"},"geometry":{"type":"Point","coordinates":[77.07990784306897,10.481873329973707]}},{"type":"Feature","properties":{"TreeNo":"1142","Plot":"Plot 2"},"geometry":{"type":"Point","coordinates":[77.07998246976427,10.481868923633849]}},{"type":"Feature","properties":{"TreeNo":"1144","Plot":"Plot 2"},"geometry":{"type":"Point","coordinates":[77.08003573878534,10.481842266443824]}},{"type":"Feature","properties":{"TreeNo":"1145","Plot":"Plot 2"},"geometry":{"type":"Point","coordinates":[77.08003871791894,10.481801384294437]}},{"type":"Feature","properties":{"TreeNo":"1146","Plot":"Plot 2"},"geometry":{"type":"Point","coordinates":[77.07996572811115,10.481796823738902]}},{"type":"Feature","properties":{"TreeNo":"1147","Plot":"Plot 2"},"geometry":{"type":"Point","coordinates":[77.0798924770116,10.48179548350982]}},{"type":"Feature","properties":{"TreeNo":"1148","Plot":"Plot 2"},"geometry":{"type":"Point","coordinates":[77.07981854232231,10.481797646250062]}},{"type":"Feature","properties":{"TreeNo":"1149","Plot":"Plot 2"},"geometry":{"type":"Point","coordinates":[77.07974093714604,10.48180067261697]}},{"type":"Feature","properties":{"TreeNo":"1150","Plot":"Plot 2"},"geometry":{"type":"Point","coordinates":[77.07967025717305,10.481803233863955]}},{"type":"Feature","properties":{"TreeNo":"1151","Plot":"Plot 2"},"geometry":{"type":"Point","coordinates":[77.0795981437018,10.481802865713535]}},{"type":"Feature","properties":{"TreeNo":"1152","Plot":"Plot 2"},"geometry":{"type":"Point","coordinates":[77.07951702249139,10.48180871382822]}},{"type":"Feature","properties":{"TreeNo":"1153","Plot":"Plot 2"},"geometry":{"type":"Point","coordinates":[77.07944181528728,10.481810884801291]}},{"type":"Feature","properties":{"TreeNo":"1154","Plot":"Plot 2"},"geometry":{"type":"Point","coordinates":[77.07937113062695,10.481812746309707]}},{"type":"Feature","properties":{"TreeNo":"1155","Plot":"Plot 2"},"geometry":{"type":"Point","coordinates":[77.07929111435399,10.481814668804791]}},{"type":"Feature","properties":{"TreeNo":"1156","Plot":"Plot 2"},"geometry":{"type":"Point","coordinates":[77.07921873676447,10.481817101109359]}},{"type":"Feature","properties":{"TreeNo":"1157","Plot":"Plot 2"},"geometry":{"type":"Point","coordinates":[77.07914523180163,10.481820100529792]}},{"type":"Feature","properties":{"TreeNo":"1158","Plot":"Plot 2"},"geometry":{"type":"Point","coordinates":[77.07906860322443,10.481821161180708]}},{"type":"Feature","properties":{"TreeNo":"1159","Plot":"Plot 2"},"geometry":{"type":"Point","coordinates":[77.07899678557145,10.481822750130897]}},{"type":"Feature","properties":{"TreeNo":"1160","Plot":"Plot 2"},"geometry":{"type":"Point","coordinates":[77.07892217003229,10.481828835455445]}},{"type":"Feature","properties":{"TreeNo":"1161","Plot":"Plot 2"},"geometry":{"type":"Point","coordinates":[77.07884807522258,10.481828200204076]}},{"type":"Feature","properties":{"TreeNo":"1162","Plot":"Plot 2"},"geometry":{"type":"Point","coordinates":[77.07877571067772,10.481832591494038]}},{"type":"Feature","properties":{"TreeNo":"1163","Plot":"Plot 2"},"geometry":{"type":"Point","coordinates":[77.07869709517684,10.481832545515651]}},{"type":"Feature","properties":{"TreeNo":"1164","Plot":"Plot 2"},"geometry":{"type":"Point","coordinates":[77.07862585052384,10.481835250164092]}},{"type":"Feature","properties":{"TreeNo":"1165","Plot":"Plot 2"},"geometry":{"type":"Point","coordinates":[77.07854614872035,10.481841928404247]}},{"type":"Feature","properties":{"TreeNo":"1167","Plot":"Plot 2"},"geometry":{"type":"Point","coordinates":[77.07853475492867,10.481766015023936]}},{"type":"Feature","properties":{"TreeNo":"1168","Plot":"Plot 2"},"geometry":{"type":"Point","coordinates":[77.07861137885155,10.48176425483069]}},{"type":"Feature","properties":{"TreeNo":"1169","Plot":"Plot 2"},"geometry":{"type":"Point","coordinates":[77.07868645403667,10.481763484325722]}},{"type":"Feature","properties":{"TreeNo":"1170","Plot":"Plot 2"},"geometry":{"type":"Point","coordinates":[77.07875713965345,10.481761762905592]}},{"type":"Feature","properties":{"TreeNo":"1171","Plot":"Plot 2"},"geometry":{"type":"Point","coordinates":[77.07883515970417,10.48175733466034]}},{"type":"Feature","properties":{"TreeNo":"1172","Plot":"Plot 2"},"geometry":{"type":"Point","coordinates":[77.0789137527706,10.481754022177022]}},{"type":"Feature","properties":{"TreeNo":"1173","Plot":"Plot 2"},"geometry":{"type":"Point","coordinates":[77.07898330073388,10.481751328557657]}},{"type":"Feature","properties":{"TreeNo":"1174","Plot":"Plot 2"},"geometry":{"type":"Point","coordinates":[77.07906248922257,10.481752490249468]}},{"type":"Feature","properties":{"TreeNo":"1175","Plot":"Plot 2"},"geometry":{"type":"Point","coordinates":[77.0791422171135,10.481749730055466]}},{"type":"Feature","properties":{"TreeNo":"1176","Plot":"Plot 2"},"geometry":{"type":"Point","coordinates":[77.07921288122664,10.481744790039093]}},{"type":"Feature","properties":{"TreeNo":"1177","Plot":"Plot 2"},"geometry":{"type":"Point","coordinates":[77.07928585236763,10.48174655208001]}},{"type":"Feature","properties":{"TreeNo":"1178","Plot":"Plot 2"},"geometry":{"type":"Point","coordinates":[77.0793576438397,10.481741044899527]}},{"type":"Feature","properties":{"TreeNo":"1179","Plot":"Plot 2"},"geometry":{"type":"Point","coordinates":[77.07943286223868,10.481740553164537]}},{"type":"Feature","properties":{"TreeNo":"1180","Plot":"Plot 2"},"geometry":{"type":"Point","coordinates":[77.07950752628966,10.481741744324204]}},{"type":"Feature","properties":{"TreeNo":"1181","Plot":"Plot 2"},"geometry":{"type":"Point","coordinates":[77.07958554255266,10.48173675615945]}},{"type":"Feature","properties":{"TreeNo":"1182","Plot":"Plot 2"},"geometry":{"type":"Point","coordinates":[77.07966187336254,10.481733458284001]}},{"type":"Feature","properties":{"TreeNo":"1183","Plot":"Plot 2"},"geometry":{"type":"Point","coordinates":[77.07973595690535,10.481732414134932]}},{"type":"Feature","properties":{"TreeNo":"1184","Plot":"Plot 2"},"geometry":{"type":"Point","coordinates":[77.07980489816951,10.481723566915534]}},{"type":"Feature","properties":{"TreeNo":"1185","Plot":"Plot 2"},"geometry":{"type":"Point","coordinates":[77.07988747618751,10.48172414647648]}},{"type":"Feature","properties":{"TreeNo":"1186","Plot":"Plot 2"},"geometry":{"type":"Point","coordinates":[77.07995363452082,10.481722034574547]}},{"type":"Feature","properties":{"TreeNo":"1187","Plot":"Plot 2"},"geometry":{"type":"Point","coordinates":[77.08003225366984,10.481722639985561]}},{"type":"Feature","properties":{"TreeNo":"1188","Plot":"Plot 2"},"geometry":{"type":"Point","coordinates":[77.08001935938668,10.481654993034738]}},{"type":"Feature","properties":{"TreeNo":"1189","Plot":"Plot 2"},"geometry":{"type":"Point","coordinates":[77.0799429837772,10.481651574133616]}},{"type":"Feature","properties":{"TreeNo":"1190","Plot":"Plot 2"},"geometry":{"type":"Point","coordinates":[77.07986777663359,10.481653745199644]}},{"type":"Feature","properties":{"TreeNo":"1191","Plot":"Plot 2"},"geometry":{"type":"Point","coordinates":[77.07979821379215,10.481654200054045]}},{"type":"Feature","properties":{"TreeNo":"1192","Plot":"Plot 2"},"geometry":{"type":"Point","coordinates":[77.07972130624917,10.481655822441308]}},{"type":"Feature","properties":{"TreeNo":"1193","Plot":"Plot 2"},"geometry":{"type":"Point","coordinates":[77.07964496425336,10.481657441112445]}},{"type":"Feature","properties":{"TreeNo":"1194","Plot":"Plot 2"},"geometry":{"type":"Point","coordinates":[77.07957257737885,10.481658474144318]}},{"type":"Feature","properties":{"TreeNo":"1195","Plot":"Plot 2"},"geometry":{"type":"Point","coordinates":[77.07950080088213,10.481666220322298]}},{"type":"Feature","properties":{"TreeNo":"1196","Plot":"Plot 2"},"geometry":{"type":"Point","coordinates":[77.07941537268792,10.481662300713989]}},{"type":"Feature","properties":{"TreeNo":"1197","Plot":"Plot 2"},"geometry":{"type":"Point","coordinates":[77.07934696707679,10.481666666244246]}},{"type":"Feature","properties":{"TreeNo":"1198","Plot":"Plot 2"},"geometry":{"type":"Point","coordinates":[77.0792774378281,10.481672158631007]}},{"type":"Feature","properties":{"TreeNo":"1199","Plot":"Plot 2"},"geometry":{"type":"Point","coordinates":[77.07919375483723,10.48167550447148]}},{"type":"Feature","properties":{"TreeNo":"1200","Plot":"Plot 2"},"geometry":{"type":"Point","coordinates":[77.0791207874445,10.481674302144578]}},{"type":"Feature","properties":{"TreeNo":"1201","Plot":"Plot 2"},"geometry":{"type":"Point","coordinates":[77.07904275622714,10.48167705123973]}},{"type":"Feature","properties":{"TreeNo":"1202","Plot":"Plot 2"},"geometry":{"type":"Point","coordinates":[77.07896812205102,10.48168033787567]}},{"type":"Feature","properties":{"TreeNo":"1203","Plot":"Plot 2"},"geometry":{"type":"Point","coordinates":[77.07889969400236,10.481681344880379]}},{"type":"Feature","properties":{"TreeNo":"1204","Plot":"Plot 2"},"geometry":{"type":"Point","coordinates":[77.07882617971724,10.481682944875057]}},{"type":"Feature","properties":{"TreeNo":"1205","Plot":"Plot 2"},"geometry":{"type":"Point","coordinates":[77.0787458900074,10.481686268421724]}},{"type":"Feature","properties":{"TreeNo":"1206","Plot":"Plot 2"},"geometry":{"type":"Point","coordinates":[77.07866955168753,10.48168844659957]}},{"type":"Feature","properties":{"TreeNo":"1207","Plot":"Plot 2"},"geometry":{"type":"Point","coordinates":[77.07859945310678,10.481693382798525]}},{"type":"Feature","properties":{"TreeNo":"1208","Plot":"Plot 2"},"geometry":{"type":"Point","coordinates":[77.07852197247082,10.481693889117082]}},{"type":"Feature","properties":{"TreeNo":"1209","Plot":"Plot 2"},"geometry":{"type":"Point","coordinates":[77.07836357866934,10.481689046613461]}},{"type":"Feature","properties":{"TreeNo":"1210","Plot":"Plot 2"},"geometry":{"type":"Point","coordinates":[77.07843780588601,10.481624748598923]}},{"type":"Feature","properties":{"TreeNo":"1211","Plot":"Plot 2"},"geometry":{"type":"Point","coordinates":[77.07851415167094,10.481623689956775]}},{"type":"Feature","properties":{"TreeNo":"1212","Plot":"Plot 2"},"geometry":{"type":"Point","coordinates":[77.07858877839095,10.481619283951819]}},{"type":"Feature","properties":{"TreeNo":"1213","Plot":"Plot 2"},"geometry":{"type":"Point","coordinates":[77.07866566544591,10.481614583276773]}},{"type":"Feature","properties":{"TreeNo":"1214","Plot":"Plot 2"},"geometry":{"type":"Point","coordinates":[77.07873776957778,10.481613552300866]}},{"type":"Feature","properties":{"TreeNo":"1215","Plot":"Plot 2"},"geometry":{"type":"Point","coordinates":[77.07881070709553,10.481610276810134]}},{"type":"Feature","properties":{"TreeNo":"1216","Plot":"Plot 2"},"geometry":{"type":"Point","coordinates":[77.07888421389495,10.481607557345207]}},{"type":"Feature","properties":{"TreeNo":"1217","Plot":"Plot 2"},"geometry":{"type":"Point","coordinates":[77.07896057085765,10.48160817781248]}},{"type":"Feature","properties":{"TreeNo":"1218","Plot":"Plot 2"},"geometry":{"type":"Point","coordinates":[77.07903745601917,10.481603197179847]}},{"type":"Feature","properties":{"TreeNo":"1219","Plot":"Plot 2"},"geometry":{"type":"Point","coordinates":[77.07911379056328,10.481600459179655]}},{"type":"Feature","properties":{"TreeNo":"1220","Plot":"Plot 2"},"geometry":{"type":"Point","coordinates":[77.07918447332081,10.481598317868185]}},{"type":"Feature","properties":{"TreeNo":"1221","Plot":"Plot 2"},"geometry":{"type":"Point","coordinates":[77.07926533600414,10.48159610999581]}},{"type":"Feature","properties":{"TreeNo":"1222","Plot":"Plot 2"},"geometry":{"type":"Point","coordinates":[77.07933771540792,10.481593957559724]}},{"type":"Feature","properties":{"TreeNo":"1223","Plot":"Plot 2"},"geometry":{"type":"Point","coordinates":[77.07940784754359,10.481594058849712]}},{"type":"Feature","properties":{"TreeNo":"1224","Plot":"Plot 2"},"geometry":{"type":"Point","coordinates":[77.07948193853728,10.48159413424272]}},{"type":"Feature","properties":{"TreeNo":"1225","Plot":"Plot 2"},"geometry":{"type":"Point","coordinates":[77.07956333686691,10.481587444691318]}},{"type":"Feature","properties":{"TreeNo":"1226","Plot":"Plot 2"},"geometry":{"type":"Point","coordinates":[77.0796397087382,10.481590303949234]}},{"type":"Feature","properties":{"TreeNo":"1227","Plot":"Plot 2"},"geometry":{"type":"Point","coordinates":[77.07970642139804,10.48158650919148]}},{"type":"Feature","properties":{"TreeNo":"1228","Plot":"Plot 2"},"geometry":{"type":"Point","coordinates":[77.0797850143702,10.481583196502728]}},{"type":"Feature","properties":{"TreeNo":"1229","Plot":"Plot 2"},"geometry":{"type":"Point","coordinates":[77.07986249865269,10.481583249620124]}},{"type":"Feature","properties":{"TreeNo":"1230","Plot":"Plot 2"},"geometry":{"type":"Point","coordinates":[77.07993540620843,10.481575495969498]}},{"type":"Feature","properties":{"TreeNo":"1231","Plot":"Plot 2"},"geometry":{"type":"Point","coordinates":[77.07999378130938,10.481593586412963]}},{"type":"Feature","properties":{"TreeNo":"1232","Plot":"Plot 2"},"geometry":{"type":"Point","coordinates":[77.07996964327866,10.481536088708609]}},{"type":"Feature","properties":{"TreeNo":"1233","Plot":"Plot 2"},"geometry":{"type":"Point","coordinates":[77.07992355338402,10.481494407896378]}},{"type":"Feature","properties":{"TreeNo":"1234","Plot":"Plot 2"},"geometry":{"type":"Point","coordinates":[77.07984893798307,10.481500493420043]}},{"type":"Feature","properties":{"TreeNo":"1235","Plot":"Plot 2"},"geometry":{"type":"Point","coordinates":[77.07977318026443,10.481504907107743]}},{"type":"Feature","properties":{"TreeNo":"1236","Plot":"Plot 2"},"geometry":{"type":"Point","coordinates":[77.0796962877013,10.481508768434953]}},{"type":"Feature","properties":{"TreeNo":"1237","Plot":"Plot 2"},"geometry":{"type":"Point","coordinates":[77.07962106563491,10.481508700483174]}},{"type":"Feature","properties":{"TreeNo":"1238","Plot":"Plot 2"},"geometry":{"type":"Point","coordinates":[77.07954982483994,10.48151196506135]}},{"type":"Feature","properties":{"TreeNo":"1239","Plot":"Plot 2"},"geometry":{"type":"Point","coordinates":[77.0794785915118,10.481516349100522]}},{"type":"Feature","properties":{"TreeNo":"1240","Plot":"Plot 2"},"geometry":{"type":"Point","coordinates":[77.07940281135326,10.481517404271484]}},{"type":"Feature","properties":{"TreeNo":"1241","Plot":"Plot 2"},"geometry":{"type":"Point","coordinates":[77.07932706107427,10.48152293733162]}},{"type":"Feature","properties":{"TreeNo":"1242","Plot":"Plot 2"},"geometry":{"type":"Point","coordinates":[77.07924786892079,10.481521215956276]}},{"type":"Feature","properties":{"TreeNo":"1243","Plot":"Plot 2"},"geometry":{"type":"Point","coordinates":[77.0791760886974,10.481528402318013]}},{"type":"Feature","properties":{"TreeNo":"1244","Plot":"Plot 2"},"geometry":{"type":"Point","coordinates":[77.07910312507357,10.481527759718885]}},{"type":"Feature","properties":{"TreeNo":"1245","Plot":"Plot 2"},"geometry":{"type":"Point","coordinates":[77.07902622872984,10.481531061148152]}},{"type":"Feature","properties":{"TreeNo":"1246","Plot":"Plot 2"},"geometry":{"type":"Point","coordinates":[77.07895216013917,10.481534344077154]}},{"type":"Feature","properties":{"TreeNo":"1247","Plot":"Plot 2"},"geometry":{"type":"Point","coordinates":[77.0788786346873,10.481534264861613]}},{"type":"Feature","properties":{"TreeNo":"1248","Plot":"Plot 2"},"geometry":{"type":"Point","coordinates":[77.07880569719097,10.481537540364394]}},{"type":"Feature","properties":{"TreeNo":"1249","Plot":"Plot 2"},"geometry":{"type":"Point","coordinates":[77.07872426521048,10.481539192074917]}},{"type":"Feature","properties":{"TreeNo":"1250","Plot":"Plot 2"},"geometry":{"type":"Point","coordinates":[77.07864961984639,10.481540799414486]}},{"type":"Feature","properties":{"TreeNo":"1251","Plot":"Plot 2"},"geometry":{"type":"Point","coordinates":[77.07857216538957,10.481545223908615]}},{"type":"Feature","properties":{"TreeNo":"1252","Plot":"Plot 2"},"geometry":{"type":"Point","coordinates":[77.07850883105309,10.481546757300835]}},{"type":"Feature","properties":{"TreeNo":"1253","Plot":"Plot 2"},"geometry":{"type":"Point","coordinates":[77.07843190853323,10.481546140417432]}},{"type":"Feature","properties":{"TreeNo":"1254","Plot":"Plot 2"},"geometry":{"type":"Point","coordinates":[77.07835561130146,10.481554475639845]}},{"type":"Feature","properties":{"TreeNo":"1255","Plot":"Plot 2"},"geometry":{"type":"Point","coordinates":[77.07841845651579,10.481479616505688]}},{"type":"Feature","properties":{"TreeNo":"1256","Plot":"Plot 2"},"geometry":{"type":"Point","coordinates":[77.07849139402015,10.481476341093591]}},{"type":"Feature","properties":{"TreeNo":"1257","Plot":"Plot 2"},"geometry":{"type":"Point","coordinates":[77.07856884473095,10.481471356883537]}},{"type":"Feature","properties":{"TreeNo":"1258","Plot":"Plot 2"},"geometry":{"type":"Point","coordinates":[77.0786400967727,10.481469771740983]}},{"type":"Feature","properties":{"TreeNo":"1259","Plot":"Plot 2"},"geometry":{"type":"Point","coordinates":[77.07872435276352,10.481467541836976]}},{"type":"Feature","properties":{"TreeNo":"1260","Plot":"Plot 2"},"geometry":{"type":"Point","coordinates":[77.07879445128673,10.48146260562055]}},{"type":"Feature","properties":{"TreeNo":"1261","Plot":"Plot 2"},"geometry":{"type":"Point","coordinates":[77.07886913023624,10.481466035897725]}},{"type":"Feature","properties":{"TreeNo":"1262","Plot":"Plot 2"},"geometry":{"type":"Point","coordinates":[77.07894262952922,10.481462196948833]}},{"type":"Feature","properties":{"TreeNo":"1263","Plot":"Plot 2"},"geometry":{"type":"Point","coordinates":[77.07901838728817,10.48145778345884]}},{"type":"Feature","properties":{"TreeNo":"1264","Plot":"Plot 2"},"geometry":{"type":"Point","coordinates":[77.07909641845232,10.481455034380145]}},{"type":"Feature","properties":{"TreeNo":"1265","Plot":"Plot 2"},"geometry":{"type":"Point","coordinates":[77.07916655056704,10.481455135729398]}},{"type":"Feature","properties":{"TreeNo":"1266","Plot":"Plot 2"},"geometry":{"type":"Point","coordinates":[77.07923779884052,10.481452990715706]}},{"type":"Feature","properties":{"TreeNo":"1267","Plot":"Plot 2"},"geometry":{"type":"Point","coordinates":[77.07931750423266,10.481446872062305]}},{"type":"Feature","properties":{"TreeNo":"1268","Plot":"Plot 2"},"geometry":{"type":"Point","coordinates":[77.07939386860743,10.481448611909633]}},{"type":"Feature","properties":{"TreeNo":"1269","Plot":"Plot 2"},"geometry":{"type":"Point","coordinates":[77.0794623003183,10.481448164546979]}},{"type":"Feature","properties":{"TreeNo":"1270","Plot":"Plot 2"},"geometry":{"type":"Point","coordinates":[77.07954879604489,10.481442561207652]}},{"type":"Feature","properties":{"TreeNo":"1271","Plot":"Plot 2"},"geometry":{"type":"Point","coordinates":[77.079612684658,10.481439344700808]}},{"type":"Feature","properties":{"TreeNo":"1272","Plot":"Plot 2"},"geometry":{"type":"Point","coordinates":[77.07968846852314,10.48143884922185]}},{"type":"Feature","properties":{"TreeNo":"1273","Plot":"Plot 2"},"geometry":{"type":"Point","coordinates":[77.07975999020148,10.48143530289805]}},{"type":"Feature","properties":{"TreeNo":"1274","Plot":"Plot 2"},"geometry":{"type":"Point","coordinates":[77.07984001569221,10.481434779649685]}},{"type":"Feature","properties":{"TreeNo":"1275","Plot":"Plot 2"},"geometry":{"type":"Point","coordinates":[77.07990280307864,10.481436048386804]}},{"type":"Feature","properties":{"TreeNo":"1276","Plot":"Plot 2"},"geometry":{"type":"Point","coordinates":[77.0798682752463,10.481389533977048]}},{"type":"Feature","properties":{"TreeNo":"1278","Plot":"Plot 2"},"geometry":{"type":"Point","coordinates":[77.07974508854961,10.48136347082664]}},{"type":"Feature","properties":{"TreeNo":"1279","Plot":"Plot 2"},"geometry":{"type":"Point","coordinates":[77.07967328224325,10.481366739123631]}},{"type":"Feature","properties":{"TreeNo":"1280","Plot":"Plot 2"},"geometry":{"type":"Point","coordinates":[77.07960030373518,10.481363857678362]}},{"type":"Feature","properties":{"TreeNo":"1280.1","Plot":"Plot 2"},"geometry":{"type":"Point","coordinates":[77.07952737752575,10.481368812552656]}},{"type":"Feature","properties":{"TreeNo":"1281","Plot":"Plot 2"},"geometry":{"type":"Point","coordinates":[77.07945330153025,10.481370976113356]}},{"type":"Feature","properties":{"TreeNo":"1282","Plot":"Plot 2"},"geometry":{"type":"Point","coordinates":[77.0793752816138,10.481375404490182]}},{"type":"Feature","properties":{"TreeNo":"1283","Plot":"Plot 2"},"geometry":{"type":"Point","coordinates":[77.07930177302765,10.481377844188176]}},{"type":"Feature","properties":{"TreeNo":"1284","Plot":"Plot 2"},"geometry":{"type":"Point","coordinates":[77.07922428129918,10.481376671447366]}},{"type":"Feature","properties":{"TreeNo":"1285","Plot":"Plot 2"},"geometry":{"type":"Point","coordinates":[77.0791530554529,10.481382174885466]}},{"type":"Feature","properties":{"TreeNo":"1286","Plot":"Plot 2"},"geometry":{"type":"Point","coordinates":[77.07907671349423,10.481383793407808]}},{"type":"Feature","properties":{"TreeNo":"1287","Plot":"Plot 2"},"geometry":{"type":"Point","coordinates":[77.07900602331001,10.481384815209106]}},{"type":"Feature","properties":{"TreeNo":"1288","Plot":"Plot 2"},"geometry":{"type":"Point","coordinates":[77.07892572621792,10.481387019309052]}},{"type":"Feature","properties":{"TreeNo":"1289","Plot":"Plot 2"},"geometry":{"type":"Point","coordinates":[77.07886070647842,10.48139024306948]}},{"type":"Feature","properties":{"TreeNo":"1290","Plot":"Plot 2"},"geometry":{"type":"Point","coordinates":[77.07878040190785,10.481391327655992]}},{"type":"Feature","properties":{"TreeNo":"1291","Plot":"Plot 2"},"geometry":{"type":"Point","coordinates":[77.07870237074157,10.481394076654576]}},{"type":"Feature","properties":{"TreeNo":"1292","Plot":"Plot 2"},"geometry":{"type":"Point","coordinates":[77.07863225729149,10.481396773893449]}},{"type":"Feature","properties":{"TreeNo":"1293","Plot":"Plot 2"},"geometry":{"type":"Point","coordinates":[77.07855248465253,10.481392817079007]}},{"type":"Feature","properties":{"TreeNo":"1294","Plot":"Plot 2"},"geometry":{"type":"Point","coordinates":[77.07848239359832,10.481398872717202]}},{"type":"Feature","properties":{"TreeNo":"1295","Plot":"Plot 2"},"geometry":{"type":"Point","coordinates":[77.07841680081485,10.481400980606246]}},{"type":"Feature","properties":{"TreeNo":"1296","Plot":"Plot 2"},"geometry":{"type":"Point","coordinates":[77.0783551668893,10.481403062614913]}},{"type":"Feature","properties":{"TreeNo":"1297","Plot":"Plot 2"},"geometry":{"type":"Point","coordinates":[77.07835186122438,10.481331434531775]}},{"type":"Feature","properties":{"TreeNo":"1298","Plot":"Plot 2"},"geometry":{"type":"Point","coordinates":[77.07841294451948,10.481331595176727]}},{"type":"Feature","properties":{"TreeNo":"1299","Plot":"Plot 2"},"geometry":{"type":"Point","coordinates":[77.07847230128718,10.481327288986703]}},{"type":"Feature","properties":{"TreeNo":"1300","Plot":"Plot 2"},"geometry":{"type":"Point","coordinates":[77.07854242966592,10.481326830740564]}},{"type":"Feature","properties":{"TreeNo":"1301","Plot":"Plot 2"},"geometry":{"type":"Point","coordinates":[77.07861986540028,10.481319607570711]}},{"type":"Feature","properties":{"TreeNo":"1302","Plot":"Plot 2"},"geometry":{"type":"Point","coordinates":[77.07869113607615,10.481320821116554]}},{"type":"Feature","properties":{"TreeNo":"1303","Plot":"Plot 2"},"geometry":{"type":"Point","coordinates":[77.0787663506713,10.481319769819988]}},{"type":"Feature","properties":{"TreeNo":"1304","Plot":"Plot 2"},"geometry":{"type":"Point","coordinates":[77.07884325818188,10.481318147678767]}},{"type":"Feature","properties":{"TreeNo":"1305","Plot":"Plot 2"},"geometry":{"type":"Point","coordinates":[77.07891957772884,10.481313170784077]}},{"type":"Feature","properties":{"TreeNo":"1306","Plot":"Plot 2"},"geometry":{"type":"Point","coordinates":[77.07899309565708,10.48131213052313]}},{"type":"Feature","properties":{"TreeNo":"1307","Plot":"Plot 2"},"geometry":{"type":"Point","coordinates":[77.07906602935574,10.48130829524932]}},{"type":"Feature","properties":{"TreeNo":"1308","Plot":"Plot 2"},"geometry":{"type":"Point","coordinates":[77.07914181695048,10.481308359645135]}},{"type":"Feature","properties":{"TreeNo":"1309","Plot":"Plot 2"},"geometry":{"type":"Point","coordinates":[77.0792220878639,10.481302237325703]}},{"type":"Feature","properties":{"TreeNo":"1310","Plot":"Plot 2"},"geometry":{"type":"Point","coordinates":[77.07929646530745,10.481302870665306]}},{"type":"Feature","properties":{"TreeNo":"1311","Plot":"Plot 2"},"geometry":{"type":"Point","coordinates":[77.07936740461602,10.481296809309153]}},{"type":"Feature","properties":{"TreeNo":"1312","Plot":"Plot 2"},"geometry":{"type":"Point","coordinates":[77.07944405919844,10.481299666779645]}},{"type":"Feature","properties":{"TreeNo":"1313","Plot":"Plot 2"},"geometry":{"type":"Point","coordinates":[77.07952067268572,10.481296367109723]}},{"type":"Feature","properties":{"TreeNo":"1314","Plot":"Plot 2"},"geometry":{"type":"Point","coordinates":[77.07959331983916,10.481291973827217]}},{"type":"Feature","properties":{"TreeNo":"1315","Plot":"Plot 2"},"geometry":{"type":"Point","coordinates":[77.0796648508293,10.481289826876774]}},{"type":"Feature","properties":{"TreeNo":"1316","Plot":"Plot 2"},"geometry":{"type":"Point","coordinates":[77.07973298850973,10.48128770209663]}},{"type":"Feature","properties":{"TreeNo":"1317","Plot":"Plot 2"},"geometry":{"type":"Point","coordinates":[77.0797942109188,10.481308712726873]}},{"type":"Feature","properties":{"TreeNo":"1318","Plot":"Plot 2"},"geometry":{"type":"Point","coordinates":[77.079768975478,10.481256260034787]}},{"type":"Feature","properties":{"TreeNo":"1319","Plot":"Plot 2"},"geometry":{"type":"Point","coordinates":[77.07972626774992,10.481212877778933]}},{"type":"Feature","properties":{"TreeNo":"1320","Plot":"Plot 2"},"geometry":{"type":"Point","coordinates":[77.07965476106403,10.481218663038591]}},{"type":"Feature","properties":{"TreeNo":"1321","Plot":"Plot 2"},"geometry":{"type":"Point","coordinates":[77.07958351099715,10.481220528265785]}},{"type":"Feature","properties":{"TreeNo":"1322","Plot":"Plot 2"},"geometry":{"type":"Point","coordinates":[77.07950748362909,10.481226902810747]}},{"type":"Feature","properties":{"TreeNo":"1323","Plot":"Plot 2"},"geometry":{"type":"Point","coordinates":[77.0794319526979,10.481222918481203]}},{"type":"Feature","properties":{"TreeNo":"1324","Plot":"Plot 2"},"geometry":{"type":"Point","coordinates":[77.07935588609739,10.481223415737489]}},{"type":"Feature","properties":{"TreeNo":"1325","Plot":"Plot 2"},"geometry":{"type":"Point","coordinates":[77.07928069396635,10.481227825599253]}},{"type":"Feature","properties":{"TreeNo":"1326","Plot":"Plot 2"},"geometry":{"type":"Point","coordinates":[77.07920662359392,10.481230828704032]}},{"type":"Feature","properties":{"TreeNo":"1327","Plot":"Plot 2"},"geometry":{"type":"Point","coordinates":[77.07913283412469,10.481233550074283]}},{"type":"Feature","properties":{"TreeNo":"1328","Plot":"Plot 2"},"geometry":{"type":"Point","coordinates":[77.07905762703828,10.481235720930346]}},{"type":"Feature","properties":{"TreeNo":"1329","Plot":"Plot 2"},"geometry":{"type":"Point","coordinates":[77.0789823994063,10.481234813206928]}},{"type":"Feature","properties":{"TreeNo":"1330","Plot":"Plot 2"},"geometry":{"type":"Point","coordinates":[77.07890439069801,10.481240920678582]}},{"type":"Feature","properties":{"TreeNo":"1331","Plot":"Plot 2"},"geometry":{"type":"Point","coordinates":[77.0788342847616,10.481244737432254]}},{"type":"Feature","properties":{"TreeNo":"1332","Plot":"Plot 2"},"geometry":{"type":"Point","coordinates":[77.0787590589849,10.48124410952556]}},{"type":"Feature","properties":{"TreeNo":"1333","Plot":"Plot 2"},"geometry":{"type":"Point","coordinates":[77.07868357656878,10.481247401619344]}},{"type":"Feature","properties":{"TreeNo":"1334","Plot":"Plot 2"},"geometry":{"type":"Point","coordinates":[77.07861034701745,10.481249279566105]}},{"type":"Feature","properties":{"TreeNo":"1335","Plot":"Plot 2"},"geometry":{"type":"Point","coordinates":[77.07853738530184,10.481248916693646]}},{"type":"Feature","properties":{"TreeNo":"1336","Plot":"Plot 2"},"geometry":{"type":"Point","coordinates":[77.07845596271612,10.481251967668019]}},{"type":"Feature","properties":{"TreeNo":"1337","Plot":"Plot 2"},"geometry":{"type":"Point","coordinates":[77.07838023110804,10.481260299187099]}},{"type":"Feature","properties":{"TreeNo":"1338","Plot":"Plot 2"},"geometry":{"type":"Point","coordinates":[77.0783254537883,10.481230429884281]}},{"type":"Feature","properties":{"TreeNo":"1339","Plot":"Plot 2"},"geometry":{"type":"Point","coordinates":[77.07832212947218,10.481156003104623]}},{"type":"Feature","properties":{"TreeNo":"1340","Plot":"Plot 2"},"geometry":{"type":"Point","coordinates":[77.0783701108284,10.4811845174068]}},{"type":"Feature","properties":{"TreeNo":"1341","Plot":"Plot 2"},"geometry":{"type":"Point","coordinates":[77.07844899962262,10.481183162303006]}},{"type":"Feature","properties":{"TreeNo":"1342","Plot":"Plot 2"},"geometry":{"type":"Point","coordinates":[77.07852165241391,10.481179608875639]}},{"type":"Feature","properties":{"TreeNo":"1343","Plot":"Plot 2"},"geometry":{"type":"Point","coordinates":[77.07859882960938,10.48117602586687]}},{"type":"Feature","properties":{"TreeNo":"1344","Plot":"Plot 2"},"geometry":{"type":"Point","coordinates":[77.07867093924439,10.481175834533508]}},{"type":"Feature","properties":{"TreeNo":"1345","Plot":"Plot 2"},"geometry":{"type":"Point","coordinates":[77.07874586169436,10.481173385749845]}},{"type":"Feature","properties":{"TreeNo":"1346","Plot":"Plot 2"},"geometry":{"type":"Point","coordinates":[77.07882049389535,10.481169819319588]}},{"type":"Feature","properties":{"TreeNo":"1347","Plot":"Plot 2"},"geometry":{"type":"Point","coordinates":[77.078896841417,10.481169040476429]}},{"type":"Feature","properties":{"TreeNo":"1348","Plot":"Plot 2"},"geometry":{"type":"Point","coordinates":[77.0789703369043,10.481164641796047]}},{"type":"Feature","properties":{"TreeNo":"1349","Plot":"Plot 2"},"geometry":{"type":"Point","coordinates":[77.0790509148449,10.481162155978398]}},{"type":"Feature","properties":{"TreeNo":"1350","Plot":"Plot 2"},"geometry":{"type":"Point","coordinates":[77.07912301511892,10.481160565196937]}},{"type":"Feature","properties":{"TreeNo":"1351","Plot":"Plot 2"},"geometry":{"type":"Point","coordinates":[77.07919428013547,10.481160939028891]}},{"type":"Feature","properties":{"TreeNo":"1352","Plot":"Plot 2"},"geometry":{"type":"Point","coordinates":[77.07926581858645,10.481159911650355]}},{"type":"Feature","properties":{"TreeNo":"1353","Plot":"Plot 2"},"geometry":{"type":"Point","coordinates":[77.07934553137346,10.48115491248113]}},{"type":"Feature","properties":{"TreeNo":"1354","Plot":"Plot 2"},"geometry":{"type":"Point","coordinates":[77.07941903803723,10.481152192913967]}},{"type":"Feature","properties":{"TreeNo":"1355","Plot":"Plot 2"},"geometry":{"type":"Point","coordinates":[77.07949367766574,10.481149745804778]}},{"type":"Feature","properties":{"TreeNo":"1356","Plot":"Plot 2"},"geometry":{"type":"Point","coordinates":[77.07956663184468,10.48114898898531]}},{"type":"Feature","properties":{"TreeNo":"1357","Plot":"Plot 2"},"geometry":{"type":"Point","coordinates":[77.07963981649306,10.481140393964296]}},{"type":"Feature","properties":{"TreeNo":"1358","Plot":"Plot 2"},"geometry":{"type":"Point","coordinates":[77.07970120267207,10.48116476212467]}},{"type":"Feature","properties":{"TreeNo":"1359","Plot":"Plot 2"},"geometry":{"type":"Point","coordinates":[77.0796744655911,10.481099164813672]}},{"type":"Feature","properties":{"TreeNo":"1360","Plot":"Plot 2"},"geometry":{"type":"Point","coordinates":[77.07962908200487,10.481073257632413]}},{"type":"Feature","properties":{"TreeNo":"1361","Plot":"Plot 2"},"geometry":{"type":"Point","coordinates":[77.07955512178937,10.481071572077886]}},{"type":"Feature","properties":{"TreeNo":"1362","Plot":"Plot 2"},"geometry":{"type":"Point","coordinates":[77.07948415265854,10.481073155558638]}},{"type":"Feature","properties":{"TreeNo":"1363","Plot":"Plot 2"},"geometry":{"type":"Point","coordinates":[77.0794050035842,10.481077871191976]}},{"type":"Feature","properties":{"TreeNo":"1364","Plot":"Plot 2"},"geometry":{"type":"Point","coordinates":[77.07933234152783,10.481080025468781]}},{"type":"Feature","properties":{"TreeNo":"1365","Plot":"Plot 2"},"geometry":{"type":"Point","coordinates":[77.07925912138681,10.481083302902821]}},{"type":"Feature","properties":{"TreeNo":"1366","Plot":"Plot 2"},"geometry":{"type":"Point","coordinates":[77.0791858769632,10.481082942020299]}},{"type":"Feature","properties":{"TreeNo":"1367","Plot":"Plot 2"},"geometry":{"type":"Point","coordinates":[77.07911152384432,10.48108594694483]}},{"type":"Feature","properties":{"TreeNo":"1368","Plot":"Plot 2"},"geometry":{"type":"Point","coordinates":[77.07903885990349,10.481087821286033]}},{"type":"Feature","properties":{"TreeNo":"1369","Plot":"Plot 2"},"geometry":{"type":"Point","coordinates":[77.07896196553112,10.481091402548378]}},{"type":"Feature","properties":{"TreeNo":"1370","Plot":"Plot 2"},"geometry":{"type":"Point","coordinates":[77.0788811104299,10.481094729796016]}},{"type":"Feature","properties":{"TreeNo":"1371","Plot":"Plot 2"},"geometry":{"type":"Point","coordinates":[77.07881439783026,10.481098524362338]}},{"type":"Feature","properties":{"TreeNo":"1372","Plot":"Plot 2"},"geometry":{"type":"Point","coordinates":[77.07873350537594,10.481096254186886]}},{"type":"Feature","properties":{"TreeNo":"1373","Plot":"Plot 2"},"geometry":{"type":"Point","coordinates":[77.07866224782273,10.48109699972595]}},{"type":"Feature","properties":{"TreeNo":"1374","Plot":"Plot 2"},"geometry":{"type":"Point","coordinates":[77.07858170348214,10.481104523090492]}},{"type":"Feature","properties":{"TreeNo":"1375","Plot":"Plot 2"},"geometry":{"type":"Point","coordinates":[77.07851326807443,10.481104410510587]}},{"type":"Feature","properties":{"TreeNo":"1376","Plot":"Plot 2"},"geometry":{"type":"Point","coordinates":[77.07843524443176,10.481108278907735]}},{"type":"Feature","properties":{"TreeNo":"1377","Plot":"Plot 2"},"geometry":{"type":"Point","coordinates":[77.07835834815205,10.481111580156963]}},{"type":"Feature","properties":{"TreeNo":"1378","Plot":"Plot 2"},"geometry":{"type":"Point","coordinates":[77.07835164172972,10.481038854765618]}},{"type":"Feature","properties":{"TreeNo":"1379","Plot":"Plot 2"},"geometry":{"type":"Point","coordinates":[77.07842516148783,10.481038094517459]}},{"type":"Feature","properties":{"TreeNo":"1380","Plot":"Plot 2"},"geometry":{"type":"Point","coordinates":[77.0785031757792,10.481032826779362]}},{"type":"Feature","properties":{"TreeNo":"1381","Plot":"Plot 2"},"geometry":{"type":"Point","coordinates":[77.07857552522069,10.481026196631475]}},{"type":"Feature","properties":{"TreeNo":"1382","Plot":"Plot 2"},"geometry":{"type":"Point","coordinates":[77.07864988582325,10.481024311311378]}},{"type":"Feature","properties":{"TreeNo":"1383","Plot":"Plot 2"},"geometry":{"type":"Point","coordinates":[77.07872228939881,10.481025797341163]}},{"type":"Feature","properties":{"TreeNo":"1384","Plot":"Plot 2"},"geometry":{"type":"Point","coordinates":[77.07879888979087,10.481020538771547]}},{"type":"Feature","properties":{"TreeNo":"1385","Plot":"Plot 2"},"geometry":{"type":"Point","coordinates":[77.07887240018717,10.48101837907454]}},{"type":"Feature","properties":{"TreeNo":"1386","Plot":"Plot 2"},"geometry":{"type":"Point","coordinates":[77.07895101173935,10.48101786531048]}},{"type":"Feature","properties":{"TreeNo":"1387","Plot":"Plot 2"},"geometry":{"type":"Point","coordinates":[77.07902621130967,10.481014575012534]}},{"type":"Feature","properties":{"TreeNo":"1388","Plot":"Plot 2"},"geometry":{"type":"Point","coordinates":[77.07910086960088,10.481014926693781]}},{"type":"Feature","properties":{"TreeNo":"1389","Plot":"Plot 2"},"geometry":{"type":"Point","coordinates":[77.07917605422199,10.48100939740696]}},{"type":"Feature","properties":{"TreeNo":"1390","Plot":"Plot 2"},"geometry":{"type":"Point","coordinates":[77.0792439128251,10.481007834329521]}},{"type":"Feature","properties":{"TreeNo":"1391","Plot":"Plot 2"},"geometry":{"type":"Point","coordinates":[77.07932534650595,10.481006462382217]}},{"type":"Feature","properties":{"TreeNo":"1392","Plot":"Plot 2"},"geometry":{"type":"Point","coordinates":[77.07939660400775,10.48100571669876]}},{"type":"Feature","properties":{"TreeNo":"1393","Plot":"Plot 2"},"geometry":{"type":"Point","coordinates":[77.07947037099594,10.48099963684788]}},{"type":"Feature","properties":{"TreeNo":"1394","Plot":"Plot 2"},"geometry":{"type":"Point","coordinates":[77.07954335315827,10.481003078078013]}},{"type":"Feature","properties":{"TreeNo":"1395","Plot":"Plot 2"},"geometry":{"type":"Point","coordinates":[77.0796110036831,10.481012711537664]}},{"type":"Feature","properties":{"TreeNo":"1396","Plot":"Plot 2"},"geometry":{"type":"Point","coordinates":[77.07958758766426,10.480957448111683]}},{"type":"Feature","properties":{"TreeNo":"1397","Plot":"Plot 2"},"geometry":{"type":"Point","coordinates":[77.07953165307852,10.48092366825448]}},{"type":"Feature","properties":{"TreeNo":"1398","Plot":"Plot 2"},"geometry":{"type":"Point","coordinates":[77.07945943016914,10.480928058733836]}},{"type":"Feature","properties":{"TreeNo":"1399","Plot":"Plot 2"},"geometry":{"type":"Point","coordinates":[77.07938452275776,10.480932746626912]}},{"type":"Feature","properties":{"TreeNo":"1400","Plot":"Plot 2"},"geometry":{"type":"Point","coordinates":[77.0793078888077,10.480932967685867]}},{"type":"Feature","properties":{"TreeNo":"1401","Plot":"Plot 2"},"geometry":{"type":"Point","coordinates":[77.07923862381782,10.480935659492413]}},{"type":"Feature","properties":{"TreeNo":"1402","Plot":"Plot 2"},"geometry":{"type":"Point","coordinates":[77.07915946169004,10.480938415973991]}},{"type":"Feature","properties":{"TreeNo":"1403","Plot":"Plot 2"},"geometry":{"type":"Point","coordinates":[77.07908454678822,10.480941984320706]}},{"type":"Feature","properties":{"TreeNo":"1404","Plot":"Plot 2"},"geometry":{"type":"Point","coordinates":[77.07901186980808,10.4809418995645]}},{"type":"Feature","properties":{"TreeNo":"1405","Plot":"Plot 2"},"geometry":{"type":"Point","coordinates":[77.07893527131603,10.480947438050341]}},{"type":"Feature","properties":{"TreeNo":"1406","Plot":"Plot 2"},"geometry":{"type":"Point","coordinates":[77.07886317481625,10.48094958851852]}},{"type":"Feature","properties":{"TreeNo":"1407","Plot":"Plot 2"},"geometry":{"type":"Point","coordinates":[77.07878962522568,10.480945870954944]}},{"type":"Feature","properties":{"TreeNo":"1408","Plot":"Plot 2"},"geometry":{"type":"Point","coordinates":[77.07871500614561,10.480951396452975]}},{"type":"Feature","properties":{"TreeNo":"1409","Plot":"Plot 2"},"geometry":{"type":"Point","coordinates":[77.07863755183786,10.480955820934863]}},{"type":"Feature","properties":{"TreeNo":"1410","Plot":"Plot 2"},"geometry":{"type":"Point","coordinates":[77.0785632043195,10.480959665334353]}},{"type":"Feature","properties":{"TreeNo":"1411","Plot":"Plot 2"},"geometry":{"type":"Point","coordinates":[77.07848627821367,10.48095848869756]}},{"type":"Feature","properties":{"TreeNo":"1412","Plot":"Plot 2"},"geometry":{"type":"Point","coordinates":[77.07842068925622,10.480961156308382]}},{"type":"Feature","properties":{"TreeNo":"1413","Plot":"Plot 2"},"geometry":{"type":"Point","coordinates":[77.07834154574225,10.480966711282685]}},{"type":"Feature","properties":{"TreeNo":"1414","Plot":"Plot 2"},"geometry":{"type":"Point","coordinates":[77.07833792559506,10.480890327264094]}},{"type":"Feature","properties":{"TreeNo":"1415","Plot":"Plot 2"},"geometry":{"type":"Point","coordinates":[77.07840351454178,10.480887659673067]}},{"type":"Feature","properties":{"TreeNo":"1416","Plot":"Plot 2"},"geometry":{"type":"Point","coordinates":[77.07847815229513,10.480884932943614]}},{"type":"Feature","properties":{"TreeNo":"1417","Plot":"Plot 2"},"geometry":{"type":"Point","coordinates":[77.07855561779685,10.480882187719573]}},{"type":"Feature","properties":{"TreeNo":"1418","Plot":"Plot 2"},"geometry":{"type":"Point","coordinates":[77.07862746139331,10.480884517080858]}},{"type":"Feature","properties":{"TreeNo":"1419","Plot":"Plot 2"},"geometry":{"type":"Point","coordinates":[77.07869809920473,10.480875659044333]}},{"type":"Feature","properties":{"TreeNo":"1420","Plot":"Plot 2"},"geometry":{"type":"Point","coordinates":[77.07878066211485,10.480873999982018]}},{"type":"Feature","properties":{"TreeNo":"1421","Plot":"Plot 2"},"geometry":{"type":"Point","coordinates":[77.07884908625763,10.480872433298288]}},{"type":"Feature","properties":{"TreeNo":"1422","Plot":"Plot 2"},"geometry":{"type":"Point","coordinates":[77.07892769777418,10.480871919547054]}},{"type":"Feature","properties":{"TreeNo":"1423","Plot":"Plot 2"},"geometry":{"type":"Point","coordinates":[77.07900346659594,10.480869185303595]}},{"type":"Feature","properties":{"TreeNo":"1424","Plot":"Plot 2"},"geometry":{"type":"Point","coordinates":[77.07907415666352,10.480868163525312]}},{"type":"Feature","properties":{"TreeNo":"1425","Plot":"Plot 2"},"geometry":{"type":"Point","coordinates":[77.07914850413053,10.48086431901168]}},{"type":"Feature","properties":{"TreeNo":"1426","Plot":"Plot 2"},"geometry":{"type":"Point","coordinates":[77.0792242841433,10.480863263931667]}},{"type":"Feature","properties":{"TreeNo":"1427","Plot":"Plot 2"},"geometry":{"type":"Point","coordinates":[77.07930119898778,10.480862761178548]}},{"type":"Feature","properties":{"TreeNo":"1428","Plot":"Plot 2"},"geometry":{"type":"Point","coordinates":[77.07937214753568,10.480858099186456]}},{"type":"Feature","properties":{"TreeNo":"1429","Plot":"Plot 2"},"geometry":{"type":"Point","coordinates":[77.079454468718,10.480862598921226]}},{"type":"Feature","properties":{"TreeNo":"1430","Plot":"Plot 2"},"geometry":{"type":"Point","coordinates":[77.07952322789949,10.480868866581831]}},{"type":"Feature","properties":{"TreeNo":"1431","Plot":"Plot 2"},"geometry":{"type":"Point","coordinates":[77.07949529628706,10.480793761084758]}},{"type":"Feature","properties":{"TreeNo":"1432","Plot":"Plot 2"},"geometry":{"type":"Point","coordinates":[77.07943640063067,10.480782391072085]}},{"type":"Feature","properties":{"TreeNo":"1433","Plot":"Plot 2"},"geometry":{"type":"Point","coordinates":[77.07936066173586,10.480789603321242]}},{"type":"Feature","properties":{"TreeNo":"1434","Plot":"Plot 2"},"geometry":{"type":"Point","coordinates":[77.07928428631676,10.480786184219495]}},{"type":"Feature","properties":{"TreeNo":"1435","Plot":"Plot 2"},"geometry":{"type":"Point","coordinates":[77.07920964863106,10.480788911132375]}},{"type":"Feature","properties":{"TreeNo":"1436","Plot":"Plot 2"},"geometry":{"type":"Point","coordinates":[77.07913390971888,10.480796123328801]}},{"type":"Feature","properties":{"TreeNo":"1437","Plot":"Plot 2"},"geometry":{"type":"Point","coordinates":[77.07906657935959,10.480792085292558]}},{"type":"Feature","properties":{"TreeNo":"1438","Plot":"Plot 2"},"geometry":{"type":"Point","coordinates":[77.07898231236715,10.480792636036194]}},{"type":"Feature","properties":{"TreeNo":"1439","Plot":"Plot 2"},"geometry":{"type":"Point","coordinates":[77.07890936757993,10.480794792052214]}},{"type":"Feature","properties":{"TreeNo":"1440","Plot":"Plot 2"},"geometry":{"type":"Point","coordinates":[77.07884095839425,10.48079859769996]}},{"type":"Feature","properties":{"TreeNo":"1441","Plot":"Plot 2"},"geometry":{"type":"Point","coordinates":[77.07876816152073,10.480801732302625]}},{"type":"Feature","properties":{"TreeNo":"1442","Plot":"Plot 2"},"geometry":{"type":"Point","coordinates":[77.07869252382118,10.480802926282049]}},{"type":"Feature","properties":{"TreeNo":"1443","Plot":"Plot 2"},"geometry":{"type":"Point","coordinates":[77.07861577181922,10.480806646458703]}},{"type":"Feature","properties":{"TreeNo":"1444","Plot":"Plot 2"},"geometry":{"type":"Point","coordinates":[77.07854211260404,10.480807687533588]}},{"type":"Feature","properties":{"TreeNo":"1445","Plot":"Plot 2"},"geometry":{"type":"Point","coordinates":[77.07847171183437,10.480809686886367]}},{"type":"Feature","properties":{"TreeNo":"1446","Plot":"Plot 2"},"geometry":{"type":"Point","coordinates":[77.07839057213403,10.480812735974498]}},{"type":"Feature","properties":{"TreeNo":"1447","Plot":"Plot 2"},"geometry":{"type":"Point","coordinates":[77.07832499066913,10.480816523037404]}},{"type":"Feature","properties":{"TreeNo":"1448","Plot":"Plot 2"},"geometry":{"type":"Point","coordinates":[77.07833384064506,10.480744255767437]}},{"type":"Feature","properties":{"TreeNo":"1449","Plot":"Plot 2"},"geometry":{"type":"Point","coordinates":[77.07839802688588,10.480743276637229]}},{"type":"Feature","properties":{"TreeNo":"1450","Plot":"Plot 2"},"geometry":{"type":"Point","coordinates":[77.07846021502934,10.480739511733852]}},{"type":"Feature","properties":{"TreeNo":"1451","Plot":"Plot 2"},"geometry":{"type":"Point","coordinates":[77.07853175715228,10.480739044277344]}},{"type":"Feature","properties":{"TreeNo":"1452","Plot":"Plot 2"},"geometry":{"type":"Point","coordinates":[77.07861090806426,10.480734608744712]}},{"type":"Feature","properties":{"TreeNo":"1453","Plot":"Plot 2"},"geometry":{"type":"Point","coordinates":[77.07868328170164,10.480731616887159]}},{"type":"Feature","properties":{"TreeNo":"1454","Plot":"Plot 2"},"geometry":{"type":"Point","coordinates":[77.07875652233051,10.480731418162861]}},{"type":"Feature","properties":{"TreeNo":"1455","Plot":"Plot 2"},"geometry":{"type":"Point","coordinates":[77.0788339859114,10.480728393009452]}},{"type":"Feature","properties":{"TreeNo":"1456","Plot":"Plot 2"},"geometry":{"type":"Point","coordinates":[77.07890581452428,10.480728483359963]}},{"type":"Feature","properties":{"TreeNo":"1457","Plot":"Plot 2"},"geometry":{"type":"Point","coordinates":[77.0789801657026,10.480725198630237]}},{"type":"Feature","properties":{"TreeNo":"1458","Plot":"Plot 2"},"geometry":{"type":"Point","coordinates":[77.07905478844701,10.480720232819706]}},{"type":"Feature","properties":{"TreeNo":"1459","Plot":"Plot 2"},"geometry":{"type":"Point","coordinates":[77.07912916389122,10.480720586355998]}},{"type":"Feature","properties":{"TreeNo":"1460","Plot":"Plot 2"},"geometry":{"type":"Point","coordinates":[77.07920266299502,10.480716747381202]}},{"type":"Feature","properties":{"TreeNo":"1461","Plot":"Plot 2"},"geometry":{"type":"Point","coordinates":[77.07927842616142,10.480713173472221]}},{"type":"Feature","properties":{"TreeNo":"1462","Plot":"Plot 2"},"geometry":{"type":"Point","coordinates":[77.07934657867607,10.480713287752236]}},{"type":"Feature","properties":{"TreeNo":"1463","Plot":"Plot 2"},"geometry":{"type":"Point","coordinates":[77.07942288497128,10.480706351682159]}},{"type":"Feature","properties":{"TreeNo":"1464","Plot":"Plot 2"},"geometry":{"type":"Point","coordinates":[77.07947885312429,10.480745169213996]}},{"type":"Feature","properties":{"TreeNo":"1465","Plot":"Plot 2"},"geometry":{"type":"Point","coordinates":[77.0794147887367,10.480637273899431]}},{"type":"Feature","properties":{"TreeNo":"1466","Plot":"Plot 2"},"geometry":{"type":"Point","coordinates":[77.07934151454371,10.480632435125308]}},{"type":"Feature","properties":{"TreeNo":"1467","Plot":"Plot 2"},"geometry":{"type":"Point","coordinates":[77.07926659038777,10.480634604154357]}},{"type":"Feature","properties":{"TreeNo":"1468","Plot":"Plot 2"},"geometry":{"type":"Point","coordinates":[77.07919000319146,10.48064182190172]}},{"type":"Feature","properties":{"TreeNo":"1469","Plot":"Plot 2"},"geometry":{"type":"Point","coordinates":[77.07911450974049,10.48064343485356]}},{"type":"Feature","properties":{"TreeNo":"1470","Plot":"Plot 2"},"geometry":{"type":"Point","coordinates":[77.07904635349684,10.48064276078231]}},{"type":"Feature","properties":{"TreeNo":"1471","Plot":"Plot 2"},"geometry":{"type":"Point","coordinates":[77.07896693666558,10.480649717089273]}},{"type":"Feature","properties":{"TreeNo":"1472","Plot":"Plot 2"},"geometry":{"type":"Point","coordinates":[77.07889400311393,10.480653552311113]}},{"type":"Feature","properties":{"TreeNo":"1473","Plot":"Plot 2"},"geometry":{"type":"Point","coordinates":[77.0788179142209,10.480650690980491]}},{"type":"Feature","properties":{"TreeNo":"1474","Plot":"Plot 2"},"geometry":{"type":"Point","coordinates":[77.0787424319508,10.480653983060632]}},{"type":"Feature","properties":{"TreeNo":"1475","Plot":"Plot 2"},"geometry":{"type":"Point","coordinates":[77.0786700620685,10.480657534666754]}},{"type":"Feature","properties":{"TreeNo":"1476","Plot":"Plot 2"},"geometry":{"type":"Point","coordinates":[77.07859485136193,10.480659145648618]}},{"type":"Feature","properties":{"TreeNo":"1477","Plot":"Plot 2"},"geometry":{"type":"Point","coordinates":[77.07852218562712,10.480660739983865]}},{"type":"Feature","properties":{"TreeNo":"1478","Plot":"Plot 2"},"geometry":{"type":"Point","coordinates":[77.07844811534656,10.480663742887481]}},{"type":"Feature","properties":{"TreeNo":"1479","Plot":"Plot 2"},"geometry":{"type":"Point","coordinates":[77.07837432970308,10.480667023795958]}},{"type":"Feature","properties":{"TreeNo":"1480","Plot":"Plot 2"},"geometry":{"type":"Point","coordinates":[77.07832380345948,10.48063852610568]}},{"type":"Feature","properties":{"TreeNo":"1481","Plot":"Plot 2"},"geometry":{"type":"Point","coordinates":[77.07836110454662,10.48059210193963]}},{"type":"Feature","properties":{"TreeNo":"1482","Plot":"Plot 2"},"geometry":{"type":"Point","coordinates":[77.07843323832496,10.480595548987969]}},{"type":"Feature","properties":{"TreeNo":"1483","Plot":"Plot 2"},"geometry":{"type":"Point","coordinates":[77.0785115166132,10.48058748072783]}},{"type":"Feature","properties":{"TreeNo":"1484","Plot":"Plot 2"},"geometry":{"type":"Point","coordinates":[77.0785864669345,10.480589230048775]}},{"type":"Feature","properties":{"TreeNo":"1485","Plot":"Plot 2"},"geometry":{"type":"Point","coordinates":[77.07866306162843,10.480583131923941]}},{"type":"Feature","properties":{"TreeNo":"1486","Plot":"Plot 2"},"geometry":{"type":"Point","coordinates":[77.0787348976834,10.480584341796797]}},{"type":"Feature","properties":{"TreeNo":"1487","Plot":"Plot 2"},"geometry":{"type":"Point","coordinates":[77.07880699970694,10.480583030981654]}},{"type":"Feature","properties":{"TreeNo":"1488","Plot":"Plot 2"},"geometry":{"type":"Point","coordinates":[77.07887965420656,10.480579757369284]}},{"type":"Feature","properties":{"TreeNo":"1489","Plot":"Plot 2"},"geometry":{"type":"Point","coordinates":[77.07895597543977,10.480575060369777]}},{"type":"Feature","properties":{"TreeNo":"1490","Plot":"Plot 2"},"geometry":{"type":"Point","coordinates":[77.0790317479228,10.480572885871977]}},{"type":"Feature","properties":{"TreeNo":"1491","Plot":"Plot 2"},"geometry":{"type":"Point","coordinates":[77.07910271509485,10.480571022644392]}},{"type":"Feature","properties":{"TreeNo":"1492","Plot":"Plot 2"},"geometry":{"type":"Point","coordinates":[77.07918016927913,10.48056659806869]}},{"type":"Feature","properties":{"TreeNo":"1493","Plot":"Plot 2"},"geometry":{"type":"Point","coordinates":[77.07925480317854,10.480563311434425]}},{"type":"Feature","properties":{"TreeNo":"1494","Plot":"Plot 2"},"geometry":{"type":"Point","coordinates":[77.07932973105318,10.480561702149854]}},{"type":"Feature","properties":{"TreeNo":"1495","Plot":"Plot 2"},"geometry":{"type":"Point","coordinates":[77.07940325625496,10.480561781305115]}},{"type":"Feature","properties":{"TreeNo":"1496","Plot":"Plot 2"},"geometry":{"type":"Point","coordinates":[77.0793784987322,10.480496171005976]}},{"type":"Feature","properties":{"TreeNo":"1497","Plot":"Plot 2"},"geometry":{"type":"Point","coordinates":[77.07932052242492,10.480495430445012]}},{"type":"Feature","properties":{"TreeNo":"1498","Plot":"Plot 2"},"geometry":{"type":"Point","coordinates":[77.0792396208124,10.480491761022778]}},{"type":"Feature","properties":{"TreeNo":"1499","Plot":"Plot 2"},"geometry":{"type":"Point","coordinates":[77.07916780347321,10.480493349952692]}},{"type":"Feature","properties":{"TreeNo":"1500","Plot":"Plot 2"},"geometry":{"type":"Point","coordinates":[77.07909852176718,10.480493522886933]}},{"type":"Feature","properties":{"TreeNo":"1501","Plot":"Plot 2"},"geometry":{"type":"Point","coordinates":[77.07902333913117,10.4804993320012]}},{"type":"Feature","properties":{"TreeNo":"1502","Plot":"Plot 2"},"geometry":{"type":"Point","coordinates":[77.07894726148419,10.480498149910204]}},{"type":"Feature","properties":{"TreeNo":"1503","Plot":"Plot 2"},"geometry":{"type":"Point","coordinates":[77.07887149274896,10.480500884123083]}},{"type":"Feature","properties":{"TreeNo":"1504","Plot":"Plot 2"},"geometry":{"type":"Point","coordinates":[77.07880254234718,10.480508331747213]}},{"type":"Feature","properties":{"TreeNo":"1505","Plot":"Plot 2"},"geometry":{"type":"Point","coordinates":[77.07872336163216,10.480508289406911]}},{"type":"Feature","properties":{"TreeNo":"1506","Plot":"Plot 2"},"geometry":{"type":"Point","coordinates":[77.0786495965769,10.480514648934378]}},{"type":"Feature","properties":{"TreeNo":"1507","Plot":"Plot 2"},"geometry":{"type":"Point","coordinates":[77.07857295522699,10.480513750319083]}},{"type":"Feature","properties":{"TreeNo":"1508","Plot":"Plot 2"},"geometry":{"type":"Point","coordinates":[77.07849662838443,10.480517607616775]}},{"type":"Feature","properties":{"TreeNo":"1509","Plot":"Plot 2"},"geometry":{"type":"Point","coordinates":[77.07842055444374,10.480516985138934]}},{"type":"Feature","properties":{"TreeNo":"1510","Plot":"Plot 2"},"geometry":{"type":"Point","coordinates":[77.07834903663331,10.480521090862712]}},{"type":"Feature","properties":{"TreeNo":"1511","Plot":"Plot 2"},"geometry":{"type":"Point","coordinates":[77.07833863737869,10.480445870658324]}},{"type":"Feature","properties":{"TreeNo":"1512","Plot":"Plot 2"},"geometry":{"type":"Point","coordinates":[77.07841387044769,10.480447618179246]}},{"type":"Feature","properties":{"TreeNo":"1513","Plot":"Plot 2"},"geometry":{"type":"Point","coordinates":[77.07849529096033,10.480444287386439]}},{"type":"Feature","properties":{"TreeNo":"1514","Plot":"Plot 2"},"geometry":{"type":"Point","coordinates":[77.07856541353887,10.480442989565327]}},{"type":"Feature","properties":{"TreeNo":"1515","Plot":"Plot 2"},"geometry":{"type":"Point","coordinates":[77.07863635643481,10.480437488145595]}},{"type":"Feature","properties":{"TreeNo":"1516","Plot":"Plot 2"},"geometry":{"type":"Point","coordinates":[77.07871551846627,10.480434731817786]}},{"type":"Feature","properties":{"TreeNo":"1517","Plot":"Plot 2"},"geometry":{"type":"Point","coordinates":[77.07878280954952,10.480432892688624]}},{"type":"Feature","properties":{"TreeNo":"1518","Plot":"Plot 2"},"geometry":{"type":"Point","coordinates":[77.07886169066362,10.480430418042031]}},{"type":"Feature","properties":{"TreeNo":"1519","Plot":"Plot 2"},"geometry":{"type":"Point","coordinates":[77.07893493868221,10.480431338767385]}},{"type":"Feature","properties":{"TreeNo":"1520","Plot":"Plot 2"},"geometry":{"type":"Point","coordinates":[77.07900956882888,10.480427492457862]}},{"type":"Feature","properties":{"TreeNo":"1521","Plot":"Plot 2"},"geometry":{"type":"Point","coordinates":[77.07908338239012,10.480428409452944]}},{"type":"Feature","properties":{"TreeNo":"1522","Plot":"Plot 2"},"geometry":{"type":"Point","coordinates":[77.07915884031065,10.480421479002786]}},{"type":"Feature","properties":{"TreeNo":"1523","Plot":"Plot 2"},"geometry":{"type":"Point","coordinates":[77.07923178313052,10.48041904307735]}},{"type":"Feature","properties":{"TreeNo":"1524","Plot":"Plot 2"},"geometry":{"type":"Point","coordinates":[77.07930274465522,10.480416340204387]}},{"type":"Feature","properties":{"TreeNo":"1525","Plot":"Plot 2"},"geometry":{"type":"Point","coordinates":[77.0793715597668,10.480431003993724]}},{"type":"Feature","properties":{"TreeNo":"1526","Plot":"Plot 2"},"geometry":{"type":"Point","coordinates":[77.07935077605208,10.48036760676518]}},{"type":"Feature","properties":{"TreeNo":"1527","Plot":"Plot 2"},"geometry":{"type":"Point","coordinates":[77.07929714488444,10.480339969176399]}},{"type":"Feature","properties":{"TreeNo":"1528","Plot":"Plot 2"},"geometry":{"type":"Point","coordinates":[77.07922026564964,10.48034578941925]}},{"type":"Feature","properties":{"TreeNo":"1529","Plot":"Plot 2"},"geometry":{"type":"Point","coordinates":[77.07914844274096,10.480346538730617]}},{"type":"Feature","properties":{"TreeNo":"1530","Plot":"Plot 2"},"geometry":{"type":"Point","coordinates":[77.07907439497666,10.480352900195873]}},{"type":"Feature","properties":{"TreeNo":"1531","Plot":"Plot 2"},"geometry":{"type":"Point","coordinates":[77.07899860014253,10.48035171626222]}},{"type":"Feature","properties":{"TreeNo":"1532","Plot":"Plot 2"},"geometry":{"type":"Point","coordinates":[77.07892029767555,10.48035614632786]}},{"type":"Feature","properties":{"TreeNo":"1533","Plot":"Plot 2"},"geometry":{"type":"Point","coordinates":[77.07884707768034,10.480359423635267]}},{"type":"Feature","properties":{"TreeNo":"1534","Plot":"Plot 2"},"geometry":{"type":"Point","coordinates":[77.07878092144915,10.480361815122185]}},{"type":"Feature","properties":{"TreeNo":"1535","Plot":"Plot 2"},"geometry":{"type":"Point","coordinates":[77.07870200300866,10.480358692358958]}},{"type":"Feature","properties":{"TreeNo":"1536","Plot":"Plot 2"},"geometry":{"type":"Point","coordinates":[77.07861946636655,10.48036426954555]}},{"type":"Feature","properties":{"TreeNo":"1537","Plot":"Plot 2"},"geometry":{"type":"Point","coordinates":[77.07854989629021,10.480363604594384]}},{"type":"Feature","properties":{"TreeNo":"1538","Plot":"Plot 2"},"geometry":{"type":"Point","coordinates":[77.0784747416507,10.480373611615397]}},{"type":"Feature","properties":{"TreeNo":"1539","Plot":"Plot 2"},"geometry":{"type":"Point","coordinates":[77.0784040348668,10.480372114414786]}},{"type":"Feature","properties":{"TreeNo":"1540","Plot":"Plot 2"},"geometry":{"type":"Point","coordinates":[77.07832712569923,10.48037345653601]}},{"type":"Feature","properties":{"TreeNo":"1541","Plot":"Plot 2"},"geometry":{"type":"Point","coordinates":[77.07832043426656,10.480302970091596]}},{"type":"Feature","properties":{"TreeNo":"1542","Plot":"Plot 2"},"geometry":{"type":"Point","coordinates":[77.07838834502304,10.480309243568293]}},{"type":"Feature","properties":{"TreeNo":"1543","Plot":"Plot 2"},"geometry":{"type":"Point","coordinates":[77.07844349357858,10.480310002781716]}},{"type":"Feature","properties":{"TreeNo":"1544","Plot":"Plot 2"},"geometry":{"type":"Point","coordinates":[77.07850766292455,10.480306504822309]}},{"type":"Feature","properties":{"TreeNo":"1545","Plot":"Plot 2"},"geometry":{"type":"Point","coordinates":[77.07857271046012,10.480307479216924]}},{"type":"Feature","properties":{"TreeNo":"1546","Plot":"Plot 2"},"geometry":{"type":"Point","coordinates":[77.07865583690985,10.480305536651136]}},{"type":"Feature","properties":{"TreeNo":"1547","Plot":"Plot 2"},"geometry":{"type":"Point","coordinates":[77.07873779678276,10.480298283937836]}},{"type":"Feature","properties":{"TreeNo":"1548","Plot":"Plot 2"},"geometry":{"type":"Point","coordinates":[77.07881696624138,10.480296647068945]}},{"type":"Feature","properties":{"TreeNo":"1549","Plot":"Plot 2"},"geometry":{"type":"Point","coordinates":[77.07889161129987,10.480295039747372]}},{"type":"Feature","properties":{"TreeNo":"1550","Plot":"Plot 2"},"geometry":{"type":"Point","coordinates":[77.07898399087085,10.480281281605265]}},{"type":"Feature","properties":{"TreeNo":"1551","Plot":"Plot 2"},"geometry":{"type":"Point","coordinates":[77.07905835314244,10.480279676093414]}},{"type":"Feature","properties":{"TreeNo":"1552","Plot":"Plot 2"},"geometry":{"type":"Point","coordinates":[77.07913439338454,10.480275260782946]}},{"type":"Feature","properties":{"TreeNo":"1553","Plot":"Plot 2"},"geometry":{"type":"Point","coordinates":[77.07921101971155,10.480273920319913]}},{"type":"Feature","properties":{"TreeNo":"1554","Plot":"Plot 2"},"geometry":{"type":"Point","coordinates":[77.07928395128955,10.480269805173846]}},{"type":"Feature","properties":{"TreeNo":"1555","Plot":"Plot 2"},"geometry":{"type":"Point","coordinates":[77.07933308792911,10.480301950248155]}},{"type":"Feature","properties":{"TreeNo":"1556","Plot":"Plot 2"},"geometry":{"type":"Point","coordinates":[77.07931901986119,10.480227873623978]}},{"type":"Feature","properties":{"TreeNo":"1557","Plot":"Plot 2"},"geometry":{"type":"Point","coordinates":[77.07927126536225,10.480190961526688]}},{"type":"Feature","properties":{"TreeNo":"1558","Plot":"Plot 2"},"geometry":{"type":"Point","coordinates":[77.0791988993509,10.480195072969986]}},{"type":"Feature","properties":{"TreeNo":"1559","Plot":"Plot 2"},"geometry":{"type":"Point","coordinates":[77.07912427300504,10.480199479051384]}},{"type":"Feature","properties":{"TreeNo":"1560","Plot":"Plot 2"},"geometry":{"type":"Point","coordinates":[77.07905274410359,10.480201905702184]}},{"type":"Feature","properties":{"TreeNo":"1561","Plot":"Plot 2"},"geometry":{"type":"Point","coordinates":[77.07897840985783,10.480207709248399]}},{"type":"Feature","properties":{"TreeNo":"1562","Plot":"Plot 2"},"geometry":{"type":"Point","coordinates":[77.07890009622277,10.48021046008643]}},{"type":"Feature","properties":{"TreeNo":"1563","Plot":"Plot 2"},"geometry":{"type":"Point","coordinates":[77.07882799055565,10.480211211167465]}},{"type":"Feature","properties":{"TreeNo":"1564","Plot":"Plot 2"},"geometry":{"type":"Point","coordinates":[77.07874827050568,10.480215090685085]}},{"type":"Feature","properties":{"TreeNo":"1565","Plot":"Plot 2"},"geometry":{"type":"Point","coordinates":[77.07867421714494,10.480220612444723]}},{"type":"Feature","properties":{"TreeNo":"1566","Plot":"Plot 2"},"geometry":{"type":"Point","coordinates":[77.07860294858796,10.480219678716006]}},{"type":"Feature","properties":{"TreeNo":"1567","Plot":"Plot 2"},"geometry":{"type":"Point","coordinates":[77.07853281672745,10.480219577188924]}},{"type":"Feature","properties":{"TreeNo":"1568","Plot":"Plot 2"},"geometry":{"type":"Point","coordinates":[77.07846099194902,10.480220046470308]}},{"type":"Feature","properties":{"TreeNo":"1569","Plot":"Plot 2"},"geometry":{"type":"Point","coordinates":[77.07838354713863,10.480225870203201]}},{"type":"Feature","properties":{"TreeNo":"1570","Plot":"Plot 2"},"geometry":{"type":"Point","coordinates":[77.07832188917705,10.480224313858788]}},{"type":"Feature","properties":{"TreeNo":"1572","Plot":"Plot 2"},"geometry":{"type":"Point","coordinates":[77.07844753070496,10.480152123197936]}},{"type":"Feature","properties":{"TreeNo":"1573","Plot":"Plot 2"},"geometry":{"type":"Point","coordinates":[77.0785193424011,10.480149694837042]}},{"type":"Feature","properties":{"TreeNo":"1574","Plot":"Plot 2"},"geometry":{"type":"Point","coordinates":[77.07859257543339,10.480148376699361]}},{"type":"Feature","properties":{"TreeNo":"1575","Plot":"Plot 2"},"geometry":{"type":"Point","coordinates":[77.07866717939653,10.480140612311628]}},{"type":"Feature","properties":{"TreeNo":"1576","Plot":"Plot 2"},"geometry":{"type":"Point","coordinates":[77.07874410342481,10.480141509074024]}},{"type":"Feature","properties":{"TreeNo":"1577","Plot":"Plot 2"},"geometry":{"type":"Point","coordinates":[77.07881592630517,10.48014075986291]}},{"type":"Feature","properties":{"TreeNo":"1578","Plot":"Plot 2"},"geometry":{"type":"Point","coordinates":[77.0788930976268,10.48013633722465]}},{"type":"Feature","properties":{"TreeNo":"1579","Plot":"Plot 2"},"geometry":{"type":"Point","coordinates":[77.07896208901914,10.480135046721236]}},{"type":"Feature","properties":{"TreeNo":"1580","Plot":"Plot 2"},"geometry":{"type":"Point","coordinates":[77.07904068727356,10.48013257389291]}},{"type":"Feature","properties":{"TreeNo":"1581","Plot":"Plot 2"},"geometry":{"type":"Point","coordinates":[77.0791127779743,10.48012958381314]}},{"type":"Feature","properties":{"TreeNo":"1582","Plot":"Plot 2"},"geometry":{"type":"Point","coordinates":[77.07918544355618,10.480127989367194]}},{"type":"Feature","properties":{"TreeNo":"1583","Plot":"Plot 2"},"geometry":{"type":"Point","coordinates":[77.0792631972076,10.48012608176747]}},{"type":"Feature","properties":{"TreeNo":"1584","Plot":"Plot 2"},"geometry":{"type":"Point","coordinates":[77.0793069442971,10.480155743144243]}},{"type":"Feature","properties":{"TreeNo":"1585","Plot":"Plot 2"},"geometry":{"type":"Point","coordinates":[77.07929204846701,10.480084750622071]}},{"type":"Feature","properties":{"TreeNo":"1586","Plot":"Plot 2"},"geometry":{"type":"Point","coordinates":[77.07925278469811,10.48004890254646]}},{"type":"Feature","properties":{"TreeNo":"1587","Plot":"Plot 2"},"geometry":{"type":"Point","coordinates":[77.0791772951282,10.480051075224102]}},{"type":"Feature","properties":{"TreeNo":"1588","Plot":"Plot 2"},"geometry":{"type":"Point","coordinates":[77.07910321569149,10.480052678905125]}},{"type":"Feature","properties":{"TreeNo":"1589","Plot":"Plot 2"},"geometry":{"type":"Point","coordinates":[77.07903140591519,10.480055387262054]}},{"type":"Feature","properties":{"TreeNo":"1590","Plot":"Plot 2"},"geometry":{"type":"Point","coordinates":[77.07895340683682,10.480062894035692]}},{"type":"Feature","properties":{"TreeNo":"1591","Plot":"Plot 2"},"geometry":{"type":"Point","coordinates":[77.07888157651257,10.480062523797153]}},{"type":"Feature","properties":{"TreeNo":"1592","Plot":"Plot 2"},"geometry":{"type":"Point","coordinates":[77.07880807194213,10.48006552306102]}},{"type":"Feature","properties":{"TreeNo":"1593","Plot":"Plot 2"},"geometry":{"type":"Point","coordinates":[77.07873823223434,10.48006681907143]}},{"type":"Feature","properties":{"TreeNo":"1594","Plot":"Plot 2"},"geometry":{"type":"Point","coordinates":[77.0786607632107,10.48006900456218]}},{"type":"Feature","properties":{"TreeNo":"1595","Plot":"Plot 2"},"geometry":{"type":"Point","coordinates":[77.07857963118043,10.480073173138726]}},{"type":"Feature","properties":{"TreeNo":"1596","Plot":"Plot 2"},"geometry":{"type":"Point","coordinates":[77.07851067525178,10.480079781074787]}},{"type":"Feature","properties":{"TreeNo":"1597","Plot":"Plot 2"},"geometry":{"type":"Point","coordinates":[77.0784385658633,10.480079972323091]}},{"type":"Feature","properties":{"TreeNo":"1598","Plot":"Plot 2"},"geometry":{"type":"Point","coordinates":[77.07833016939712,10.480087817486103]}},{"type":"Feature","properties":{"TreeNo":"1599","Plot":"Plot 2"},"geometry":{"type":"Point","coordinates":[77.07833594059562,10.480020328318181]}},{"type":"Feature","properties":{"TreeNo":"1600","Plot":"Plot 2"},"geometry":{"type":"Point","coordinates":[77.07842122184735,10.480002278559391]}},{"type":"Feature","properties":{"TreeNo":"1601","Plot":"Plot 2"},"geometry":{"type":"Point","coordinates":[77.07849657379212,10.480000666725072]}},{"type":"Feature","properties":{"TreeNo":"1602","Plot":"Plot 2"},"geometry":{"type":"Point","coordinates":[77.07857534142795,10.4800023911342]}},{"type":"Feature","properties":{"TreeNo":"1603","Plot":"Plot 2"},"geometry":{"type":"Point","coordinates":[77.07864362306907,10.480000685520316]}},{"type":"Feature","properties":{"TreeNo":"1604","Plot":"Plot 2"},"geometry":{"type":"Point","coordinates":[77.07872364358121,10.479999462950099]}},{"type":"Feature","properties":{"TreeNo":"1605","Plot":"Plot 2"},"geometry":{"type":"Point","coordinates":[77.07879712387016,10.479992825407448]}},{"type":"Feature","properties":{"TreeNo":"1606","Plot":"Plot 2"},"geometry":{"type":"Point","coordinates":[77.07887343936522,10.479987288847061]}},{"type":"Feature","properties":{"TreeNo":"1607","Plot":"Plot 2"},"geometry":{"type":"Point","coordinates":[77.07894441948208,10.47998738476525]}},{"type":"Feature","properties":{"TreeNo":"1608","Plot":"Plot 2"},"geometry":{"type":"Point","coordinates":[77.07902048393379,10.47998660779597]}},{"type":"Feature","properties":{"TreeNo":"1609","Plot":"Plot 2"},"geometry":{"type":"Point","coordinates":[77.07909652410744,10.479982192508123]}},{"type":"Feature","properties":{"TreeNo":"1610","Plot":"Plot 2"},"geometry":{"type":"Point","coordinates":[77.07916607540311,10.479980058663276]}},{"type":"Feature","properties":{"TreeNo":"1611","Plot":"Plot 2"},"geometry":{"type":"Point","coordinates":[77.07923790196132,10.479979869102628]}},{"type":"Feature","properties":{"TreeNo":"1612","Plot":"Plot 2"},"geometry":{"type":"Point","coordinates":[77.07927852730315,10.480007871602611]}},{"type":"Feature","properties":{"TreeNo":"1613","Plot":"Plot 2"},"geometry":{"type":"Point","coordinates":[77.07923630028962,10.479909349446745]}},{"type":"Feature","properties":{"TreeNo":"1614","Plot":"Plot 2"},"geometry":{"type":"Point","coordinates":[77.07915427519939,10.479906806842916]}},{"type":"Feature","properties":{"TreeNo":"1615","Plot":"Plot 2"},"geometry":{"type":"Point","coordinates":[77.07907904789347,10.479905899080707]}},{"type":"Feature","properties":{"TreeNo":"1616","Plot":"Plot 2"},"geometry":{"type":"Point","coordinates":[77.07900725121951,10.479910566510714]}},{"type":"Feature","properties":{"TreeNo":"1617","Plot":"Plot 2"},"geometry":{"type":"Point","coordinates":[77.07893825987884,10.479911857014361]}},{"type":"Feature","properties":{"TreeNo":"1618","Plot":"Plot 2"},"geometry":{"type":"Point","coordinates":[77.07885799489998,10.479918818802787]}},{"type":"Feature","properties":{"TreeNo":"1619","Plot":"Plot 2"},"geometry":{"type":"Point","coordinates":[77.07878389680889,10.479917623710463]}},{"type":"Feature","properties":{"TreeNo":"1620","Plot":"Plot 2"},"geometry":{"type":"Point","coordinates":[77.07871407020122,10.47992087879456]}},{"type":"Feature","properties":{"TreeNo":"1621","Plot":"Plot 2"},"geometry":{"type":"Point","coordinates":[77.07864055632065,10.47992247866687]}},{"type":"Feature","properties":{"TreeNo":"1622","Plot":"Plot 2"},"geometry":{"type":"Point","coordinates":[77.07855777248216,10.47993337518111]}},{"type":"Feature","properties":{"TreeNo":"1623","Plot":"Plot 2"},"geometry":{"type":"Point","coordinates":[77.07848602803818,10.479945878838564]}},{"type":"Feature","properties":{"TreeNo":"1624","Plot":"Plot 2"},"geometry":{"type":"Point","coordinates":[77.07841643005075,10.479941015799373]}},{"type":"Feature","properties":{"TreeNo":"1625","Plot":"Plot 2"},"geometry":{"type":"Point","coordinates":[77.07832617459242,10.479934048647504]}},{"type":"Feature","properties":{"TreeNo":"1626","Plot":"Plot 2"},"geometry":{"type":"Point","coordinates":[77.07874000467201,10.479887403430496]}},{"type":"Feature","properties":{"TreeNo":"1627","Plot":"Plot 2"},"geometry":{"type":"Point","coordinates":[77.07883045886294,10.479881774498766]}},{"type":"Feature","properties":{"TreeNo":"1628","Plot":"Plot 2"},"geometry":{"type":"Point","coordinates":[77.0789235204756,10.479843102485958]}},{"type":"Feature","properties":{"TreeNo":"1629","Plot":"Plot 2"},"geometry":{"type":"Point","coordinates":[77.0789973226989,10.479842340311988]}},{"type":"Feature","properties":{"TreeNo":"1630","Plot":"Plot 2"},"geometry":{"type":"Point","coordinates":[77.0791465770984,10.47983380809294]}},{"type":"Feature","properties":{"TreeNo":"1632","Plot":"Plot 2"},"geometry":{"type":"Point","coordinates":[77.07818662396923,10.479955951421305]}},{"type":"Feature","properties":{"TreeNo":"1633","Plot":"Plot 2"},"geometry":{"type":"Point","coordinates":[77.0781111548945,10.479961202406699]}},{"type":"Feature","properties":{"TreeNo":"1634","Plot":"Plot 2"},"geometry":{"type":"Point","coordinates":[77.07803734700177,10.479961124772373]}},{"type":"Feature","properties":{"TreeNo":"1635","Plot":"Plot 2"},"geometry":{"type":"Point","coordinates":[77.0779853612704,10.479968181503693]}},{"type":"Feature","properties":{"TreeNo":"1636","Plot":"Plot 2"},"geometry":{"type":"Point","coordinates":[77.07793192993675,10.47997048968103]}},{"type":"Feature","properties":{"TreeNo":"1637","Plot":"Plot 2"},"geometry":{"type":"Point","coordinates":[77.07787174373439,10.479977599958005]}},{"type":"Feature","properties":{"TreeNo":"1638","Plot":"Plot 2"},"geometry":{"type":"Point","coordinates":[77.07748911397594,10.48005958532021]}},{"type":"Feature","properties":{"TreeNo":"1639","Plot":"Plot 2"},"geometry":{"type":"Point","coordinates":[77.07754271803178,10.480040763064164]}},{"type":"Feature","properties":{"TreeNo":"1640","Plot":"Plot 2"},"geometry":{"type":"Point","coordinates":[77.07760204474623,10.480031979168759]}},{"type":"Feature","properties":{"TreeNo":"1641","Plot":"Plot 2"},"geometry":{"type":"Point","coordinates":[77.0776795287465,10.480032032892513]}},{"type":"Feature","properties":{"TreeNo":"1642","Plot":"Plot 2"},"geometry":{"type":"Point","coordinates":[77.07775414767544,10.480026507676042]}},{"type":"Feature","properties":{"TreeNo":"1643","Plot":"Plot 2"},"geometry":{"type":"Point","coordinates":[77.07782257168125,10.480024941247972]}},{"type":"Feature","properties":{"TreeNo":"1644","Plot":"Plot 2"},"geometry":{"type":"Point","coordinates":[77.07790060255684,10.480022192529525]}},{"type":"Feature","properties":{"TreeNo":"1645","Plot":"Plot 2"},"geometry":{"type":"Point","coordinates":[77.07797295180738,10.480015562561011]}},{"type":"Feature","properties":{"TreeNo":"1646","Plot":"Plot 2"},"geometry":{"type":"Point","coordinates":[77.07804989636497,10.480019538061702]}},{"type":"Feature","properties":{"TreeNo":"1647","Plot":"Plot 2"},"geometry":{"type":"Point","coordinates":[77.07812114810133,10.480017953098601]}},{"type":"Feature","properties":{"TreeNo":"1648","Plot":"Plot 2"},"geometry":{"type":"Point","coordinates":[77.07820371081735,10.480016294229127]}},{"type":"Feature","properties":{"TreeNo":"1649","Plot":"Plot 2"},"geometry":{"type":"Point","coordinates":[77.0782064209626,10.480083448112364]}},{"type":"Feature","properties":{"TreeNo":"1650","Plot":"Plot 2"},"geometry":{"type":"Point","coordinates":[77.07813291821657,10.480086727091724]}},{"type":"Feature","properties":{"TreeNo":"1651","Plot":"Plot 2"},"geometry":{"type":"Point","coordinates":[77.07806054656437,10.480089998665765]}},{"type":"Feature","properties":{"TreeNo":"1652","Plot":"Plot 2"},"geometry":{"type":"Point","coordinates":[77.07798365424482,10.480093859515963]}},{"type":"Feature","properties":{"TreeNo":"1653","Plot":"Plot 2"},"geometry":{"type":"Point","coordinates":[77.07790220393294,10.480092712249622]}},{"type":"Feature","properties":{"TreeNo":"1654","Plot":"Plot 2"},"geometry":{"type":"Point","coordinates":[77.07783324795687,10.480099320042303]}},{"type":"Feature","properties":{"TreeNo":"1655","Plot":"Plot 2"},"geometry":{"type":"Point","coordinates":[77.07776820976791,10.480099744835053]}},{"type":"Feature","properties":{"TreeNo":"1656","Plot":"Plot 2"},"geometry":{"type":"Point","coordinates":[77.07768340719925,10.480104776804842]}},{"type":"Feature","properties":{"TreeNo":"1657","Plot":"Plot 2"},"geometry":{"type":"Point","coordinates":[77.07763685300674,10.48007821220599]}},{"type":"Feature","properties":{"TreeNo":"1658","Plot":"Plot 2"},"geometry":{"type":"Point","coordinates":[77.07747641025533,10.480190093169636]}},{"type":"Feature","properties":{"TreeNo":"1659","Plot":"Plot 2"},"geometry":{"type":"Point","coordinates":[77.07755270349298,10.480181198478187]}},{"type":"Feature","properties":{"TreeNo":"1660","Plot":"Plot 2"},"geometry":{"type":"Point","coordinates":[77.07762225864151,10.48017962469966]}},{"type":"Feature","properties":{"TreeNo":"1661","Plot":"Plot 2"},"geometry":{"type":"Point","coordinates":[77.07768113925114,10.480188756127383]}},{"type":"Feature","properties":{"TreeNo":"1662","Plot":"Plot 2"},"geometry":{"type":"Point","coordinates":[77.07774791143255,10.480193917657541]}},{"type":"Feature","properties":{"TreeNo":"1664","Plot":"Plot 2"},"geometry":{"type":"Point","coordinates":[77.07795177997902,10.480148364758726]}},{"type":"Feature","properties":{"TreeNo":"1665","Plot":"Plot 2"},"geometry":{"type":"Point","coordinates":[77.07807628671695,10.480160426019056]}},{"type":"Feature","properties":{"TreeNo":"1666","Plot":"Plot 2"},"geometry":{"type":"Point","coordinates":[77.07814669575922,10.480159686193916]}},{"type":"Feature","properties":{"TreeNo":"1667","Plot":"Plot 2"},"geometry":{"type":"Point","coordinates":[77.0782199082809,10.480155289577743]}},{"type":"Feature","properties":{"TreeNo":"1668","Plot":"Plot 2"},"geometry":{"type":"Point","coordinates":[77.07823372504609,10.480234125929078]}},{"type":"Feature","properties":{"TreeNo":"1669","Plot":"Plot 2"},"geometry":{"type":"Point","coordinates":[77.07805912326405,10.480258216827567]}},{"type":"Feature","properties":{"TreeNo":"1670","Plot":"Plot 2"},"geometry":{"type":"Point","coordinates":[77.07800386272716,10.480240665378208]}},{"type":"Feature","properties":{"TreeNo":"1671","Plot":"Plot 2"},"geometry":{"type":"Point","coordinates":[77.0779337438999,10.480242522806085]}},{"type":"Feature","properties":{"TreeNo":"1672","Plot":"Plot 2"},"geometry":{"type":"Point","coordinates":[77.07785488330852,10.480248075778984]}},{"type":"Feature","properties":{"TreeNo":"1673","Plot":"Plot 2"},"geometry":{"type":"Point","coordinates":[77.07778953618896,10.480244584256146]}},{"type":"Feature","properties":{"TreeNo":"1674","Plot":"Plot 2"},"geometry":{"type":"Point","coordinates":[77.07771011190376,10.480250420757113]}},{"type":"Feature","properties":{"TreeNo":"1675","Plot":"Plot 2"},"geometry":{"type":"Point","coordinates":[77.0776348900498,10.480250352276816]}},{"type":"Feature","properties":{"TreeNo":"1676","Plot":"Plot 2"},"geometry":{"type":"Point","coordinates":[77.07756363823665,10.48025193714157]}},{"type":"Feature","properties":{"TreeNo":"1677","Plot":"Plot 2"},"geometry":{"type":"Point","coordinates":[77.0774906673799,10.480250174635994]}},{"type":"Feature","properties":{"TreeNo":"1678","Plot":"Plot 2"},"geometry":{"type":"Point","coordinates":[77.0774138234974,10.480261311965801]}},{"type":"Feature","properties":{"TreeNo":"1679","Plot":"Plot 2"},"geometry":{"type":"Point","coordinates":[77.07733858297001,10.48025844472014]}},{"type":"Feature","properties":{"TreeNo":"1680","Plot":"Plot 2"},"geometry":{"type":"Point","coordinates":[77.07726625974132,10.480268992731792]}},{"type":"Feature","properties":{"TreeNo":"1681","Plot":"Plot 2"},"geometry":{"type":"Point","coordinates":[77.07718848542511,10.480267821286603]}},{"type":"Feature","properties":{"TreeNo":"1682","Plot":"Plot 2"},"geometry":{"type":"Point","coordinates":[77.07711898806721,10.480278070932384]}},{"type":"Feature","properties":{"TreeNo":"1683","Plot":"Plot 2"},"geometry":{"type":"Point","coordinates":[77.07707638977466,10.480293462687897]}},{"type":"Feature","properties":{"TreeNo":"1684","Plot":"Plot 2"},"geometry":{"type":"Point","coordinates":[77.07700858905311,10.480303701233419]}},{"type":"Feature","properties":{"TreeNo":"1685","Plot":"Plot 2"},"geometry":{"type":"Point","coordinates":[77.07692522823322,10.480312921827272]}},{"type":"Feature","properties":{"TreeNo":"1686","Plot":"Plot 2"},"geometry":{"type":"Point","coordinates":[77.07686395557258,10.480326756186889]}},{"type":"Feature","properties":{"TreeNo":"1687","Plot":"Plot 2"},"geometry":{"type":"Point","coordinates":[77.0767538803133,10.480358541693441]}},{"type":"Feature","properties":{"TreeNo":"1688","Plot":"Plot 2"},"geometry":{"type":"Point","coordinates":[77.07683249180522,10.480358028484636]}},{"type":"Feature","properties":{"TreeNo":"1689","Plot":"Plot 2"},"geometry":{"type":"Point","coordinates":[77.07689921181493,10.480355353838556]}},{"type":"Feature","properties":{"TreeNo":"1690","Plot":"Plot 2"},"geometry":{"type":"Point","coordinates":[77.07697496943199,10.480350940881463]}},{"type":"Feature","properties":{"TreeNo":"1691","Plot":"Plot 2"},"geometry":{"type":"Point","coordinates":[77.07705354733244,10.480345389965207]}},{"type":"Feature","properties":{"TreeNo":"1692","Plot":"Plot 2"},"geometry":{"type":"Point","coordinates":[77.0771287655051,10.480344898839485]}},{"type":"Feature","properties":{"TreeNo":"1693","Plot":"Plot 2"},"geometry":{"type":"Point","coordinates":[77.0772028227241,10.480339937168212]}},{"type":"Feature","properties":{"TreeNo":"1694","Plot":"Plot 2"},"geometry":{"type":"Point","coordinates":[77.07727574510588,10.480334423126974]}},{"type":"Feature","properties":{"TreeNo":"1695","Plot":"Plot 2"},"geometry":{"type":"Point","coordinates":[77.07734757369636,10.48033451384716]}},{"type":"Feature","properties":{"TreeNo":"1696","Plot":"Plot 2"},"geometry":{"type":"Point","coordinates":[77.07742330889153,10.480326742350705]}},{"type":"Feature","properties":{"TreeNo":"1697","Plot":"Plot 2"},"geometry":{"type":"Point","coordinates":[77.07749911871412,10.480330165618671]}},{"type":"Feature","properties":{"TreeNo":"1698","Plot":"Plot 2"},"geometry":{"type":"Point","coordinates":[77.0775743182024,10.480326875693045]}},{"type":"Feature","properties":{"TreeNo":"1699","Plot":"Plot 2"},"geometry":{"type":"Point","coordinates":[77.07764893347566,10.480320790748413]}},{"type":"Feature","properties":{"TreeNo":"1700","Plot":"Plot 2"},"geometry":{"type":"Point","coordinates":[77.07771680319729,10.480320907241317]}},{"type":"Feature","properties":{"TreeNo":"1701","Plot":"Plot 2"},"geometry":{"type":"Point","coordinates":[77.0777943320512,10.480327677791085]}},{"type":"Feature","properties":{"TreeNo":"1702","Plot":"Plot 2"},"geometry":{"type":"Point","coordinates":[77.07786976390963,10.480316829473397]}},{"type":"Feature","properties":{"TreeNo":"1703","Plot":"Plot 2"},"geometry":{"type":"Point","coordinates":[77.07794211696196,10.480310759237684]}},{"type":"Feature","properties":{"TreeNo":"1704","Plot":"Plot 2"},"geometry":{"type":"Point","coordinates":[77.07801422269361,10.480310008352784]}},{"type":"Feature","properties":{"TreeNo":"1705","Plot":"Plot 2"},"geometry":{"type":"Point","coordinates":[77.07809340339271,10.480310050879448]}},{"type":"Feature","properties":{"TreeNo":"1706","Plot":"Plot 2"},"geometry":{"type":"Point","coordinates":[77.07820013923747,10.480328805383644]}},{"type":"Feature","properties":{"TreeNo":"1707","Plot":"Plot 2"},"geometry":{"type":"Point","coordinates":[77.07824580130941,10.480306396431097]}},{"type":"Feature","properties":{"TreeNo":"1708","Plot":"Plot 2"},"geometry":{"type":"Point","coordinates":[77.07825502463396,10.480374907168054]}},{"type":"Feature","properties":{"TreeNo":"1709","Plot":"Plot 2"},"geometry":{"type":"Point","coordinates":[77.07819735535129,10.480377802852425]}},{"type":"Feature","properties":{"TreeNo":"1710","Plot":"Plot 2"},"geometry":{"type":"Point","coordinates":[77.07812130009573,10.480379978990598]}},{"type":"Feature","properties":{"TreeNo":"1711","Plot":"Plot 2"},"geometry":{"type":"Point","coordinates":[77.07804665684391,10.480381866005368]}},{"type":"Feature","properties":{"TreeNo":"1712","Plot":"Plot 2"},"geometry":{"type":"Point","coordinates":[77.07794943638146,10.48039061763921]}},{"type":"Feature","properties":{"TreeNo":"1713","Plot":"Plot 2"},"geometry":{"type":"Point","coordinates":[77.07788130067529,10.480393021871231]}},{"type":"Feature","properties":{"TreeNo":"1714","Plot":"Plot 2"},"geometry":{"type":"Point","coordinates":[77.07781115008316,10.480390121497498]}},{"type":"Feature","properties":{"TreeNo":"1715","Plot":"Plot 2"},"geometry":{"type":"Point","coordinates":[77.07773141872863,10.48039232155426]}},{"type":"Feature","properties":{"TreeNo":"1716","Plot":"Plot 2"},"geometry":{"type":"Point","coordinates":[77.07765853368254,10.480403433091361]}},{"type":"Feature","properties":{"TreeNo":"1717","Plot":"Plot 2"},"geometry":{"type":"Point","coordinates":[77.07758106824838,10.480406178075496]}},{"type":"Feature","properties":{"TreeNo":"1718","Plot":"Plot 2"},"geometry":{"type":"Point","coordinates":[77.07750977161571,10.480401046066092]}},{"type":"Feature","properties":{"TreeNo":"1719","Plot":"Plot 2"},"geometry":{"type":"Point","coordinates":[77.07743399909255,10.48040322019509]}},{"type":"Feature","properties":{"TreeNo":"1720","Plot":"Plot 2"},"geometry":{"type":"Point","coordinates":[77.07735767594065,10.480407636955942]}},{"type":"Feature","properties":{"TreeNo":"1721","Plot":"Plot 2"},"geometry":{"type":"Point","coordinates":[77.0772824764207,10.480410926834482]}},{"type":"Feature","properties":{"TreeNo":"1722","Plot":"Plot 2"},"geometry":{"type":"Point","coordinates":[77.07721121335997,10.480410832410051]}},{"type":"Feature","properties":{"TreeNo":"1723","Plot":"Plot 2"},"geometry":{"type":"Point","coordinates":[77.0771365793812,10.480414118561603]}},{"type":"Feature","properties":{"TreeNo":"1724","Plot":"Plot 2"},"geometry":{"type":"Point","coordinates":[77.07706251840972,10.480418520481761]}},{"type":"Feature","properties":{"TreeNo":"1725","Plot":"Plot 2"},"geometry":{"type":"Point","coordinates":[77.07698280939097,10.480424078788744]}},{"type":"Feature","properties":{"TreeNo":"1726","Plot":"Plot 2"},"geometry":{"type":"Point","coordinates":[77.07691663253682,10.48042339132691]}},{"type":"Feature","properties":{"TreeNo":"1727","Plot":"Plot 2"},"geometry":{"type":"Point","coordinates":[77.07684029442602,10.480425569008599]}},{"type":"Feature","properties":{"TreeNo":"1728","Plot":"Plot 2"},"geometry":{"type":"Point","coordinates":[77.07676282520968,10.480427754056404]}},{"type":"Feature","properties":{"TreeNo":"1729","Plot":"Plot 2"},"geometry":{"type":"Point","coordinates":[77.07677403697836,10.480497651323603]}},{"type":"Feature","properties":{"TreeNo":"1730","Plot":"Plot 2"},"geometry":{"type":"Point","coordinates":[77.07684246486411,10.480496644825077]}},{"type":"Feature","properties":{"TreeNo":"1731","Plot":"Plot 2"},"geometry":{"type":"Point","coordinates":[77.07692105773263,10.48049333289127]}},{"type":"Feature","properties":{"TreeNo":"1732","Plot":"Plot 2"},"geometry":{"type":"Point","coordinates":[77.07699740331738,10.48049227466563]}},{"type":"Feature","properties":{"TreeNo":"1733","Plot":"Plot 2"},"geometry":{"type":"Point","coordinates":[77.07707261779716,10.480491223807146]}},{"type":"Feature","properties":{"TreeNo":"1734","Plot":"Plot 2"},"geometry":{"type":"Point","coordinates":[77.0771517650076,10.480486228906711]}},{"type":"Feature","properties":{"TreeNo":"1735","Plot":"Plot 2"},"geometry":{"type":"Point","coordinates":[77.07722131651188,10.480484095463307]}},{"type":"Feature","properties":{"TreeNo":"1736","Plot":"Plot 2"},"geometry":{"type":"Point","coordinates":[77.07729140371123,10.480477480398545]}},{"type":"Feature","properties":{"TreeNo":"1737","Plot":"Plot 2"},"geometry":{"type":"Point","coordinates":[77.07736975295464,10.480480047463022]}},{"type":"Feature","properties":{"TreeNo":"1738","Plot":"Plot 2"},"geometry":{"type":"Point","coordinates":[77.07744355726892,10.480479565489704]}},{"type":"Feature","properties":{"TreeNo":"1739","Plot":"Plot 2"},"geometry":{"type":"Point","coordinates":[77.07752072689246,10.48047486329534]}},{"type":"Feature","properties":{"TreeNo":"1740","Plot":"Plot 2"},"geometry":{"type":"Point","coordinates":[77.07759735708355,10.48047408294964]}},{"type":"Feature","properties":{"TreeNo":"1741","Plot":"Plot 2"},"geometry":{"type":"Point","coordinates":[77.07767225889721,10.480468555885118]}},{"type":"Feature","properties":{"TreeNo":"1742","Plot":"Plot 2"},"geometry":{"type":"Point","coordinates":[77.07774719429486,10.480468066454401]}},{"type":"Feature","properties":{"TreeNo":"1743","Plot":"Plot 2"},"geometry":{"type":"Point","coordinates":[77.07782097432819,10.480463946090804]}},{"type":"Feature","properties":{"TreeNo":"1744","Plot":"Plot 2"},"geometry":{"type":"Point","coordinates":[77.0778882822563,10.480464625974049]}},{"type":"Feature","properties":{"TreeNo":"1745","Plot":"Plot 2"},"geometry":{"type":"Point","coordinates":[77.07796120835651,10.480459671511227]}},{"type":"Feature","properties":{"TreeNo":"1746","Plot":"Plot 2"},"geometry":{"type":"Point","coordinates":[77.0780397694213,10.480451601524287]}},{"type":"Feature","properties":{"TreeNo":"1747","Plot":"Plot 2"},"geometry":{"type":"Point","coordinates":[77.07811727403609,10.480454733685026]}},{"type":"Feature","properties":{"TreeNo":"1748","Plot":"Plot 2"},"geometry":{"type":"Point","coordinates":[77.07820776016678,10.480453862676969]}},{"type":"Feature","properties":{"TreeNo":"1751","Plot":"Plot 2"},"geometry":{"type":"Point","coordinates":[77.07812596818987,10.480528705578138]}},{"type":"Feature","properties":{"TreeNo":"1752","Plot":"Plot 2"},"geometry":{"type":"Point","coordinates":[77.07804680983351,10.48053202150357]}},{"type":"Feature","properties":{"TreeNo":"1753","Plot":"Plot 2"},"geometry":{"type":"Point","coordinates":[77.07796847740097,10.480531973434683]}},{"type":"Feature","properties":{"TreeNo":"1754","Plot":"Plot 2"},"geometry":{"type":"Point","coordinates":[77.07789865807821,10.480536347845483]}},{"type":"Feature","properties":{"TreeNo":"1755","Plot":"Plot 2"},"geometry":{"type":"Point","coordinates":[77.07782854291194,10.480538765001983]}},{"type":"Feature","properties":{"TreeNo":"1756","Plot":"Plot 2"},"geometry":{"type":"Point","coordinates":[77.0777550213769,10.480539245220314]}},{"type":"Feature","properties":{"TreeNo":"1757","Plot":"Plot 2"},"geometry":{"type":"Point","coordinates":[77.07768351471975,10.480545030014037]}},{"type":"Feature","properties":{"TreeNo":"1758","Plot":"Plot 2"},"geometry":{"type":"Point","coordinates":[77.07760858863058,10.480546918780917]}},{"type":"Feature","properties":{"TreeNo":"1759","Plot":"Plot 2"},"geometry":{"type":"Point","coordinates":[77.07752999019145,10.480549391277306]}},{"type":"Feature","properties":{"TreeNo":"1760","Plot":"Plot 2"},"geometry":{"type":"Point","coordinates":[77.07745336930785,10.480551570958095]}},{"type":"Feature","properties":{"TreeNo":"1761","Plot":"Plot 2"},"geometry":{"type":"Point","coordinates":[77.07737675774857,10.48055514996842]}},{"type":"Feature","properties":{"TreeNo":"1762","Plot":"Plot 2"},"geometry":{"type":"Point","coordinates":[77.0772998466171,10.480556211981005]}},{"type":"Feature","properties":{"TreeNo":"1763","Plot":"Plot 2"},"geometry":{"type":"Point","coordinates":[77.0772314392614,10.480560297145686]}},{"type":"Feature","properties":{"TreeNo":"1764","Plot":"Plot 2"},"geometry":{"type":"Point","coordinates":[77.07715566295356,10.48056191147692]}},{"type":"Feature","properties":{"TreeNo":"1765","Plot":"Plot 2"},"geometry":{"type":"Point","coordinates":[77.077083851092,10.480564339549938]}},{"type":"Feature","properties":{"TreeNo":"1766","Plot":"Plot 2"},"geometry":{"type":"Point","coordinates":[77.07701089320116,10.480564536035153]}},{"type":"Feature","properties":{"TreeNo":"1767","Plot":"Plot 2"},"geometry":{"type":"Point","coordinates":[77.07693284162053,10.480564205996624]}},{"type":"Feature","properties":{"TreeNo":"1768","Plot":"Plot 2"},"geometry":{"type":"Point","coordinates":[77.07685906524225,10.480568885900157]}},{"type":"Feature","properties":{"TreeNo":"1769","Plot":"Plot 2"},"geometry":{"type":"Point","coordinates":[77.07678589357984,10.480579439357776]}},{"type":"Feature","properties":{"TreeNo":"1770","Plot":"Plot 2"},"geometry":{"type":"Point","coordinates":[77.07679538259906,10.480645429522976]}},{"type":"Feature","properties":{"TreeNo":"1771","Plot":"Plot 2"},"geometry":{"type":"Point","coordinates":[77.07686634989874,10.480643566789]}},{"type":"Feature","properties":{"TreeNo":"1772","Plot":"Plot 2"},"geometry":{"type":"Point","coordinates":[77.07694469547037,10.480645574211614]}},{"type":"Feature","properties":{"TreeNo":"1773","Plot":"Plot 2"},"geometry":{"type":"Point","coordinates":[77.0770210224362,10.480641717276933]}},{"type":"Feature","properties":{"TreeNo":"1774","Plot":"Plot 2"},"geometry":{"type":"Point","coordinates":[77.07709028747503,10.48063902596249]}},{"type":"Feature","properties":{"TreeNo":"1775","Plot":"Plot 2"},"geometry":{"type":"Point","coordinates":[77.07716859385796,10.480635156068308]}},{"type":"Feature","properties":{"TreeNo":"1776","Plot":"Plot 2"},"geometry":{"type":"Point","coordinates":[77.07724409300465,10.480634383185867]}},{"type":"Feature","properties":{"TreeNo":"1777","Plot":"Plot 2"},"geometry":{"type":"Point","coordinates":[77.07731535984666,10.480635037332252]}},{"type":"Feature","properties":{"TreeNo":"1778","Plot":"Plot 2"},"geometry":{"type":"Point","coordinates":[77.07739251832135,10.480628655943946]}},{"type":"Feature","properties":{"TreeNo":"1779","Plot":"Plot 2"},"geometry":{"type":"Point","coordinates":[77.07746374037445,10.480622593188166]}},{"type":"Feature","properties":{"TreeNo":"1780","Plot":"Plot 2"},"geometry":{"type":"Point","coordinates":[77.07754006730387,10.480618736131145]}},{"type":"Feature","properties":{"TreeNo":"1781","Plot":"Plot 2"},"geometry":{"type":"Point","coordinates":[77.07761133786197,10.480619949950768]}},{"type":"Feature","properties":{"TreeNo":"1782","Plot":"Plot 2"},"geometry":{"type":"Point","coordinates":[77.07769050373075,10.480617753606648]}},{"type":"Feature","properties":{"TreeNo":"1783","Plot":"Plot 2"},"geometry":{"type":"Point","coordinates":[77.07776288672187,10.480616161309628]}},{"type":"Feature","properties":{"TreeNo":"1784","Plot":"Plot 2"},"geometry":{"type":"Point","coordinates":[77.07784488779811,10.480615065935531]}},{"type":"Feature","properties":{"TreeNo":"1785","Plot":"Plot 2"},"geometry":{"type":"Point","coordinates":[77.0779132858003,10.480609581290745]}},{"type":"Feature","properties":{"TreeNo":"1786","Plot":"Plot 2"},"geometry":{"type":"Point","coordinates":[77.07798623432878,10.480607985249215]}},{"type":"Feature","properties":{"TreeNo":"1787","Plot":"Plot 2"},"geometry":{"type":"Point","coordinates":[77.07806485702045,10.480609150940557]}},{"type":"Feature","properties":{"TreeNo":"1788","Plot":"Plot 2"},"geometry":{"type":"Point","coordinates":[77.07813666697471,10.480606442775962]}},{"type":"Feature","properties":{"TreeNo":"1789","Plot":"Plot 2"},"geometry":{"type":"Point","coordinates":[77.07822487414822,10.480603067708378]}},{"type":"Feature","properties":{"TreeNo":"1790","Plot":"Plot 2"},"geometry":{"type":"Point","coordinates":[77.07823493648243,10.480670173554692]}},{"type":"Feature","properties":{"TreeNo":"1791","Plot":"Plot 2"},"geometry":{"type":"Point","coordinates":[77.0781450214405,10.480671880496136]}},{"type":"Feature","properties":{"TreeNo":"1792","Plot":"Plot 2"},"geometry":{"type":"Point","coordinates":[77.0780743575041,10.480676820231901]}},{"type":"Feature","properties":{"TreeNo":"1793","Plot":"Plot 2"},"geometry":{"type":"Point","coordinates":[77.07799744637808,10.480677882418592]}},{"type":"Feature","properties":{"TreeNo":"1794","Plot":"Plot 2"},"geometry":{"type":"Point","coordinates":[77.0779239472139,10.480681721115786]}},{"type":"Feature","properties":{"TreeNo":"1795","Plot":"Plot 2"},"geometry":{"type":"Point","coordinates":[77.0778504405796,10.480684440318429]}},{"type":"Feature","properties":{"TreeNo":"1796","Plot":"Plot 2"},"geometry":{"type":"Point","coordinates":[77.07777355556685,10.48068942062428]}},{"type":"Feature","properties":{"TreeNo":"1797","Plot":"Plot 2"},"geometry":{"type":"Point","coordinates":[77.0776966556191,10.480692161955991]}},{"type":"Feature","properties":{"TreeNo":"1798","Plot":"Plot 2"},"geometry":{"type":"Point","coordinates":[77.07762539997624,10.480693187114856]}},{"type":"Feature","properties":{"TreeNo":"1799","Plot":"Plot 2"},"geometry":{"type":"Point","coordinates":[77.0775490655699,10.480695924717535]}},{"type":"Feature","properties":{"TreeNo":"1800","Plot":"Plot 2"},"geometry":{"type":"Point","coordinates":[77.07747610953535,10.480696401184936]}},{"type":"Feature","properties":{"TreeNo":"1801","Plot":"Plot 2"},"geometry":{"type":"Point","coordinates":[77.07739862536005,10.480696347443306]}},{"type":"Feature","properties":{"TreeNo":"1802","Plot":"Plot 2"},"geometry":{"type":"Point","coordinates":[77.07732570663403,10.480702421267598]}},{"type":"Feature","properties":{"TreeNo":"1803","Plot":"Plot 2"},"geometry":{"type":"Point","coordinates":[77.07725728245653,10.480703987617686]}},{"type":"Feature","properties":{"TreeNo":"1804","Plot":"Plot 2"},"geometry":{"type":"Point","coordinates":[77.07717867836125,10.480705620426537]}},{"type":"Feature","properties":{"TreeNo":"1805","Plot":"Plot 2"},"geometry":{"type":"Point","coordinates":[77.07710177837612,10.480708361616086]}},{"type":"Feature","properties":{"TreeNo":"1806","Plot":"Plot 2"},"geometry":{"type":"Point","coordinates":[77.07702714058944,10.480711088016543]}},{"type":"Feature","properties":{"TreeNo":"1807","Plot":"Plot 2"},"geometry":{"type":"Point","coordinates":[77.0769508285307,10.480717183913002]}},{"type":"Feature","properties":{"TreeNo":"1808","Plot":"Plot 2"},"geometry":{"type":"Point","coordinates":[77.07688467772832,10.4807204146315]}},{"type":"Feature","properties":{"TreeNo":"1809","Plot":"Plot 2"},"geometry":{"type":"Point","coordinates":[77.07680154173998,10.48072095740909]}},{"type":"Feature","properties":{"TreeNo":"1810","Plot":"Plot 2"},"geometry":{"type":"Point","coordinates":[77.0768138995654,10.480793086242626]}},{"type":"Feature","properties":{"TreeNo":"1811","Plot":"Plot 2"},"geometry":{"type":"Point","coordinates":[77.07689417050887,10.48078696452766]}},{"type":"Feature","properties":{"TreeNo":"1812","Plot":"Plot 2"},"geometry":{"type":"Point","coordinates":[77.07696204036344,10.480787081162294]}},{"type":"Feature","properties":{"TreeNo":"1813","Plot":"Plot 2"},"geometry":{"type":"Point","coordinates":[77.07703780927375,10.480784347388068]}},{"type":"Feature","properties":{"TreeNo":"1814","Plot":"Plot 2"},"geometry":{"type":"Point","coordinates":[77.07711414746136,10.48078216964238]}},{"type":"Feature","properties":{"TreeNo":"1815","Plot":"Plot 2"},"geometry":{"type":"Point","coordinates":[77.0771910400012,10.480778308968011]}},{"type":"Feature","properties":{"TreeNo":"1816","Plot":"Plot 2"},"geometry":{"type":"Point","coordinates":[77.07725889491572,10.480776186582965]}},{"type":"Feature","properties":{"TreeNo":"1817","Plot":"Plot 2"},"geometry":{"type":"Point","coordinates":[77.07733692974197,10.480773997705072]}},{"type":"Feature","properties":{"TreeNo":"1818","Plot":"Plot 2"},"geometry":{"type":"Point","coordinates":[77.07741214427271,10.48077294675342]}},{"type":"Feature","properties":{"TreeNo":"1819","Plot":"Plot 2"},"geometry":{"type":"Point","coordinates":[77.0774828194656,10.480769686375943]}},{"type":"Feature","properties":{"TreeNo":"1820","Plot":"Plot 2"},"geometry":{"type":"Point","coordinates":[77.07756257332227,10.480770844797012]}},{"type":"Feature","properties":{"TreeNo":"1821","Plot":"Plot 2"},"geometry":{"type":"Point","coordinates":[77.07763945836822,10.480765864537714]}},{"type":"Feature","properties":{"TreeNo":"1822","Plot":"Plot 2"},"geometry":{"type":"Point","coordinates":[77.0777118376639,10.480763712506679]}},{"type":"Feature","properties":{"TreeNo":"1823","Plot":"Plot 2"},"geometry":{"type":"Point","coordinates":[77.07778307838917,10.480760448369518]}},{"type":"Feature","properties":{"TreeNo":"1824","Plot":"Plot 2"},"geometry":{"type":"Point","coordinates":[77.07785770868115,10.480756602312658]}},{"type":"Feature","properties":{"TreeNo":"1825","Plot":"Plot 2"},"geometry":{"type":"Point","coordinates":[77.07793178834794,10.480754998888614]}},{"type":"Feature","properties":{"TreeNo":"1826","Plot":"Plot 2"},"geometry":{"type":"Point","coordinates":[77.07801206667008,10.480749996375186]}},{"type":"Feature","properties":{"TreeNo":"1827","Plot":"Plot 2"},"geometry":{"type":"Point","coordinates":[77.07808615565982,10.48074979226278]}},{"type":"Feature","properties":{"TreeNo":"1828","Plot":"Plot 2"},"geometry":{"type":"Point","coordinates":[77.0781420882371,10.480783292541396]}},{"type":"Feature","properties":{"TreeNo":"1829","Plot":"Plot 2"},"geometry":{"type":"Point","coordinates":[77.07823744975636,10.480750203272743]}},{"type":"Feature","properties":{"TreeNo":"1830","Plot":"Plot 2"},"geometry":{"type":"Point","coordinates":[77.07824639220273,10.480818995722844]}},{"type":"Feature","properties":{"TreeNo":"1831","Plot":"Plot 2"},"geometry":{"type":"Point","coordinates":[77.07809456052028,10.480822786459608]}},{"type":"Feature","properties":{"TreeNo":"1832","Plot":"Plot 2"},"geometry":{"type":"Point","coordinates":[77.07801766989,10.480826927221955]}},{"type":"Feature","properties":{"TreeNo":"1833","Plot":"Plot 2"},"geometry":{"type":"Point","coordinates":[77.07794387485228,10.480828808691482]}},{"type":"Feature","properties":{"TreeNo":"1834","Plot":"Plot 2"},"geometry":{"type":"Point","coordinates":[77.0778720555054,10.48083011747531]}},{"type":"Feature","properties":{"TreeNo":"1835","Plot":"Plot 2"},"geometry":{"type":"Point","coordinates":[77.07779288586059,10.480831754135775]}},{"type":"Feature","properties":{"TreeNo":"1836","Plot":"Plot 2"},"geometry":{"type":"Point","coordinates":[77.07771937731786,10.4808341934456]}},{"type":"Feature","properties":{"TreeNo":"1837","Plot":"Plot 2"},"geometry":{"type":"Point","coordinates":[77.07764616460877,10.480838589978292]}},{"type":"Feature","properties":{"TreeNo":"1838","Plot":"Plot 2"},"geometry":{"type":"Point","coordinates":[77.07757320854535,10.480839066474365]}},{"type":"Feature","properties":{"TreeNo":"1839","Plot":"Plot 2"},"geometry":{"type":"Point","coordinates":[77.07749290404837,10.480840150709174]}},{"type":"Feature","properties":{"TreeNo":"1840","Plot":"Plot 2"},"geometry":{"type":"Point","coordinates":[77.07742336740567,10.480844523183249]}},{"type":"Feature","properties":{"TreeNo":"1841","Plot":"Plot 2"},"geometry":{"type":"Point","coordinates":[77.07734644501032,10.480843906003404]}},{"type":"Feature","properties":{"TreeNo":"1842","Plot":"Plot 2"},"geometry":{"type":"Point","coordinates":[77.07727464988592,10.480848852957847]}},{"type":"Feature","properties":{"TreeNo":"1843","Plot":"Plot 2"},"geometry":{"type":"Point","coordinates":[77.07720227801084,10.480852124372035]}},{"type":"Feature","properties":{"TreeNo":"1844","Plot":"Plot 2"},"geometry":{"type":"Point","coordinates":[77.07712256142946,10.480856563256333]}},{"type":"Feature","properties":{"TreeNo":"1845","Plot":"Plot 2"},"geometry":{"type":"Point","coordinates":[77.07705244055532,10.480858140647724]}},{"type":"Feature","properties":{"TreeNo":"1846","Plot":"Plot 2"},"geometry":{"type":"Point","coordinates":[77.07697496751257,10.480859766028278]}},{"type":"Feature","properties":{"TreeNo":"1847","Plot":"Plot 2"},"geometry":{"type":"Point","coordinates":[77.07690428107941,10.480861347079909]}},{"type":"Feature","properties":{"TreeNo":"1848","Plot":"Plot 2"},"geometry":{"type":"Point","coordinates":[77.07682904411774,10.480859039479952]}},{"type":"Feature","properties":{"TreeNo":"1849","Plot":"Plot 2"},"geometry":{"type":"Point","coordinates":[77.07683239790897,10.480937944260033]}},{"type":"Feature","properties":{"TreeNo":"1850","Plot":"Plot 2"},"geometry":{"type":"Point","coordinates":[77.0769064739399,10.480935781326416]}},{"type":"Feature","properties":{"TreeNo":"1851","Plot":"Plot 2"},"geometry":{"type":"Point","coordinates":[77.07698507064562,10.480933029094988]}},{"type":"Feature","properties":{"TreeNo":"1852","Plot":"Plot 2"},"geometry":{"type":"Point","coordinates":[77.0770642590156,10.480934191326108]}},{"type":"Feature","properties":{"TreeNo":"1853","Plot":"Plot 2"},"geometry":{"type":"Point","coordinates":[77.07713548862084,10.480929248107755]}},{"type":"Feature","properties":{"TreeNo":"1854","Plot":"Plot 2"},"geometry":{"type":"Point","coordinates":[77.07721295794087,10.480927062945753]}},{"type":"Feature","properties":{"TreeNo":"1855","Plot":"Plot 2"},"geometry":{"type":"Point","coordinates":[77.07728362571603,10.4809226831272]}},{"type":"Feature","properties":{"TreeNo":"1856","Plot":"Plot 2"},"geometry":{"type":"Point","coordinates":[77.0773514582672,10.480917202281772]}},{"type":"Feature","properties":{"TreeNo":"1857","Plot":"Plot 2"},"geometry":{"type":"Point","coordinates":[77.07743232834258,10.480916114385318]}},{"type":"Feature","properties":{"TreeNo":"1858","Plot":"Plot 2"},"geometry":{"type":"Point","coordinates":[77.07751148683232,10.480912798593007]}},{"type":"Feature","properties":{"TreeNo":"1859","Plot":"Plot 2"},"geometry":{"type":"Point","coordinates":[77.07758104587764,10.480911784531216]}},{"type":"Feature","properties":{"TreeNo":"1860","Plot":"Plot 2"},"geometry":{"type":"Point","coordinates":[77.07765965000317,10.480910151613289]}},{"type":"Feature","properties":{"TreeNo":"1861","Plot":"Plot 2"},"geometry":{"type":"Point","coordinates":[77.07773314923595,10.480906312966296]}},{"type":"Feature","properties":{"TreeNo":"1862","Plot":"Plot 2"},"geometry":{"type":"Point","coordinates":[77.07780780569297,10.480906385087069]}},{"type":"Feature","properties":{"TreeNo":"1863","Plot":"Plot 2"},"geometry":{"type":"Point","coordinates":[77.07787905391065,10.480904240400212]}},{"type":"Feature","properties":{"TreeNo":"1864","Plot":"Plot 2"},"geometry":{"type":"Point","coordinates":[77.07795140709665,10.48089817013644]}},{"type":"Feature","properties":{"TreeNo":"1865","Plot":"Plot 2"},"geometry":{"type":"Point","coordinates":[77.07803000746598,10.480895977389075]}},{"type":"Feature","properties":{"TreeNo":"1866","Plot":"Plot 2"},"geometry":{"type":"Point","coordinates":[77.07810693357621,10.4808971541396]}},{"type":"Feature","properties":{"TreeNo":"1867","Plot":"Plot 2"},"geometry":{"type":"Point","coordinates":[77.07815081508575,10.480862162144327]}},{"type":"Feature","properties":{"TreeNo":"1868","Plot":"Plot 2"},"geometry":{"type":"Point","coordinates":[77.07825111169191,10.480890614577621]}},{"type":"Feature","properties":{"TreeNo":"1869","Plot":"Plot 2"},"geometry":{"type":"Point","coordinates":[77.07824200132322,10.480966242129409]}},{"type":"Feature","properties":{"TreeNo":"1870","Plot":"Plot 2"},"geometry":{"type":"Point","coordinates":[77.07811249016561,10.48096708824345]}},{"type":"Feature","properties":{"TreeNo":"1871","Plot":"Plot 2"},"geometry":{"type":"Point","coordinates":[77.07804293113249,10.480968102423594]}},{"type":"Feature","properties":{"TreeNo":"1872","Plot":"Plot 2"},"geometry":{"type":"Point","coordinates":[77.0779660535284,10.480974202266571]}},{"type":"Feature","properties":{"TreeNo":"1873","Plot":"Plot 2"},"geometry":{"type":"Point","coordinates":[77.07789086137275,10.480978611791812]}},{"type":"Feature","properties":{"TreeNo":"1874","Plot":"Plot 2"},"geometry":{"type":"Point","coordinates":[77.07781565054879,10.480980222604913]}},{"type":"Feature","properties":{"TreeNo":"1875","Plot":"Plot 2"},"geometry":{"type":"Point","coordinates":[77.07774439111337,10.480980688064035]}},{"type":"Feature","properties":{"TreeNo":"1876","Plot":"Plot 2"},"geometry":{"type":"Point","coordinates":[77.07766523635262,10.48098456365618]}},{"type":"Feature","properties":{"TreeNo":"1877","Plot":"Plot 2"},"geometry":{"type":"Point","coordinates":[77.07759341882252,10.480986152253662]}},{"type":"Feature","properties":{"TreeNo":"1878","Plot":"Plot 2"},"geometry":{"type":"Point","coordinates":[77.0775159495087,10.4809883375107]}},{"type":"Feature","properties":{"TreeNo":"1879","Plot":"Plot 2"},"geometry":{"type":"Point","coordinates":[77.07744188096113,10.480991620066115]}},{"type":"Feature","properties":{"TreeNo":"1880","Plot":"Plot 2"},"geometry":{"type":"Point","coordinates":[77.07736892858415,10.480992656261337]}},{"type":"Feature","properties":{"TreeNo":"1881","Plot":"Plot 2"},"geometry":{"type":"Point","coordinates":[77.07729486375891,10.48099649852212]}},{"type":"Feature","properties":{"TreeNo":"1882","Plot":"Plot 2"},"geometry":{"type":"Point","coordinates":[77.07722190764221,10.480996974944746]}},{"type":"Feature","properties":{"TreeNo":"1883","Plot":"Plot 2"},"geometry":{"type":"Point","coordinates":[77.07714217983136,10.480999734623415]}},{"type":"Feature","properties":{"TreeNo":"1884","Plot":"Plot 2"},"geometry":{"type":"Point","coordinates":[77.07707321987853,10.481005782553273]}},{"type":"Feature","properties":{"TreeNo":"1885","Plot":"Plot 2"},"geometry":{"type":"Point","coordinates":[77.07699969446686,10.481005702879004]}},{"type":"Feature","properties":{"TreeNo":"1886","Plot":"Plot 2"},"geometry":{"type":"Point","coordinates":[77.07691772682081,10.481011835708756]}},{"type":"Feature","properties":{"TreeNo":"1887","Plot":"Plot 2"},"geometry":{"type":"Point","coordinates":[77.07684306283618,10.481010643905119]}},{"type":"Feature","properties":{"TreeNo":"1888","Plot":"Plot 2"},"geometry":{"type":"Point","coordinates":[77.07685772394136,10.481088915093896]}},{"type":"Feature","properties":{"TreeNo":"1889","Plot":"Plot 2"},"geometry":{"type":"Point","coordinates":[77.07693575513667,10.481086166559708]}},{"type":"Feature","properties":{"TreeNo":"1890","Plot":"Plot 2"},"geometry":{"type":"Point","coordinates":[77.07700925072118,10.48108176833124]}},{"type":"Feature","properties":{"TreeNo":"1891","Plot":"Plot 2"},"geometry":{"type":"Point","coordinates":[77.07708161519726,10.481077377472003]}},{"type":"Feature","properties":{"TreeNo":"1892","Plot":"Plot 2"},"geometry":{"type":"Point","coordinates":[77.07715966130257,10.481076867840505]}},{"type":"Feature","properties":{"TreeNo":"1893","Plot":"Plot 2"},"geometry":{"type":"Point","coordinates":[77.07722977848907,10.48107473067698]}},{"type":"Feature","properties":{"TreeNo":"1894","Plot":"Plot 2"},"geometry":{"type":"Point","coordinates":[77.07730780219634,10.481070862574498]}},{"type":"Feature","properties":{"TreeNo":"1895","Plot":"Plot 2"},"geometry":{"type":"Point","coordinates":[77.07737281448453,10.4810665196632]}},{"type":"Feature","properties":{"TreeNo":"1896","Plot":"Plot 2"},"geometry":{"type":"Point","coordinates":[77.0774553663238,10.481063181716868]}},{"type":"Feature","properties":{"TreeNo":"1897","Plot":"Plot 2"},"geometry":{"type":"Point","coordinates":[77.07752606770399,10.481063839490648]}},{"type":"Feature","properties":{"TreeNo":"1898","Plot":"Plot 2"},"geometry":{"type":"Point","coordinates":[77.07760523742199,10.48106220288508]}},{"type":"Feature","properties":{"TreeNo":"1899","Plot":"Plot 2"},"geometry":{"type":"Point","coordinates":[77.07768044827651,10.481060592117773]}},{"type":"Feature","properties":{"TreeNo":"1900","Plot":"Plot 2"},"geometry":{"type":"Point","coordinates":[77.07775226955188,10.481059563236393]}},{"type":"Feature","properties":{"TreeNo":"1901","Plot":"Plot 2"},"geometry":{"type":"Point","coordinates":[77.07782576508166,10.481055164822521]}},{"type":"Feature","properties":{"TreeNo":"1902","Plot":"Plot 2"},"geometry":{"type":"Point","coordinates":[77.0779020808964,10.481049628442419]}},{"type":"Feature","properties":{"TreeNo":"1903","Plot":"Plot 2"},"geometry":{"type":"Point","coordinates":[77.07798126552194,10.481050230699818]}},{"type":"Feature","properties":{"TreeNo":"1904","Plot":"Plot 2"},"geometry":{"type":"Point","coordinates":[77.07805533778601,10.481047507755992]}},{"type":"Feature","properties":{"TreeNo":"1905","Plot":"Plot 2"},"geometry":{"type":"Point","coordinates":[77.07812686133249,10.481044241682737]}},{"type":"Feature","properties":{"TreeNo":"1906","Plot":"Plot 2"},"geometry":{"type":"Point","coordinates":[77.07816786097067,10.481001151942618]}},{"type":"Feature","properties":{"TreeNo":"1907","Plot":"Plot 2"},"geometry":{"type":"Point","coordinates":[77.07824927513317,10.481039243703014]}},{"type":"Feature","properties":{"TreeNo":"1908","Plot":"Plot 2"},"geometry":{"type":"Point","coordinates":[77.07817177505831,10.481079213339447]}},{"type":"Feature","properties":{"TreeNo":"1909","Plot":"Plot 2"},"geometry":{"type":"Point","coordinates":[77.0781386651307,10.481118053313313]}},{"type":"Feature","properties":{"TreeNo":"1910","Plot":"Plot 2"},"geometry":{"type":"Point","coordinates":[77.07806487003053,10.481119934824005]}},{"type":"Feature","properties":{"TreeNo":"1911","Plot":"Plot 2"},"geometry":{"type":"Point","coordinates":[77.07798653558449,10.481119606918513]}},{"type":"Feature","properties":{"TreeNo":"1912","Plot":"Plot 2"},"geometry":{"type":"Point","coordinates":[77.07791190521388,10.48112345302193]}},{"type":"Feature","properties":{"TreeNo":"1913","Plot":"Plot 2"},"geometry":{"type":"Point","coordinates":[77.07784321312685,10.481127260318248]}},{"type":"Feature","properties":{"TreeNo":"1914","Plot":"Plot 2"},"geometry":{"type":"Point","coordinates":[77.07776121191598,10.481128355717761]}},{"type":"Feature","properties":{"TreeNo":"1915","Plot":"Plot 2"},"geometry":{"type":"Point","coordinates":[77.07769053292509,10.481131056433146]}},{"type":"Feature","properties":{"TreeNo":"1916","Plot":"Plot 2"},"geometry":{"type":"Point","coordinates":[77.07761701870837,10.481132656124444]}},{"type":"Feature","properties":{"TreeNo":"1917","Plot":"Plot 2"},"geometry":{"type":"Point","coordinates":[77.0775384182567,10.481134848781668]}},{"type":"Feature","properties":{"TreeNo":"1918","Plot":"Plot 2"},"geometry":{"type":"Point","coordinates":[77.07746434594387,10.48113757160986]}},{"type":"Feature","properties":{"TreeNo":"1919","Plot":"Plot 2"},"geometry":{"type":"Point","coordinates":[77.07738406375528,10.481142014266588]}},{"type":"Feature","properties":{"TreeNo":"1920","Plot":"Plot 2"},"geometry":{"type":"Point","coordinates":[77.07731337727822,10.481143595421068]}},{"type":"Feature","properties":{"TreeNo":"1921","Plot":"Plot 2"},"geometry":{"type":"Point","coordinates":[77.07724438372048,10.48114460574115]}},{"type":"Feature","properties":{"TreeNo":"1922","Plot":"Plot 2"},"geometry":{"type":"Point","coordinates":[77.07716240486127,10.48114905942251]}},{"type":"Feature","properties":{"TreeNo":"1923","Plot":"Plot 2"},"geometry":{"type":"Point","coordinates":[77.07709427827942,10.481152862866715]}},{"type":"Feature","properties":{"TreeNo":"1924","Plot":"Plot 2"},"geometry":{"type":"Point","coordinates":[77.07701765535892,10.481154762601841]}},{"type":"Feature","properties":{"TreeNo":"1925","Plot":"Plot 2"},"geometry":{"type":"Point","coordinates":[77.07694328904411,10.481155807939018]}},{"type":"Feature","properties":{"TreeNo":"1926","Plot":"Plot 2"},"geometry":{"type":"Point","coordinates":[77.07687033287378,10.481156284288202]}},{"type":"Feature","properties":{"TreeNo":"1927","Plot":"Plot 2"},"geometry":{"type":"Point","coordinates":[77.07688416805759,10.481237919446992]}},{"type":"Feature","properties":{"TreeNo":"1928","Plot":"Plot 2"},"geometry":{"type":"Point","coordinates":[77.07695371041437,10.48123438668156]}},{"type":"Feature","properties":{"TreeNo":"1929","Plot":"Plot 2"},"geometry":{"type":"Point","coordinates":[77.07703089890957,10.48123248326515]}},{"type":"Feature","properties":{"TreeNo":"1930","Plot":"Plot 2"},"geometry":{"type":"Point","coordinates":[77.07710750692296,10.481228344566404]}},{"type":"Feature","properties":{"TreeNo":"1931","Plot":"Plot 2"},"geometry":{"type":"Point","coordinates":[77.07718070669434,10.481221989051765]}},{"type":"Feature","properties":{"TreeNo":"1932","Plot":"Plot 2"},"geometry":{"type":"Point","coordinates":[77.07725646823437,10.481218135727262]}},{"type":"Feature","properties":{"TreeNo":"1933","Plot":"Plot 2"},"geometry":{"type":"Point","coordinates":[77.07733436593404,10.481237778500947]}},{"type":"Feature","properties":{"TreeNo":"1934","Plot":"Plot 2"},"geometry":{"type":"Point","coordinates":[77.07740560305544,10.481233954687825]}},{"type":"Feature","properties":{"TreeNo":"1935","Plot":"Plot 2"},"geometry":{"type":"Point","coordinates":[77.07747338714988,10.481221197196021]}},{"type":"Feature","properties":{"TreeNo":"1936","Plot":"Plot 2"},"geometry":{"type":"Point","coordinates":[77.07754914867245,10.481217343802484]}},{"type":"Feature","properties":{"TreeNo":"1937","Plot":"Plot 2"},"geometry":{"type":"Point","coordinates":[77.07762769315991,10.481206755053481]}},{"type":"Feature","properties":{"TreeNo":"1938","Plot":"Plot 2"},"geometry":{"type":"Point","coordinates":[77.07770288911836,10.48120290531826]}},{"type":"Feature","properties":{"TreeNo":"1939","Plot":"Plot 2"},"geometry":{"type":"Point","coordinates":[77.07777299510823,10.481199088813293]}},{"type":"Feature","properties":{"TreeNo":"1940","Plot":"Plot 2"},"geometry":{"type":"Point","coordinates":[77.07784991757211,10.481199705872896]}},{"type":"Feature","properties":{"TreeNo":"1941","Plot":"Plot 2"},"geometry":{"type":"Point","coordinates":[77.07792684376547,10.481200882652722]}},{"type":"Feature","properties":{"TreeNo":"1942","Plot":"Plot 2"},"geometry":{"type":"Point","coordinates":[77.07800375129096,10.481199260719436]}},{"type":"Feature","properties":{"TreeNo":"1943","Plot":"Plot 2"},"geometry":{"type":"Point","coordinates":[77.07807667382086,10.48119374645882]}},{"type":"Feature","properties":{"TreeNo":"1944","Plot":"Plot 2"},"geometry":{"type":"Point","coordinates":[77.0781495926117,10.481187672443141]}},{"type":"Feature","properties":{"TreeNo":"1945","Plot":"Plot 2"},"geometry":{"type":"Point","coordinates":[77.07824965605121,10.481265945303319]}},{"type":"Feature","properties":{"TreeNo":"1946","Plot":"Plot 2"},"geometry":{"type":"Point","coordinates":[77.07816482333534,10.481266499550136]}},{"type":"Feature","properties":{"TreeNo":"1947","Plot":"Plot 2"},"geometry":{"type":"Point","coordinates":[77.07809074729235,10.481268662790413]}},{"type":"Feature","properties":{"TreeNo":"1948","Plot":"Plot 2"},"geometry":{"type":"Point","coordinates":[77.07801783221207,10.481275296535292]}},{"type":"Feature","properties":{"TreeNo":"1949","Plot":"Plot 2"},"geometry":{"type":"Point","coordinates":[77.07793693594479,10.481272466425924]}},{"type":"Feature","properties":{"TreeNo":"1950","Plot":"Plot 2"},"geometry":{"type":"Point","coordinates":[77.07786116696639,10.481275200435693]}},{"type":"Feature","properties":{"TreeNo":"1951","Plot":"Plot 2"},"geometry":{"type":"Point","coordinates":[77.07778935311181,10.481277348829046]}},{"type":"Feature","properties":{"TreeNo":"1952","Plot":"Plot 2"},"geometry":{"type":"Point","coordinates":[77.07771185760939,10.481275615974594]}},{"type":"Feature","properties":{"TreeNo":"1953","Plot":"Plot 2"},"geometry":{"type":"Point","coordinates":[77.0776315791337,10.48128061843896]}},{"type":"Feature","properties":{"TreeNo":"1954","Plot":"Plot 2"},"geometry":{"type":"Point","coordinates":[77.07755748813055,10.481280542600174]}},{"type":"Feature","properties":{"TreeNo":"1955","Plot":"Plot 2"},"geometry":{"type":"Point","coordinates":[77.07748514602808,10.481288292009834]}},{"type":"Feature","properties":{"TreeNo":"1956","Plot":"Plot 2"},"geometry":{"type":"Point","coordinates":[77.07741103262491,10.481284857702743]}},{"type":"Feature","properties":{"TreeNo":"1957","Plot":"Plot 2"},"geometry":{"type":"Point","coordinates":[77.07733700505128,10.481294297377618]}},{"type":"Feature","properties":{"TreeNo":"1958","Plot":"Plot 2"},"geometry":{"type":"Point","coordinates":[77.07726460322365,10.48129309091256]}},{"type":"Feature","properties":{"TreeNo":"1959","Plot":"Plot 2"},"geometry":{"type":"Point","coordinates":[77.07718714501046,10.481296955321993]}},{"type":"Feature","properties":{"TreeNo":"1960","Plot":"Plot 2"},"geometry":{"type":"Point","coordinates":[77.07711364192353,10.481300234122424]}},{"type":"Feature","properties":{"TreeNo":"1961","Plot":"Plot 2"},"geometry":{"type":"Point","coordinates":[77.0770423935769,10.48130237865604]}},{"type":"Feature","properties":{"TreeNo":"1962","Plot":"Plot 2"},"geometry":{"type":"Point","coordinates":[77.07696382663093,10.48130960883332]}},{"type":"Feature","properties":{"TreeNo":"1963","Plot":"Plot 2"},"geometry":{"type":"Point","coordinates":[77.07689144717057,10.481311760719272]}},{"type":"Feature","properties":{"TreeNo":"1964","Plot":"Plot 2"},"geometry":{"type":"Point","coordinates":[77.07689813088993,10.481381127768984]}},{"type":"Feature","properties":{"TreeNo":"1965","Plot":"Plot 2"},"geometry":{"type":"Point","coordinates":[77.07697275764964,10.481376722150191]}},{"type":"Feature","properties":{"TreeNo":"1966","Plot":"Plot 2"},"geometry":{"type":"Point","coordinates":[77.0770513544621,10.481373969881206]}},{"type":"Feature","properties":{"TreeNo":"1967","Plot":"Plot 2"},"geometry":{"type":"Point","coordinates":[77.07712827700203,10.481374587107444]}},{"type":"Feature","properties":{"TreeNo":"1968","Plot":"Plot 2"},"geometry":{"type":"Point","coordinates":[77.07720405723985,10.481373532484014]}},{"type":"Feature","properties":{"TreeNo":"1969","Plot":"Plot 2"},"geometry":{"type":"Point","coordinates":[77.07727415210027,10.481368036863186]}},{"type":"Feature","properties":{"TreeNo":"1970","Plot":"Plot 2"},"geometry":{"type":"Point","coordinates":[77.07734992486552,10.481365862727163]}},{"type":"Feature","properties":{"TreeNo":"1971","Plot":"Plot 2"},"geometry":{"type":"Point","coordinates":[77.07742004583913,10.481364285248539]}},{"type":"Feature","properties":{"TreeNo":"1972","Plot":"Plot 2"},"geometry":{"type":"Point","coordinates":[77.07749694596728,10.48136154395155]}},{"type":"Feature","properties":{"TreeNo":"1973","Plot":"Plot 2"},"geometry":{"type":"Point","coordinates":[77.07757046024388,10.48135994427756]}},{"type":"Feature","properties":{"TreeNo":"1974","Plot":"Plot 2"},"geometry":{"type":"Point","coordinates":[77.0776445139416,10.481354422719708]}},{"type":"Feature","properties":{"TreeNo":"1975","Plot":"Plot 2"},"geometry":{"type":"Point","coordinates":[77.07771972859692,10.481353371668598]}},{"type":"Feature","properties":{"TreeNo":"1976","Plot":"Plot 2"},"geometry":{"type":"Point","coordinates":[77.07779094332705,10.481346189331274]}},{"type":"Feature","properties":{"TreeNo":"1977","Plot":"Plot 2"},"geometry":{"type":"Point","coordinates":[77.07787239397297,10.481347336563203]}},{"type":"Feature","properties":{"TreeNo":"1978","Plot":"Plot 2"},"geometry":{"type":"Point","coordinates":[77.07794872105401,10.481343479375091]}},{"type":"Feature","properties":{"TreeNo":"1979","Plot":"Plot 2"},"geometry":{"type":"Point","coordinates":[77.07803014929351,10.48134126813343]}},{"type":"Feature","properties":{"TreeNo":"1980","Plot":"Plot 2"},"geometry":{"type":"Point","coordinates":[77.07817062353645,10.481330554542703]}},{"type":"Feature","properties":{"TreeNo":"1981","Plot":"Plot 2"},"geometry":{"type":"Point","coordinates":[77.07803460092151,10.481415127800052]}},{"type":"Feature","properties":{"TreeNo":"1982","Plot":"Plot 2"},"geometry":{"type":"Point","coordinates":[77.07795911655644,10.481418139861724]}},{"type":"Feature","properties":{"TreeNo":"1983","Plot":"Plot 2"},"geometry":{"type":"Point","coordinates":[77.07788479501912,10.481425902297577]}},{"type":"Feature","properties":{"TreeNo":"1984","Plot":"Plot 2"},"geometry":{"type":"Point","coordinates":[77.0778095672901,10.481424994304714]}},{"type":"Feature","properties":{"TreeNo":"1985","Plot":"Plot 2"},"geometry":{"type":"Point","coordinates":[77.07773491070878,10.481424922208216]}},{"type":"Feature","properties":{"TreeNo":"1986","Plot":"Plot 2"},"geometry":{"type":"Point","coordinates":[77.07765688320704,10.481428230692481]}},{"type":"Feature","properties":{"TreeNo":"1987","Plot":"Plot 2"},"geometry":{"type":"Point","coordinates":[77.07758283322508,10.48143431199554]}},{"type":"Feature","properties":{"TreeNo":"1988","Plot":"Plot 2"},"geometry":{"type":"Point","coordinates":[77.07750704925931,10.48143480697283]}},{"type":"Feature","properties":{"TreeNo":"1989","Plot":"Plot 2"},"geometry":{"type":"Point","coordinates":[77.07743126155775,10.481434742193025]}},{"type":"Feature","properties":{"TreeNo":"1990","Plot":"Plot 2"},"geometry":{"type":"Point","coordinates":[77.07735604686849,10.481435793179816]}},{"type":"Feature","properties":{"TreeNo":"1991","Plot":"Plot 2"},"geometry":{"type":"Point","coordinates":[77.07728485447969,10.481446333860255]}},{"type":"Feature","properties":{"TreeNo":"1992","Plot":"Plot 2"},"geometry":{"type":"Point","coordinates":[77.07721299577683,10.481441765261899]}},{"type":"Feature","properties":{"TreeNo":"1993","Plot":"Plot 2"},"geometry":{"type":"Point","coordinates":[77.07713384833042,10.481446760223703]}},{"type":"Feature","properties":{"TreeNo":"1994","Plot":"Plot 2"},"geometry":{"type":"Point","coordinates":[77.07705862989214,10.481447251401649]}},{"type":"Feature","properties":{"TreeNo":"1995","Plot":"Plot 2"},"geometry":{"type":"Point","coordinates":[77.07698343010621,10.481450541258]}},{"type":"Feature","properties":{"TreeNo":"1996","Plot":"Plot 2"},"geometry":{"type":"Point","coordinates":[77.0769116310909,10.481454928418943]}},{"type":"Feature","properties":{"TreeNo":"1997","Plot":"Plot 2"},"geometry":{"type":"Point","coordinates":[77.0769279851815,10.48153262877756]}},{"type":"Feature","properties":{"TreeNo":"1998","Plot":"Plot 2"},"geometry":{"type":"Point","coordinates":[77.07699410257119,10.481524360364162]}},{"type":"Feature","properties":{"TreeNo":"1999","Plot":"Plot 2"},"geometry":{"type":"Point","coordinates":[77.07706704016495,10.481521085274071]}},{"type":"Feature","properties":{"TreeNo":"2000","Plot":"Plot 2"},"geometry":{"type":"Point","coordinates":[77.07713831468074,10.481522858899615]}},{"type":"Feature","properties":{"TreeNo":"2001","Plot":"Plot 2"},"geometry":{"type":"Point","coordinates":[77.07722027498056,10.481515606509895]}},{"type":"Feature","properties":{"TreeNo":"2002","Plot":"Plot 2"},"geometry":{"type":"Point","coordinates":[77.07730114521796,10.481514518616956]}},{"type":"Feature","properties":{"TreeNo":"2003","Plot":"Plot 2"},"geometry":{"type":"Point","coordinates":[77.07736618372144,10.481514093863]}},{"type":"Feature","properties":{"TreeNo":"2004","Plot":"Plot 2"},"geometry":{"type":"Point","coordinates":[77.07743064547384,10.481511993572239]}},{"type":"Feature","properties":{"TreeNo":"2005","Plot":"Plot 2"},"geometry":{"type":"Point","coordinates":[77.07751375178228,10.481506972677488]}},{"type":"Feature","properties":{"TreeNo":"2006","Plot":"Plot 2"},"geometry":{"type":"Point","coordinates":[77.07758952083596,10.481504238739175]}},{"type":"Feature","properties":{"TreeNo":"2007","Plot":"Plot 2"},"geometry":{"type":"Point","coordinates":[77.07766020364866,10.481502097768884]}},{"type":"Feature","properties":{"TreeNo":"2008","Plot":"Plot 2"},"geometry":{"type":"Point","coordinates":[77.07774106639393,10.481499890287047]}},{"type":"Feature","properties":{"TreeNo":"2009","Plot":"Plot 2"},"geometry":{"type":"Point","coordinates":[77.07781570806202,10.481497723422919]}},{"type":"Feature","properties":{"TreeNo":"2010","Plot":"Plot 2"},"geometry":{"type":"Point","coordinates":[77.07789090034616,10.481493313891333]}},{"type":"Feature","properties":{"TreeNo":"2011","Plot":"Plot 2"},"geometry":{"type":"Point","coordinates":[77.07796612622167,10.481493941992285]}},{"type":"Feature","properties":{"TreeNo":"2012","Plot":"Plot 2"},"geometry":{"type":"Point","coordinates":[77.07804695534912,10.48148669678377]}},{"type":"Feature","properties":{"TreeNo":"2013","Plot":"Plot 2"},"geometry":{"type":"Point","coordinates":[77.07811232234346,10.481535528895298]}},{"type":"Feature","properties":{"TreeNo":"2014","Plot":"Plot 2"},"geometry":{"type":"Point","coordinates":[77.07805426088233,10.48156445614625]}},{"type":"Feature","properties":{"TreeNo":"2015","Plot":"Plot 2"},"geometry":{"type":"Point","coordinates":[77.07798131960021,10.48156717172398]}},{"type":"Feature","properties":{"TreeNo":"2016","Plot":"Plot 2"},"geometry":{"type":"Point","coordinates":[77.07790440078428,10.481567114452565]}},{"type":"Feature","properties":{"TreeNo":"2017","Plot":"Plot 2"},"geometry":{"type":"Point","coordinates":[77.07782920101778,10.481570404512858]}},{"type":"Feature","properties":{"TreeNo":"2018","Plot":"Plot 2"},"geometry":{"type":"Point","coordinates":[77.07775457799632,10.481575370078234]}},{"type":"Feature","properties":{"TreeNo":"2019","Plot":"Plot 2"},"geometry":{"type":"Point","coordinates":[77.07767539322639,10.481574767789915]}},{"type":"Feature","properties":{"TreeNo":"2020","Plot":"Plot 2"},"geometry":{"type":"Point","coordinates":[77.07760413738104,10.481575792982726]}},{"type":"Feature","properties":{"TreeNo":"2021","Plot":"Plot 2"},"geometry":{"type":"Point","coordinates":[77.07752725586761,10.481581333010753]}},{"type":"Feature","properties":{"TreeNo":"2022","Plot":"Plot 2"},"geometry":{"type":"Point","coordinates":[77.07745148492579,10.48158378706838]}},{"type":"Feature","properties":{"TreeNo":"2023","Plot":"Plot 2"},"geometry":{"type":"Point","coordinates":[77.07738025145973,10.481588170646042]}},{"type":"Feature","properties":{"TreeNo":"2024","Plot":"Plot 2"},"geometry":{"type":"Point","coordinates":[77.07730899186556,10.481588636034342]}},{"type":"Feature","properties":{"TreeNo":"2025","Plot":"Plot 2"},"geometry":{"type":"Point","coordinates":[77.0772323856425,10.481593054667627]}},{"type":"Feature","properties":{"TreeNo":"2026","Plot":"Plot 2"},"geometry":{"type":"Point","coordinates":[77.0771546184562,10.48159300275598]}},{"type":"Feature","properties":{"TreeNo":"2027","Plot":"Plot 2"},"geometry":{"type":"Point","coordinates":[77.07707630810239,10.481596312953553]}},{"type":"Feature","properties":{"TreeNo":"2028","Plot":"Plot 2"},"geometry":{"type":"Point","coordinates":[77.07700139852062,10.481600720452889]}},{"type":"Feature","properties":{"TreeNo":"2029","Plot":"Plot 2"},"geometry":{"type":"Point","coordinates":[77.07693691807408,10.481600021964434]}},{"type":"Feature","properties":{"TreeNo":"2030","Plot":"Plot 2"},"geometry":{"type":"Point","coordinates":[77.07694195740143,10.481677236436848]}},{"type":"Feature","properties":{"TreeNo":"2031","Plot":"Plot 2"},"geometry":{"type":"Point","coordinates":[77.07702106760449,10.481666644118961]}},{"type":"Feature","properties":{"TreeNo":"2032","Plot":"Plot 2"},"geometry":{"type":"Point","coordinates":[77.07708836089861,10.481665085165275]}},{"type":"Feature","properties":{"TreeNo":"2033","Plot":"Plot 2"},"geometry":{"type":"Point","coordinates":[77.0771635719248,10.48166347449189]}},{"type":"Feature","properties":{"TreeNo":"2034","Plot":"Plot 2"},"geometry":{"type":"Point","coordinates":[77.07724385052869,10.48165847212547]}},{"type":"Feature","properties":{"TreeNo":"2035","Plot":"Plot 2"},"geometry":{"type":"Point","coordinates":[77.07731738727925,10.481660230930986]}},{"type":"Feature","properties":{"TreeNo":"2036","Plot":"Plot 2"},"geometry":{"type":"Point","coordinates":[77.07738866554952,10.481662564233066]}},{"type":"Feature","properties":{"TreeNo":"2037","Plot":"Plot 2"},"geometry":{"type":"Point","coordinates":[77.07746214258083,10.48165536717987]}},{"type":"Feature","properties":{"TreeNo":"2038","Plot":"Plot 2"},"geometry":{"type":"Point","coordinates":[77.07754356346473,10.481652036568558]}},{"type":"Feature","properties":{"TreeNo":"2039","Plot":"Plot 2"},"geometry":{"type":"Point","coordinates":[77.07761706287758,10.481648197914707]}},{"type":"Feature","properties":{"TreeNo":"2040","Plot":"Plot 2"},"geometry":{"type":"Point","coordinates":[77.07768606399465,10.481648306970527]}},{"type":"Feature","properties":{"TreeNo":"2041","Plot":"Plot 2"},"geometry":{"type":"Point","coordinates":[77.07776241355597,10.48164780824632]}},{"type":"Feature","properties":{"TreeNo":"2042","Plot":"Plot 2"},"geometry":{"type":"Point","coordinates":[77.07783988301951,10.481645622898139]}},{"type":"Feature","properties":{"TreeNo":"2043","Plot":"Plot 2"},"geometry":{"type":"Point","coordinates":[77.07791340854448,10.481645702349]}},{"type":"Feature","properties":{"TreeNo":"2044","Plot":"Plot 2"},"geometry":{"type":"Point","coordinates":[77.07799593063797,10.481637886323105]}},{"type":"Feature","properties":{"TreeNo":"2045","Plot":"Plot 2"},"geometry":{"type":"Point","coordinates":[77.07806493173678,10.481637995297081]}},{"type":"Feature","properties":{"TreeNo":"2046","Plot":"Plot 2"},"geometry":{"type":"Point","coordinates":[77.07805640928724,10.481716977591274]}},{"type":"Feature","properties":{"TreeNo":"2047","Plot":"Plot 2"},"geometry":{"type":"Point","coordinates":[77.07799589145559,10.481716813197515]}},{"type":"Feature","properties":{"TreeNo":"2048","Plot":"Plot 2"},"geometry":{"type":"Point","coordinates":[77.07792350448825,10.481717845857474]}},{"type":"Feature","properties":{"TreeNo":"2049","Plot":"Plot 2"},"geometry":{"type":"Point","coordinates":[77.07785225235486,10.48171943085095]}},{"type":"Feature","properties":{"TreeNo":"2050","Plot":"Plot 2"},"geometry":{"type":"Point","coordinates":[77.0777736517689,10.481721623594375]}},{"type":"Feature","properties":{"TreeNo":"2051","Plot":"Plot 2"},"geometry":{"type":"Point","coordinates":[77.07770124985937,10.481720417248205]}},{"type":"Feature","properties":{"TreeNo":"2052","Plot":"Plot 2"},"geometry":{"type":"Point","coordinates":[77.07762322228218,10.481723725738426]}},{"type":"Feature","properties":{"TreeNo":"2053","Plot":"Plot 2"},"geometry":{"type":"Point","coordinates":[77.07754522455825,10.481731512121982]}},{"type":"Feature","properties":{"TreeNo":"2054","Plot":"Plot 2"},"geometry":{"type":"Point","coordinates":[77.07746999114218,10.481729764454162]}},{"type":"Feature","properties":{"TreeNo":"2055","Plot":"Plot 2"},"geometry":{"type":"Point","coordinates":[77.07739817343128,10.481731353040622]}},{"type":"Feature","properties":{"TreeNo":"2056","Plot":"Plot 2"},"geometry":{"type":"Point","coordinates":[77.07732637064423,10.48173518056739]}},{"type":"Feature","properties":{"TreeNo":"2057","Plot":"Plot 2"},"geometry":{"type":"Point","coordinates":[77.07725340316068,10.481733977813047]}},{"type":"Feature","properties":{"TreeNo":"2058","Plot":"Plot 2"},"geometry":{"type":"Point","coordinates":[77.07717425191186,10.481738413059796]}},{"type":"Feature","properties":{"TreeNo":"2059","Plot":"Plot 2"},"geometry":{"type":"Point","coordinates":[77.07710127695822,10.481736090792197]}},{"type":"Feature","properties":{"TreeNo":"2060","Plot":"Plot 2"},"geometry":{"type":"Point","coordinates":[77.07702665012107,10.481740496457247]}},{"type":"Feature","properties":{"TreeNo":"2061","Plot":"Plot 2"},"geometry":{"type":"Point","coordinates":[77.07695543898262,10.481748238383057]}},{"type":"Feature","properties":{"TreeNo":"2062","Plot":"Plot 2"},"geometry":{"type":"Point","coordinates":[77.07696270695386,10.481820400428289]}},{"type":"Feature","properties":{"TreeNo":"2063","Plot":"Plot 2"},"geometry":{"type":"Point","coordinates":[77.07703733754522,10.481816554513633]}},{"type":"Feature","properties":{"TreeNo":"2064","Plot":"Plot 2"},"geometry":{"type":"Point","coordinates":[77.07711425273214,10.481816052243937]}},{"type":"Feature","properties":{"TreeNo":"2065","Plot":"Plot 2"},"geometry":{"type":"Point","coordinates":[77.07718606301307,10.481813344239324]}},{"type":"Feature","properties":{"TreeNo":"2066","Plot":"Plot 2"},"geometry":{"type":"Point","coordinates":[77.07726126287436,10.481810054318702]}},{"type":"Feature","properties":{"TreeNo":"2067","Plot":"Plot 2"},"geometry":{"type":"Point","coordinates":[77.0773342266435,10.481810697328717]}},{"type":"Feature","properties":{"TreeNo":"2068","Plot":"Plot 2"},"geometry":{"type":"Point","coordinates":[77.07740999951265,10.481808523157842]}},{"type":"Feature","properties":{"TreeNo":"2069","Plot":"Plot 2"},"geometry":{"type":"Point","coordinates":[77.07748519189553,10.481804113706826]}},{"type":"Feature","properties":{"TreeNo":"2070","Plot":"Plot 2"},"geometry":{"type":"Point","coordinates":[77.07755756397437,10.481800842186514]}},{"type":"Feature","properties":{"TreeNo":"2071","Plot":"Plot 2"},"geometry":{"type":"Point","coordinates":[77.07763674880742,10.481801444493195]}},{"type":"Feature","properties":{"TreeNo":"2072","Plot":"Plot 2"},"geometry":{"type":"Point","coordinates":[77.07770742421954,10.48179818402163]}},{"type":"Feature","properties":{"TreeNo":"2073","Plot":"Plot 2"},"geometry":{"type":"Point","coordinates":[77.07778372902315,10.48179096841804]}},{"type":"Feature","properties":{"TreeNo":"2074","Plot":"Plot 2"},"geometry":{"type":"Point","coordinates":[77.07786121718554,10.481791581752411]}},{"type":"Feature","properties":{"TreeNo":"2075","Plot":"Plot 2"},"geometry":{"type":"Point","coordinates":[77.07793303862047,10.481790552797985]}},{"type":"Feature","properties":{"TreeNo":"2076","Plot":"Plot 2"},"geometry":{"type":"Point","coordinates":[77.07800710919547,10.481787549962217]}},{"type":"Feature","properties":{"TreeNo":"2077","Plot":"Plot 2"},"geometry":{"type":"Point","coordinates":[77.07805799584932,10.4817852583398]}},{"type":"Feature","properties":{"TreeNo":"2078","Plot":"Plot 2"},"geometry":{"type":"Point","coordinates":[77.07801945431544,10.481857719596706]}},{"type":"Feature","properties":{"TreeNo":"2079","Plot":"Plot 2"},"geometry":{"type":"Point","coordinates":[77.07794765526776,10.481862107006815]}},{"type":"Feature","properties":{"TreeNo":"2080","Plot":"Plot 2"},"geometry":{"type":"Point","coordinates":[77.07787131499538,10.4818640051328]}},{"type":"Feature","properties":{"TreeNo":"2081","Plot":"Plot 2"},"geometry":{"type":"Point","coordinates":[77.07779130422529,10.481866766862947]}},{"type":"Feature","properties":{"TreeNo":"2082","Plot":"Plot 2"},"geometry":{"type":"Point","coordinates":[77.07772119622133,10.481870303531128]}},{"type":"Feature","properties":{"TreeNo":"2083","Plot":"Plot 2"},"geometry":{"type":"Point","coordinates":[77.07764287276775,10.481871654794038]}},{"type":"Feature","properties":{"TreeNo":"2084","Plot":"Plot 2"},"geometry":{"type":"Point","coordinates":[77.07756850258048,10.481872140570905]}},{"type":"Feature","properties":{"TreeNo":"2085","Plot":"Plot 2"},"geometry":{"type":"Point","coordinates":[77.077496145415,10.481877651052983]}},{"type":"Feature","properties":{"TreeNo":"2086","Plot":"Plot 2"},"geometry":{"type":"Point","coordinates":[77.07741979578442,10.48187814972411]}},{"type":"Feature","properties":{"TreeNo":"2087","Plot":"Plot 2"},"geometry":{"type":"Point","coordinates":[77.07734744234033,10.481884219912185]}},{"type":"Feature","properties":{"TreeNo":"2088","Plot":"Plot 2"},"geometry":{"type":"Point","coordinates":[77.0772744636269,10.481881337952066]}},{"type":"Feature","properties":{"TreeNo":"2089","Plot":"Plot 2"},"geometry":{"type":"Point","coordinates":[77.07720265706685,10.48188460571864]}},{"type":"Feature","properties":{"TreeNo":"2090","Plot":"Plot 2"},"geometry":{"type":"Point","coordinates":[77.07712010126431,10.481887383902295]}},{"type":"Feature","properties":{"TreeNo":"2091","Plot":"Plot 2"},"geometry":{"type":"Point","coordinates":[77.07704774406741,10.481892894284476]}},{"type":"Feature","properties":{"TreeNo":"2092","Plot":"Plot 2"},"geometry":{"type":"Point","coordinates":[77.07697254044278,10.48189562441961]}},{"type":"Feature","properties":{"TreeNo":"2093","Plot":"Plot 2"},"geometry":{"type":"Point","coordinates":[77.07704047374065,10.481990060738525]}},{"type":"Feature","properties":{"TreeNo":"2094","Plot":"Plot 2"},"geometry":{"type":"Point","coordinates":[77.0771077092631,10.481979825810251]}},{"type":"Feature","properties":{"TreeNo":"2095","Plot":"Plot 2"},"geometry":{"type":"Point","coordinates":[77.07718604396729,10.481980153891001]}},{"type":"Feature","properties":{"TreeNo":"2096","Plot":"Plot 2"},"geometry":{"type":"Point","coordinates":[77.07726574776753,10.481973755849173]}},{"type":"Feature","properties":{"TreeNo":"2097","Plot":"Plot 2"},"geometry":{"type":"Point","coordinates":[77.07732371695529,10.481973377254823]}},{"type":"Feature","properties":{"TreeNo":"2098","Plot":"Plot 2"},"geometry":{"type":"Point","coordinates":[77.07740149542505,10.48197510832405]}},{"type":"Feature","properties":{"TreeNo":"2099","Plot":"Plot 2"},"geometry":{"type":"Point","coordinates":[77.07747869527589,10.481974883981383]}},{"type":"Feature","properties":{"TreeNo":"2100","Plot":"Plot 2"},"geometry":{"type":"Point","coordinates":[77.07755786336098,10.481972967473709]}},{"type":"Feature","properties":{"TreeNo":"2101","Plot":"Plot 2"},"geometry":{"type":"Point","coordinates":[77.0776237484126,10.481972257238148]}},{"type":"Feature","properties":{"TreeNo":"2102","Plot":"Plot 2"},"geometry":{"type":"Point","coordinates":[77.0776983976649,10.481971209857667]}},{"type":"Feature","properties":{"TreeNo":"2103","Plot":"Plot 2"},"geometry":{"type":"Point","coordinates":[77.07777361246615,10.481970158765295]}},{"type":"Feature","properties":{"TreeNo":"2104","Plot":"Plot 2"},"geometry":{"type":"Point","coordinates":[77.07786292128858,10.481962298423435]}},{"type":"Feature","properties":{"TreeNo":"2105","Plot":"Plot 2"},"geometry":{"type":"Point","coordinates":[77.07793476889451,10.481965187633204]}},{"type":"Feature","properties":{"TreeNo":"2106","Plot":"Plot 2"},"geometry":{"type":"Point","coordinates":[77.0779981444065,10.481969811465918]}},{"type":"Feature","properties":{"TreeNo":"2107","Plot":"Plot 2"},"geometry":{"type":"Point","coordinates":[77.07796337132072,10.48201370017618]}},{"type":"Feature","properties":{"TreeNo":"2108","Plot":"Plot 2"},"geometry":{"type":"Point","coordinates":[77.07788983451192,10.482011941536891]}},{"type":"Feature","properties":{"TreeNo":"2109","Plot":"Plot 2"},"geometry":{"type":"Point","coordinates":[77.07781405415345,10.48201299635317]}},{"type":"Feature","properties":{"TreeNo":"2110","Plot":"Plot 2"},"geometry":{"type":"Point","coordinates":[77.0777382999204,10.482017969324074]}},{"type":"Feature","properties":{"TreeNo":"2111","Plot":"Plot 2"},"geometry":{"type":"Point","coordinates":[77.07766759833191,10.4820173116392]}},{"type":"Feature","properties":{"TreeNo":"2112","Plot":"Plot 2"},"geometry":{"type":"Point","coordinates":[77.07759014369702,10.482021735919291]}},{"type":"Feature","properties":{"TreeNo":"2113","Plot":"Plot 2"},"geometry":{"type":"Point","coordinates":[77.07751490647995,10.482019428536612]}},{"type":"Feature","properties":{"TreeNo":"2114","Plot":"Plot 2"},"geometry":{"type":"Point","coordinates":[77.077438594138,10.482025524609401]}},{"type":"Feature","properties":{"TreeNo":"2115","Plot":"Plot 2"},"geometry":{"type":"Point","coordinates":[77.07736507596613,10.482026564544027]}},{"type":"Feature","properties":{"TreeNo":"2116","Plot":"Plot 2"},"geometry":{"type":"Point","coordinates":[77.07728930304178,10.482028738714401]}},{"type":"Feature","properties":{"TreeNo":"2117","Plot":"Plot 2"},"geometry":{"type":"Point","coordinates":[77.07721750391255,10.482033125969046]}},{"type":"Feature","properties":{"TreeNo":"2118","Plot":"Plot 2"},"geometry":{"type":"Point","coordinates":[77.0771439782647,10.482033046374706]}},{"type":"Feature","properties":{"TreeNo":"2119","Plot":"Plot 2"},"geometry":{"type":"Point","coordinates":[77.07706707422042,10.482035227879402]}},{"type":"Feature","properties":{"TreeNo":"2120","Plot":"Plot 2"},"geometry":{"type":"Point","coordinates":[77.07701451508258,10.482041168736547]}},{"type":"Feature","properties":{"TreeNo":"2121","Plot":"Plot 2"},"geometry":{"type":"Point","coordinates":[77.07702004911192,10.482107744462793]}},{"type":"Feature","properties":{"TreeNo":"2122","Plot":"Plot 2"},"geometry":{"type":"Point","coordinates":[77.077083398554,10.482108450300707]}},{"type":"Feature","properties":{"TreeNo":"2123","Plot":"Plot 2"},"geometry":{"type":"Point","coordinates":[77.07715295042192,10.482106316802875]}},{"type":"Feature","properties":{"TreeNo":"2124","Plot":"Plot 2"},"geometry":{"type":"Point","coordinates":[77.07722815408714,10.482103586615628]}},{"type":"Feature","properties":{"TreeNo":"2125","Plot":"Plot 2"},"geometry":{"type":"Point","coordinates":[77.07730618924599,10.482101397681598]}},{"type":"Feature","properties":{"TreeNo":"2126","Plot":"Plot 2"},"geometry":{"type":"Point","coordinates":[77.07737914188512,10.482100361450973]}},{"type":"Feature","properties":{"TreeNo":"2127","Plot":"Plot 2"},"geometry":{"type":"Point","coordinates":[77.07744926675433,10.482099343673312]}},{"type":"Feature","properties":{"TreeNo":"2128","Plot":"Plot 2"},"geometry":{"type":"Point","coordinates":[77.0775267176846,10.482094359684476]}},{"type":"Feature","properties":{"TreeNo":"2129","Plot":"Plot 2"},"geometry":{"type":"Point","coordinates":[77.07760307482808,10.482094980455503]}},{"type":"Feature","properties":{"TreeNo":"2130","Plot":"Plot 2"},"geometry":{"type":"Point","coordinates":[77.07767939837392,10.48209056355748]}},{"type":"Feature","properties":{"TreeNo":"2131","Plot":"Plot 2"},"geometry":{"type":"Point","coordinates":[77.07775402152194,10.48208559798598]}},{"type":"Feature","properties":{"TreeNo":"2132","Plot":"Plot 2"},"geometry":{"type":"Point","coordinates":[77.07782641978156,10.482086244564861]}},{"type":"Feature","properties":{"TreeNo":"2133","Plot":"Plot 2"},"geometry":{"type":"Point","coordinates":[77.07789824875212,10.48208633508302]}},{"type":"Feature","properties":{"TreeNo":"2134","Plot":"Plot 2"},"geometry":{"type":"Point","coordinates":[77.07797686435569,10.48208638124675]}},{"type":"Feature","properties":{"TreeNo":"2135","Plot":"Plot 2"},"geometry":{"type":"Point","coordinates":[77.07798750723481,10.482155722356644]}},{"type":"Feature","properties":{"TreeNo":"2136","Plot":"Plot 2"},"geometry":{"type":"Point","coordinates":[77.07791457327787,10.482159557423397]}},{"type":"Feature","properties":{"TreeNo":"2137","Plot":"Plot 2"},"geometry":{"type":"Point","coordinates":[77.07784331731037,10.482160582695329]}},{"type":"Feature","properties":{"TreeNo":"2138","Plot":"Plot 2"},"geometry":{"type":"Point","coordinates":[77.07776246186597,10.482163909713739]}},{"type":"Feature","properties":{"TreeNo":"2139","Plot":"Plot 2"},"geometry":{"type":"Point","coordinates":[77.0776912208213,10.482167173907666]}},{"type":"Feature","properties":{"TreeNo":"2140","Plot":"Plot 2"},"geometry":{"type":"Point","coordinates":[77.07761033923776,10.482166582715132]}},{"type":"Feature","properties":{"TreeNo":"2141","Plot":"Plot 2"},"geometry":{"type":"Point","coordinates":[77.07753400820431,10.482169880122294]}},{"type":"Feature","properties":{"TreeNo":"2142","Plot":"Plot 2"},"geometry":{"type":"Point","coordinates":[77.07746387959084,10.482170338182609]}},{"type":"Feature","properties":{"TreeNo":"2143","Plot":"Plot 2"},"geometry":{"type":"Point","coordinates":[77.07738359340657,10.482174221150974]}},{"type":"Feature","properties":{"TreeNo":"2144","Plot":"Plot 2"},"geometry":{"type":"Point","coordinates":[77.07730951337565,10.482175824512424]}},{"type":"Feature","properties":{"TreeNo":"2145","Plot":"Plot 2"},"geometry":{"type":"Point","coordinates":[77.07723658310718,10.482180219165196]}},{"type":"Feature","properties":{"TreeNo":"2146","Plot":"Plot 2"},"geometry":{"type":"Point","coordinates":[77.07716306862085,10.482181818799358]}},{"type":"Feature","properties":{"TreeNo":"2147","Plot":"Plot 2"},"geometry":{"type":"Point","coordinates":[77.07709410841198,10.482187866783466]}},{"type":"Feature","properties":{"TreeNo":"2148","Plot":"Plot 2"},"geometry":{"type":"Point","coordinates":[77.07703072910152,10.482182683037278]}},{"type":"Feature","properties":{"TreeNo":"2149","Plot":"Plot 2"},"geometry":{"type":"Point","coordinates":[77.0770306598486,10.482257132042507]}},{"type":"Feature","properties":{"TreeNo":"2150","Plot":"Plot 2"},"geometry":{"type":"Point","coordinates":[77.07710135778632,10.482257230119728]}},{"type":"Feature","properties":{"TreeNo":"2151","Plot":"Plot 2"},"geometry":{"type":"Point","coordinates":[77.07717201467065,10.482251171050715]}},{"type":"Feature","properties":{"TreeNo":"2152","Plot":"Plot 2"},"geometry":{"type":"Point","coordinates":[77.07724609845839,10.482250127456854]}},{"type":"Feature","properties":{"TreeNo":"2153","Plot":"Plot 2"},"geometry":{"type":"Point","coordinates":[77.07732528342048,10.482250729819324]}},{"type":"Feature","properties":{"TreeNo":"2154","Plot":"Plot 2"},"geometry":{"type":"Point","coordinates":[77.07739426602222,10.482248040217609]}},{"type":"Feature","properties":{"TreeNo":"2155","Plot":"Plot 2"},"geometry":{"type":"Point","coordinates":[77.07746948837006,10.48224810866227]}},{"type":"Feature","properties":{"TreeNo":"2156","Plot":"Plot 2"},"geometry":{"type":"Point","coordinates":[77.07754693560307,10.48224256492251]}},{"type":"Feature","properties":{"TreeNo":"2157","Plot":"Plot 2"},"geometry":{"type":"Point","coordinates":[77.07762724792332,10.482242600082724]}},{"type":"Feature","properties":{"TreeNo":"2158","Plot":"Plot 2"},"geometry":{"type":"Point","coordinates":[77.07769906574035,10.482241011422149]}},{"type":"Feature","properties":{"TreeNo":"2159","Plot":"Plot 2"},"geometry":{"type":"Point","coordinates":[77.077770905951,10.48224278117902]}},{"type":"Feature","properties":{"TreeNo":"2160","Plot":"Plot 2"},"geometry":{"type":"Point","coordinates":[77.07784721459018,10.482236125278641]}},{"type":"Feature","properties":{"TreeNo":"2161","Plot":"Plot 2"},"geometry":{"type":"Point","coordinates":[77.07792015603509,10.482233409701506]}},{"type":"Feature","properties":{"TreeNo":"2162","Plot":"Plot 2"},"geometry":{"type":"Point","coordinates":[77.07798632203617,10.482232417663543]}},{"type":"Feature","properties":{"TreeNo":"1209.1","Plot":"Plot 2"},"geometry":{"type":"Point","coordinates":[77.07836177938674,10.481625980062452]}},{"type":"Feature","properties":{"TreeNo":"1118.1","Plot":"Plot 2"},"geometry":{"type":"Point","coordinates":[77.0784996886123,10.481983117665918]}},{"type":"Feature","properties":{"TreeNo":"1123.1","Plot":"Plot 2"},"geometry":{"type":"Point","coordinates":[77.07849756440943,10.481920613545677]}},{"type":"Feature","properties":{"TreeNo":"1165.1","Plot":"Plot 2"},"geometry":{"type":"Point","coordinates":[77.07849195452137,10.481847430923215]}},{"type":"Feature","properties":{"TreeNo":"1166","Plot":"Plot 2"},"geometry":{"type":"Point","coordinates":[77.07848065789412,10.481774848685575]}},{"type":"Feature","properties":{"TreeNo":"1119.1","Plot":"Plot 2"},"geometry":{"type":"Point","coordinates":[77.07827654285923,10.482015553182725]}},{"type":"Feature","properties":{"TreeNo":"1277","Plot":"Plot 2"},"geometry":{"type":"Point","coordinates":[77.0798275447721,10.481359794776749]}},{"type":"Feature","properties":{"TreeNo":"1749","Plot":"Plot 2"},"geometry":{"type":"Point","coordinates":[77.07822452940536,10.480517665343177]}}]}
