{"type":"FeatureCollection","name":"plot1_coconut_trees","crs":{"type":"name","properties":{"name":"urn:ogc:def:crs:OGC:1.3:CRS84"}},"features":[{"type":"Feature","properties":{"TreeNo":"1","Plot":"Plot 1"},"geometry":{"type":"Point","coordinates":[77.07693091770587,10.482185962653128]}},{"type":"Feature","properties":{"TreeNo":"2","Plot":"Plot 1"},"geometry":{"type":"Point","coordinates":[77.07687962918143,10.482204730413526]}},{"type":"Feature","properties":{"TreeNo":"3","Plot":"Plot 1"},"geometry":{"type":"Point","coordinates":[77.07680298686957,10.482217432892822]}},{"type":"Feature","properties":{"TreeNo":"4","Plot":"Plot 1"},"geometry":{"type":"Point","coordinates":[77.07672905719964,10.482223886818758]}},{"type":"Feature","properties":{"TreeNo":"5","Plot":"Plot 1"},"geometry":{"type":"Point","coordinates":[77.07665310869639,10.482242296322935]}},{"type":"Feature","properties":{"TreeNo":"6","Plot":"Plot 1"},"geometry":{"type":"Point","coordinates":[77.07658361393946,10.482245086612801]}},{"type":"Feature","properties":{"TreeNo":"7","Plot":"Plot 1"},"geometry":{"type":"Point","coordinates":[77.07651232631315,10.48225437903551]}},{"type":"Feature","properties":{"TreeNo":"8","Plot":"Plot 1"},"geometry":{"type":"Point","coordinates":[77.07642898484468,10.482265567459672]}},{"type":"Feature","properties":{"TreeNo":"9","Plot":"Plot 1"},"geometry":{"type":"Point","coordinates":[77.07635267710845,10.482269440649095]}},{"type":"Feature","properties":{"TreeNo":"10","Plot":"Plot 1"},"geometry":{"type":"Point","coordinates":[77.07628505132418,10.482277151411408]}},{"type":"Feature","properties":{"TreeNo":"11","Plot":"Plot 1"},"geometry":{"type":"Point","coordinates":[77.07621896648244,10.482279919363656]}},{"type":"Feature","properties":{"TreeNo":"12","Plot":"Plot 1"},"geometry":{"type":"Point","coordinates":[77.07616649805054,10.482279093580468]}},{"type":"Feature","properties":{"TreeNo":"13","Plot":"Plot 1"},"geometry":{"type":"Point","coordinates":[77.07609202122839,10.482282175903645]}},{"type":"Feature","properties":{"TreeNo":"14","Plot":"Plot 1"},"geometry":{"type":"Point","coordinates":[77.07601548576221,10.482291242855755]}},{"type":"Feature","properties":{"TreeNo":"23","Plot":"Plot 1"},"geometry":{"type":"Point","coordinates":[77.07692117416306,10.482121251674076]}},{"type":"Feature","properties":{"TreeNo":"24","Plot":"Plot 1"},"geometry":{"type":"Point","coordinates":[77.07686406825667,10.482133047740131]}},{"type":"Feature","properties":{"TreeNo":"25","Plot":"Plot 1"},"geometry":{"type":"Point","coordinates":[77.07678646463776,10.482139266047618]}},{"type":"Feature","properties":{"TreeNo":"26","Plot":"Plot 1"},"geometry":{"type":"Point","coordinates":[77.07671861467642,10.48215268994788]}},{"type":"Feature","properties":{"TreeNo":"27","Plot":"Plot 1"},"geometry":{"type":"Point","coordinates":[77.07664607266774,10.482170557970043]}},{"type":"Feature","properties":{"TreeNo":"28","Plot":"Plot 1"},"geometry":{"type":"Point","coordinates":[77.07657634849929,10.48217828248956]}},{"type":"Feature","properties":{"TreeNo":"29","Plot":"Plot 1"},"geometry":{"type":"Point","coordinates":[77.07650111076848,10.482185264137087]}},{"type":"Feature","properties":{"TreeNo":"30","Plot":"Plot 1"},"geometry":{"type":"Point","coordinates":[77.07642591282533,10.48219821671534]}},{"type":"Feature","properties":{"TreeNo":"31","Plot":"Plot 1"},"geometry":{"type":"Point","coordinates":[77.07635123255831,10.48221012742652]}},{"type":"Feature","properties":{"TreeNo":"32","Plot":"Plot 1"},"geometry":{"type":"Point","coordinates":[77.0762804868298,10.482222012436871]}},{"type":"Feature","properties":{"TreeNo":"33","Plot":"Plot 1"},"geometry":{"type":"Point","coordinates":[77.07620523868815,10.48222743637883]}},{"type":"Feature","properties":{"TreeNo":"34","Plot":"Plot 1"},"geometry":{"type":"Point","coordinates":[77.07612712942449,10.48223651362804]}},{"type":"Feature","properties":{"TreeNo":"35","Plot":"Plot 1"},"geometry":{"type":"Point","coordinates":[77.07605475622573,10.482240361062724]}},{"type":"Feature","properties":{"TreeNo":"36","Plot":"Plot 1"},"geometry":{"type":"Point","coordinates":[77.07597847961033,10.482248907079063]}},{"type":"Feature","properties":{"TreeNo":"37","Plot":"Plot 1"},"geometry":{"type":"Point","coordinates":[77.07691151764865,10.482049919875319]}},{"type":"Feature","properties":{"TreeNo":"38","Plot":"Plot 1"},"geometry":{"type":"Point","coordinates":[77.07685295610897,10.482059778309598]}},{"type":"Feature","properties":{"TreeNo":"39","Plot":"Plot 1"},"geometry":{"type":"Point","coordinates":[77.07677735352357,10.482071046090168]}},{"type":"Feature","properties":{"TreeNo":"40","Plot":"Plot 1"},"geometry":{"type":"Point","coordinates":[77.0767068615114,10.48208163144175]}},{"type":"Feature","properties":{"TreeNo":"41","Plot":"Plot 1"},"geometry":{"type":"Point","coordinates":[77.07662876443467,10.482092526049302]}},{"type":"Feature","properties":{"TreeNo":"42","Plot":"Plot 1"},"geometry":{"type":"Point","coordinates":[77.07656379634244,10.482105411864898]}},{"type":"Feature","properties":{"TreeNo":"43","Plot":"Plot 1"},"geometry":{"type":"Point","coordinates":[77.07648673807884,10.48211474195107]}},{"type":"Feature","properties":{"TreeNo":"44","Plot":"Plot 1"},"geometry":{"type":"Point","coordinates":[77.07640959537011,10.482131082249351]}},{"type":"Feature","properties":{"TreeNo":"45","Plot":"Plot 1"},"geometry":{"type":"Point","coordinates":[77.07633869342553,10.482139203831577]}},{"type":"Feature","properties":{"TreeNo":"46","Plot":"Plot 1"},"geometry":{"type":"Point","coordinates":[77.07626855416274,10.482143685771492]}},{"type":"Feature","properties":{"TreeNo":"47","Plot":"Plot 1"},"geometry":{"type":"Point","coordinates":[77.07619045357448,10.482154061064277]}},{"type":"Feature","properties":{"TreeNo":"48","Plot":"Plot 1"},"geometry":{"type":"Point","coordinates":[77.0761102268733,10.482160296332278]}},{"type":"Feature","properties":{"TreeNo":"49","Plot":"Plot 1"},"geometry":{"type":"Point","coordinates":[77.07604577987185,10.482172659411471]}},{"type":"Feature","properties":{"TreeNo":"50","Plot":"Plot 1"},"geometry":{"type":"Point","coordinates":[77.07596716157123,10.48218407650239]}},{"type":"Feature","properties":{"TreeNo":"58","Plot":"Plot 1"},"geometry":{"type":"Point","coordinates":[77.07690276189626,10.481975986016888]}},{"type":"Feature","properties":{"TreeNo":"59","Plot":"Plot 1"},"geometry":{"type":"Point","coordinates":[77.07684041687854,10.481988854754594]}},{"type":"Feature","properties":{"TreeNo":"60","Plot":"Plot 1"},"geometry":{"type":"Point","coordinates":[77.07676728974715,10.481997639998188]}},{"type":"Feature","properties":{"TreeNo":"61","Plot":"Plot 1"},"geometry":{"type":"Point","coordinates":[77.076694690675,10.482006941013319]}},{"type":"Feature","properties":{"TreeNo":"62","Plot":"Plot 1"},"geometry":{"type":"Point","coordinates":[77.07662315118907,10.48201779280093]}},{"type":"Feature","properties":{"TreeNo":"63","Plot":"Plot 1"},"geometry":{"type":"Point","coordinates":[77.07654872117168,10.482027884591469]}},{"type":"Feature","properties":{"TreeNo":"64","Plot":"Plot 1"},"geometry":{"type":"Point","coordinates":[77.07647378211202,10.482040316248169]}},{"type":"Feature","properties":{"TreeNo":"65","Plot":"Plot 1"},"geometry":{"type":"Point","coordinates":[77.07640433410465,10.4820501158643]}},{"type":"Feature","properties":{"TreeNo":"66","Plot":"Plot 1"},"geometry":{"type":"Point","coordinates":[77.0763309325136,10.482057085479804]}},{"type":"Feature","properties":{"TreeNo":"67","Plot":"Plot 1"},"geometry":{"type":"Point","coordinates":[77.07625806417221,10.482065349686787]}},{"type":"Feature","properties":{"TreeNo":"68","Plot":"Plot 1"},"geometry":{"type":"Point","coordinates":[77.07618103876409,10.482079612221685]}},{"type":"Feature","properties":{"TreeNo":"69","Plot":"Plot 1"},"geometry":{"type":"Point","coordinates":[77.07610108476365,10.48208740341049]}},{"type":"Feature","properties":{"TreeNo":"70","Plot":"Plot 1"},"geometry":{"type":"Point","coordinates":[77.07602720870284,10.48210190497149]}},{"type":"Feature","properties":{"TreeNo":"71","Plot":"Plot 1"},"geometry":{"type":"Point","coordinates":[77.07595096498451,10.482115383498632]}},{"type":"Feature","properties":{"TreeNo":"78","Plot":"Plot 1"},"geometry":{"type":"Point","coordinates":[77.07689102254938,10.481907004374486]}},{"type":"Feature","properties":{"TreeNo":"79","Plot":"Plot 1"},"geometry":{"type":"Point","coordinates":[77.07682706565637,10.481914172043442]}},{"type":"Feature","properties":{"TreeNo":"80","Plot":"Plot 1"},"geometry":{"type":"Point","coordinates":[77.0767605168773,10.48192602974133]}},{"type":"Feature","properties":{"TreeNo":"81","Plot":"Plot 1"},"geometry":{"type":"Point","coordinates":[77.0766881732023,10.481934290613644]}},{"type":"Feature","properties":{"TreeNo":"82","Plot":"Plot 1"},"geometry":{"type":"Point","coordinates":[77.07661532221766,10.481945150959302]}},{"type":"Feature","properties":{"TreeNo":"83","Plot":"Plot 1"},"geometry":{"type":"Point","coordinates":[77.07653877476059,10.481952400773901]}},{"type":"Feature","properties":{"TreeNo":"84","Plot":"Plot 1"},"geometry":{"type":"Point","coordinates":[77.07646380457427,10.481960159509196]}},{"type":"Feature","properties":{"TreeNo":"85","Plot":"Plot 1"},"geometry":{"type":"Point","coordinates":[77.07639022721153,10.481980111168495]}},{"type":"Feature","properties":{"TreeNo":"86","Plot":"Plot 1"},"geometry":{"type":"Point","coordinates":[77.07632180420187,10.481986269424864]}},{"type":"Feature","properties":{"TreeNo":"87","Plot":"Plot 1"},"geometry":{"type":"Point","coordinates":[77.07624528439439,10.481997672875414]}},{"type":"Feature","properties":{"TreeNo":"88","Plot":"Plot 1"},"geometry":{"type":"Point","coordinates":[77.07617162223166,10.48200490377116]}},{"type":"Feature","properties":{"TreeNo":"89","Plot":"Plot 1"},"geometry":{"type":"Point","coordinates":[77.07608933174052,10.482016344853765]}},{"type":"Feature","properties":{"TreeNo":"90","Plot":"Plot 1"},"geometry":{"type":"Point","coordinates":[77.07601386284841,10.48202800100971]}},{"type":"Feature","properties":{"TreeNo":"91","Plot":"Plot 1"},"geometry":{"type":"Point","coordinates":[77.0759452069081,10.48203857421117]}},{"type":"Feature","properties":{"TreeNo":"100","Plot":"Plot 1"},"geometry":{"type":"Point","coordinates":[77.07688264988344,10.481831510305915]}},{"type":"Feature","properties":{"TreeNo":"101","Plot":"Plot 1"},"geometry":{"type":"Point","coordinates":[77.07681843762417,10.481839718108443]}},{"type":"Feature","properties":{"TreeNo":"102","Plot":"Plot 1"},"geometry":{"type":"Point","coordinates":[77.07675054619853,10.481846911449805]}},{"type":"Feature","properties":{"TreeNo":"103","Plot":"Plot 1"},"geometry":{"type":"Point","coordinates":[77.07667483067208,10.481860905920378]}},{"type":"Feature","properties":{"TreeNo":"104","Plot":"Plot 1"},"geometry":{"type":"Point","coordinates":[77.07659356524931,10.481868705782846]}},{"type":"Feature","properties":{"TreeNo":"105","Plot":"Plot 1"},"geometry":{"type":"Point","coordinates":[77.07652992774585,10.481884438691127]}},{"type":"Feature","properties":{"TreeNo":"106","Plot":"Plot 1"},"geometry":{"type":"Point","coordinates":[77.07644790135004,10.481896137752015]}},{"type":"Feature","properties":{"TreeNo":"107","Plot":"Plot 1"},"geometry":{"type":"Point","coordinates":[77.07638135946513,10.481909033798319]}},{"type":"Feature","properties":{"TreeNo":"108","Plot":"Plot 1"},"geometry":{"type":"Point","coordinates":[77.07630426663391,10.48191317170299]}},{"type":"Feature","properties":{"TreeNo":"109","Plot":"Plot 1"},"geometry":{"type":"Point","coordinates":[77.076232489055,10.481927659603993]}},{"type":"Feature","properties":{"TreeNo":"110","Plot":"Plot 1"},"geometry":{"type":"Point","coordinates":[77.07615017610003,10.481935725813823]}},{"type":"Feature","properties":{"TreeNo":"111","Plot":"Plot 1"},"geometry":{"type":"Point","coordinates":[77.07606971309635,10.481945856870585]}},{"type":"Feature","properties":{"TreeNo":"112","Plot":"Plot 1"},"geometry":{"type":"Point","coordinates":[77.07600861725987,10.481949371056082]}},{"type":"Feature","properties":{"TreeNo":"113","Plot":"Plot 1"},"geometry":{"type":"Point","coordinates":[77.0759271482726,10.481965999089304]}},{"type":"Feature","properties":{"TreeNo":"122","Plot":"Plot 1"},"geometry":{"type":"Point","coordinates":[77.07680612351825,10.481763211298246]}},{"type":"Feature","properties":{"TreeNo":"123","Plot":"Plot 1"},"geometry":{"type":"Point","coordinates":[77.07674114858494,10.48177505871022]}},{"type":"Feature","properties":{"TreeNo":"124","Plot":"Plot 1"},"geometry":{"type":"Point","coordinates":[77.07666252871076,10.481786216342892]}},{"type":"Feature","properties":{"TreeNo":"125","Plot":"Plot 1"},"geometry":{"type":"Point","coordinates":[77.07658941891546,10.48179759760159]}},{"type":"Feature","properties":{"TreeNo":"126","Plot":"Plot 1"},"geometry":{"type":"Point","coordinates":[77.07651445222969,10.48180587555436]}},{"type":"Feature","properties":{"TreeNo":"127","Plot":"Plot 1"},"geometry":{"type":"Point","coordinates":[77.07643875226252,10.481822206426747]}},{"type":"Feature","properties":{"TreeNo":"128","Plot":"Plot 1"},"geometry":{"type":"Point","coordinates":[77.07636931122022,10.481833044452014]}},{"type":"Feature","properties":{"TreeNo":"129","Plot":"Plot 1"},"geometry":{"type":"Point","coordinates":[77.07629539718153,10.48184183471955]}},{"type":"Feature","properties":{"TreeNo":"130","Plot":"Plot 1"},"geometry":{"type":"Point","coordinates":[77.07621754513237,10.48185013144048]}},{"type":"Feature","properties":{"TreeNo":"131","Plot":"Plot 1"},"geometry":{"type":"Point","coordinates":[77.07614494605275,10.481859432326663]}},{"type":"Feature","properties":{"TreeNo":"132","Plot":"Plot 1"},"geometry":{"type":"Point","coordinates":[77.07606395846204,10.481869566802509]}},{"type":"Feature","properties":{"TreeNo":"133","Plot":"Plot 1"},"geometry":{"type":"Point","coordinates":[77.07599002190523,10.48187498211772]}},{"type":"Feature","properties":{"TreeNo":"134","Plot":"Plot 1"},"geometry":{"type":"Point","coordinates":[77.07591666183995,10.481888182187935]}},{"type":"Feature","properties":{"TreeNo":"141","Plot":"Plot 1"},"geometry":{"type":"Point","coordinates":[77.0768968295924,10.481636964091052]}},{"type":"Feature","properties":{"TreeNo":"142","Plot":"Plot 1"},"geometry":{"type":"Point","coordinates":[77.07685538997355,10.481677215789325]}},{"type":"Feature","properties":{"TreeNo":"143","Plot":"Plot 1"},"geometry":{"type":"Point","coordinates":[77.07680381326097,10.481692091139891]}},{"type":"Feature","properties":{"TreeNo":"144","Plot":"Plot 1"},"geometry":{"type":"Point","coordinates":[77.0767241390107,10.481702476814805]}},{"type":"Feature","properties":{"TreeNo":"145","Plot":"Plot 1"},"geometry":{"type":"Point","coordinates":[77.07664919831163,10.481714648890343]}},{"type":"Feature","properties":{"TreeNo":"146","Plot":"Plot 1"},"geometry":{"type":"Point","coordinates":[77.07658162284204,10.48172988827745]}},{"type":"Feature","properties":{"TreeNo":"147","Plot":"Plot 1"},"geometry":{"type":"Point","coordinates":[77.07650349469745,10.48173610992272]}},{"type":"Feature","properties":{"TreeNo":"148","Plot":"Plot 1"},"geometry":{"type":"Point","coordinates":[77.07643170679509,10.481749040220645]}},{"type":"Feature","properties":{"TreeNo":"149","Plot":"Plot 1"},"geometry":{"type":"Point","coordinates":[77.07635046906367,10.481760993719769]}},{"type":"Feature","properties":{"TreeNo":"150","Plot":"Plot 1"},"geometry":{"type":"Point","coordinates":[77.07628650178623,10.481766603637874]}},{"type":"Feature","properties":{"TreeNo":"151","Plot":"Plot 1"},"geometry":{"type":"Point","coordinates":[77.07620994742932,10.481772814940507]}},{"type":"Feature","properties":{"TreeNo":"152","Plot":"Plot 1"},"geometry":{"type":"Point","coordinates":[77.07613762104886,10.481783671748389]}},{"type":"Feature","properties":{"TreeNo":"153","Plot":"Plot 1"},"geometry":{"type":"Point","coordinates":[77.07604930802496,10.481796709827185]}},{"type":"Feature","properties":{"TreeNo":"154","Plot":"Plot 1"},"geometry":{"type":"Point","coordinates":[77.07598587743709,10.48180413350871]}},{"type":"Feature","properties":{"TreeNo":"155","Plot":"Plot 1"},"geometry":{"type":"Point","coordinates":[77.07590124701164,10.481818705220007]}},{"type":"Feature","properties":{"TreeNo":"163","Plot":"Plot 1"},"geometry":{"type":"Point","coordinates":[77.07688634641174,10.481559666477255]}},{"type":"Feature","properties":{"TreeNo":"164","Plot":"Plot 1"},"geometry":{"type":"Point","coordinates":[77.07684546428317,10.481604847268361]}},{"type":"Feature","properties":{"TreeNo":"165","Plot":"Plot 1"},"geometry":{"type":"Point","coordinates":[77.07678777848423,10.481608339324618]}},{"type":"Feature","properties":{"TreeNo":"166","Plot":"Plot 1"},"geometry":{"type":"Point","coordinates":[77.07670972997914,10.481626502908048]}},{"type":"Feature","properties":{"TreeNo":"167","Plot":"Plot 1"},"geometry":{"type":"Point","coordinates":[77.07663688598724,10.481638401670509]}},{"type":"Feature","properties":{"TreeNo":"168","Plot":"Plot 1"},"geometry":{"type":"Point","coordinates":[77.07657083244149,10.481645842584909]}},{"type":"Feature","properties":{"TreeNo":"169","Plot":"Plot 1"},"geometry":{"type":"Point","coordinates":[77.07649436118066,10.48166451505784]}},{"type":"Feature","properties":{"TreeNo":"170","Plot":"Plot 1"},"geometry":{"type":"Point","coordinates":[77.07641678187306,10.481674367744407]}},{"type":"Feature","properties":{"TreeNo":"171","Plot":"Plot 1"},"geometry":{"type":"Point","coordinates":[77.07633226105027,10.481685693623133]}},{"type":"Feature","properties":{"TreeNo":"172","Plot":"Plot 1"},"geometry":{"type":"Point","coordinates":[77.07626779859119,10.481695720268986]}},{"type":"Feature","properties":{"TreeNo":"173","Plot":"Plot 1"},"geometry":{"type":"Point","coordinates":[77.07619061876684,10.481706478957568]}},{"type":"Feature","properties":{"TreeNo":"174","Plot":"Plot 1"},"geometry":{"type":"Point","coordinates":[77.07612246848585,10.481714193087138]}},{"type":"Feature","properties":{"TreeNo":"175","Plot":"Plot 1"},"geometry":{"type":"Point","coordinates":[77.07604512549244,10.48172014987799]}},{"type":"Feature","properties":{"TreeNo":"176","Plot":"Plot 1"},"geometry":{"type":"Point","coordinates":[77.07597279392157,10.481730227827612]}},{"type":"Feature","properties":{"TreeNo":"177","Plot":"Plot 1"},"geometry":{"type":"Point","coordinates":[77.07589467438382,10.481737747358187]}},{"type":"Feature","properties":{"TreeNo":"185","Plot":"Plot 1"},"geometry":{"type":"Point","coordinates":[77.07687882643735,10.481494032308971]}},{"type":"Feature","properties":{"TreeNo":"186","Plot":"Plot 1"},"geometry":{"type":"Point","coordinates":[77.07683137463869,10.481537438669205]}},{"type":"Feature","properties":{"TreeNo":"187","Plot":"Plot 1"},"geometry":{"type":"Point","coordinates":[77.07677477266903,10.481546115997858]}},{"type":"Feature","properties":{"TreeNo":"188","Plot":"Plot 1"},"geometry":{"type":"Point","coordinates":[77.07670347483088,10.481553850793679]}},{"type":"Feature","properties":{"TreeNo":"189","Plot":"Plot 1"},"geometry":{"type":"Point","coordinates":[77.07663534884047,10.481565199514137]}},{"type":"Feature","properties":{"TreeNo":"191","Plot":"Plot 1"},"geometry":{"type":"Point","coordinates":[77.07655988183048,10.481577115381583]}},{"type":"Feature","properties":{"TreeNo":"192","Plot":"Plot 1"},"geometry":{"type":"Point","coordinates":[77.07648072873369,10.481586978353759]}},{"type":"Feature","properties":{"TreeNo":"193","Plot":"Plot 1"},"geometry":{"type":"Point","coordinates":[77.07640634551757,10.481604079466308]}},{"type":"Feature","properties":{"TreeNo":"194","Plot":"Plot 1"},"geometry":{"type":"Point","coordinates":[77.07632718202166,10.481612384763734]}},{"type":"Feature","properties":{"TreeNo":"195","Plot":"Plot 1"},"geometry":{"type":"Point","coordinates":[77.07625900063063,10.48161542600162]}},{"type":"Feature","properties":{"TreeNo":"196","Plot":"Plot 1"},"geometry":{"type":"Point","coordinates":[77.07618458278768,10.481627334936293]}},{"type":"Feature","properties":{"TreeNo":"197","Plot":"Plot 1"},"geometry":{"type":"Point","coordinates":[77.0761127706644,10.481636630669117]}},{"type":"Feature","properties":{"TreeNo":"198","Plot":"Plot 1"},"geometry":{"type":"Point","coordinates":[77.07603257868463,10.481648058022525]}},{"type":"Feature","properties":{"TreeNo":"199","Plot":"Plot 1"},"geometry":{"type":"Point","coordinates":[77.07595765350675,10.481662566396349]}},{"type":"Feature","properties":{"TreeNo":"200","Plot":"Plot 1"},"geometry":{"type":"Point","coordinates":[77.07587887995729,10.48167034980626]}},{"type":"Feature","properties":{"TreeNo":"207","Plot":"Plot 1"},"geometry":{"type":"Point","coordinates":[77.07687132600687,10.48141165267249]}},{"type":"Feature","properties":{"TreeNo":"208","Plot":"Plot 1"},"geometry":{"type":"Point","coordinates":[77.07682522379831,10.481460761806796]}},{"type":"Feature","properties":{"TreeNo":"209","Plot":"Plot 1"},"geometry":{"type":"Point","coordinates":[77.0767741613399,10.481474076082591]}},{"type":"Feature","properties":{"TreeNo":"210","Plot":"Plot 1"},"geometry":{"type":"Point","coordinates":[77.07669264410299,10.481483435301698]}},{"type":"Feature","properties":{"TreeNo":"211","Plot":"Plot 1"},"geometry":{"type":"Point","coordinates":[77.0766137100868,10.481486806428896]}},{"type":"Feature","properties":{"TreeNo":"212","Plot":"Plot 1"},"geometry":{"type":"Point","coordinates":[77.07653931133535,10.481501571108877]}},{"type":"Feature","properties":{"TreeNo":"213","Plot":"Plot 1"},"geometry":{"type":"Point","coordinates":[77.07647327338277,10.481511348455845]}},{"type":"Feature","properties":{"TreeNo":"214","Plot":"Plot 1"},"geometry":{"type":"Point","coordinates":[77.07638947151143,10.48153214569548]}},{"type":"Feature","properties":{"TreeNo":"215","Plot":"Plot 1"},"geometry":{"type":"Point","coordinates":[77.07631609944912,10.48154352859422]}},{"type":"Feature","properties":{"TreeNo":"216","Plot":"Plot 1"},"geometry":{"type":"Point","coordinates":[77.07624426659517,10.481549709074693]}},{"type":"Feature","properties":{"TreeNo":"217","Plot":"Plot 1"},"geometry":{"type":"Point","coordinates":[77.07617404214858,10.48156107139655]}},{"type":"Feature","properties":{"TreeNo":"218","Plot":"Plot 1"},"geometry":{"type":"Point","coordinates":[77.07609906856902,10.48156831081667]}},{"type":"Feature","properties":{"TreeNo":"219","Plot":"Plot 1"},"geometry":{"type":"Point","coordinates":[77.07601832778332,10.481576107096227]}},{"type":"Feature","properties":{"TreeNo":"220","Plot":"Plot 1"},"geometry":{"type":"Point","coordinates":[77.07594547682663,10.481586967276971]}},{"type":"Feature","properties":{"TreeNo":"221","Plot":"Plot 1"},"geometry":{"type":"Point","coordinates":[77.07587683308292,10.481599357691454]}},{"type":"Feature","properties":{"TreeNo":"228","Plot":"Plot 1"},"geometry":{"type":"Point","coordinates":[77.07685745714639,10.48133801180753]}},{"type":"Feature","properties":{"TreeNo":"229","Plot":"Plot 1"},"geometry":{"type":"Point","coordinates":[77.07681107360733,10.481384266980786]}},{"type":"Feature","properties":{"TreeNo":"230","Plot":"Plot 1"},"geometry":{"type":"Point","coordinates":[77.07675056654313,10.481397383297521]}},{"type":"Feature","properties":{"TreeNo":"231","Plot":"Plot 1"},"geometry":{"type":"Point","coordinates":[77.0766813515835,10.481402767924028]}},{"type":"Feature","properties":{"TreeNo":"232","Plot":"Plot 1"},"geometry":{"type":"Point","coordinates":[77.07660430734052,10.481414174856376]}},{"type":"Feature","properties":{"TreeNo":"233","Plot":"Plot 1"},"geometry":{"type":"Point","coordinates":[77.07652885593473,10.481428427167597]}},{"type":"Feature","properties":{"TreeNo":"234","Plot":"Plot 1"},"geometry":{"type":"Point","coordinates":[77.07646306991833,10.481436645158585]}},{"type":"Feature","properties":{"TreeNo":"235","Plot":"Plot 1"},"geometry":{"type":"Point","coordinates":[77.07637714888446,10.481454340812485]}},{"type":"Feature","properties":{"TreeNo":"236","Plot":"Plot 1"},"geometry":{"type":"Point","coordinates":[77.07629566622002,10.481468892060347]}},{"type":"Feature","properties":{"TreeNo":"237","Plot":"Plot 1"},"geometry":{"type":"Point","coordinates":[77.07623666544771,10.481471873360928]}},{"type":"Feature","properties":{"TreeNo":"238","Plot":"Plot 1"},"geometry":{"type":"Point","coordinates":[77.07616647388485,10.481488168201054]}},{"type":"Feature","properties":{"TreeNo":"239","Plot":"Plot 1"},"geometry":{"type":"Point","coordinates":[77.07608758481089,10.481498288967835]}},{"type":"Feature","properties":{"TreeNo":"240","Plot":"Plot 1"},"geometry":{"type":"Point","coordinates":[77.07601492699052,10.48149876318821]}},{"type":"Feature","properties":{"TreeNo":"241","Plot":"Plot 1"},"geometry":{"type":"Point","coordinates":[77.07593451078702,10.4815159035663]}},{"type":"Feature","properties":{"TreeNo":"242","Plot":"Plot 1"},"geometry":{"type":"Point","coordinates":[77.07586685919077,10.48151972011257]}},{"type":"Feature","properties":{"TreeNo":"249","Plot":"Plot 1"},"geometry":{"type":"Point","coordinates":[77.07679806953615,10.481322303259644]}},{"type":"Feature","properties":{"TreeNo":"250","Plot":"Plot 1"},"geometry":{"type":"Point","coordinates":[77.0766672464186,10.481333022850587]}},{"type":"Feature","properties":{"TreeNo":"251","Plot":"Plot 1"},"geometry":{"type":"Point","coordinates":[77.07659387788489,10.481344925015474]}},{"type":"Feature","properties":{"TreeNo":"252","Plot":"Plot 1"},"geometry":{"type":"Point","coordinates":[77.07652286833383,10.4813565521469]}},{"type":"Feature","properties":{"TreeNo":"253","Plot":"Plot 1"},"geometry":{"type":"Point","coordinates":[77.07644635215361,10.48136847482808]}},{"type":"Feature","properties":{"TreeNo":"254","Plot":"Plot 1"},"geometry":{"type":"Point","coordinates":[77.07636879367426,10.481381442766684]}},{"type":"Feature","properties":{"TreeNo":"255","Plot":"Plot 1"},"geometry":{"type":"Point","coordinates":[77.07629750968475,10.481391254317925]}},{"type":"Feature","properties":{"TreeNo":"256","Plot":"Plot 1"},"geometry":{"type":"Point","coordinates":[77.07622571146207,10.481402626917118]}},{"type":"Feature","properties":{"TreeNo":"257","Plot":"Plot 1"},"geometry":{"type":"Point","coordinates":[77.07614809414046,10.481406768184614]}},{"type":"Feature","properties":{"TreeNo":"258","Plot":"Plot 1"},"geometry":{"type":"Point","coordinates":[77.07608311230842,10.481417577026845]}},{"type":"Feature","properties":{"TreeNo":"259","Plot":"Plot 1"},"geometry":{"type":"Point","coordinates":[77.07599659052556,10.481423853318427]}},{"type":"Feature","properties":{"TreeNo":"260","Plot":"Plot 1"},"geometry":{"type":"Point","coordinates":[77.0759258553188,10.481437295857882]}},{"type":"Feature","properties":{"TreeNo":"261","Plot":"Plot 1"},"geometry":{"type":"Point","coordinates":[77.07584986021435,10.481448695766757]}},{"type":"Feature","properties":{"TreeNo":"283","Plot":"Plot 1"},"geometry":{"type":"Point","coordinates":[77.07583367064062,10.48138104116793]}},{"type":"Feature","properties":{"TreeNo":"282","Plot":"Plot 1"},"geometry":{"type":"Point","coordinates":[77.07590707037923,10.48137381208889]}},{"type":"Feature","properties":{"TreeNo":"281","Plot":"Plot 1"},"geometry":{"type":"Point","coordinates":[77.0759835831474,10.481361370320306]}},{"type":"Feature","properties":{"TreeNo":"280","Plot":"Plot 1"},"geometry":{"type":"Point","coordinates":[77.07605409408445,10.481353640826818]}},{"type":"Feature","properties":{"TreeNo":"279","Plot":"Plot 1"},"geometry":{"type":"Point","coordinates":[77.07612955589542,10.481340946266513]}},{"type":"Feature","properties":{"TreeNo":"278","Plot":"Plot 1"},"geometry":{"type":"Point","coordinates":[77.07621659706102,10.4813338877]}},{"type":"Feature","properties":{"TreeNo":"277","Plot":"Plot 1"},"geometry":{"type":"Point","coordinates":[77.07628893890319,10.481325367352623]}},{"type":"Feature","properties":{"TreeNo":"276","Plot":"Plot 1"},"geometry":{"type":"Point","coordinates":[77.0763617793931,10.481312949468283]}},{"type":"Feature","properties":{"TreeNo":"275","Plot":"Plot 1"},"geometry":{"type":"Point","coordinates":[77.07643409180918,10.481300015780002]}},{"type":"Feature","properties":{"TreeNo":"274","Plot":"Plot 1"},"geometry":{"type":"Point","coordinates":[77.07651271331336,10.481289117831926]}},{"type":"Feature","properties":{"TreeNo":"273","Plot":"Plot 1"},"geometry":{"type":"Point","coordinates":[77.07659183519046,10.481274581950807]}},{"type":"Feature","properties":{"TreeNo":"272","Plot":"Plot 1"},"geometry":{"type":"Point","coordinates":[77.07666676368017,10.481260592663523]}},{"type":"Feature","properties":{"TreeNo":"271","Plot":"Plot 1"},"geometry":{"type":"Point","coordinates":[77.07673233579256,10.481259645330022]}},{"type":"Feature","properties":{"TreeNo":"270","Plot":"Plot 1"},"geometry":{"type":"Point","coordinates":[77.07678834043566,10.481240067975431]}},{"type":"Feature","properties":{"TreeNo":"291","Plot":"Plot 1"},"geometry":{"type":"Point","coordinates":[77.07683471877034,10.481193033989443]}},{"type":"Feature","properties":{"TreeNo":"313","Plot":"Plot 1"},"geometry":{"type":"Point","coordinates":[77.07682295960257,10.481121066859416]}},{"type":"Feature","properties":{"TreeNo":"292","Plot":"Plot 1"},"geometry":{"type":"Point","coordinates":[77.07677839922144,10.481165362987364]}},{"type":"Feature","properties":{"TreeNo":"293","Plot":"Plot 1"},"geometry":{"type":"Point","coordinates":[77.07671987503444,10.481180802904094]}},{"type":"Feature","properties":{"TreeNo":"294","Plot":"Plot 1"},"geometry":{"type":"Point","coordinates":[77.07664789989119,10.481185296872928]}},{"type":"Feature","properties":{"TreeNo":"295","Plot":"Plot 1"},"geometry":{"type":"Point","coordinates":[77.07657859793966,10.481197302288376]}},{"type":"Feature","properties":{"TreeNo":"296","Plot":"Plot 1"},"geometry":{"type":"Point","coordinates":[77.07649839572949,10.48120717209604]}},{"type":"Feature","properties":{"TreeNo":"297","Plot":"Plot 1"},"geometry":{"type":"Point","coordinates":[77.07641770696624,10.481222756650773]}},{"type":"Feature","properties":{"TreeNo":"298","Plot":"Plot 1"},"geometry":{"type":"Point","coordinates":[77.07634745838534,10.481230484505385]}},{"type":"Feature","properties":{"TreeNo":"299","Plot":"Plot 1"},"geometry":{"type":"Point","coordinates":[77.07627461099324,10.481241863957036]}},{"type":"Feature","properties":{"TreeNo":"300","Plot":"Plot 1"},"geometry":{"type":"Point","coordinates":[77.07621070955086,10.481257338886145]}},{"type":"Feature","properties":{"TreeNo":"301","Plot":"Plot 1"},"geometry":{"type":"Point","coordinates":[77.07612318704577,10.481270891033411]}},{"type":"Feature","properties":{"TreeNo":"302","Plot":"Plot 1"},"geometry":{"type":"Point","coordinates":[77.07604977696738,10.481276562517747]}},{"type":"Feature","properties":{"TreeNo":"303","Plot":"Plot 1"},"geometry":{"type":"Point","coordinates":[77.0759708766934,10.481284995803746]}},{"type":"Feature","properties":{"TreeNo":"304","Plot":"Plot 1"},"geometry":{"type":"Point","coordinates":[77.07589567718419,10.481297688613232]}},{"type":"Feature","properties":{"TreeNo":"305","Plot":"Plot 1"},"geometry":{"type":"Point","coordinates":[77.075823991941,10.48130633439579]}},{"type":"Feature","properties":{"TreeNo":"328","Plot":"Plot 1"},"geometry":{"type":"Point","coordinates":[77.0758165220657,10.481228497793714]}},{"type":"Feature","properties":{"TreeNo":"327","Plot":"Plot 1"},"geometry":{"type":"Point","coordinates":[77.0758904705892,10.481224899793254]}},{"type":"Feature","properties":{"TreeNo":"326","Plot":"Plot 1"},"geometry":{"type":"Point","coordinates":[77.07595964923475,10.481214063606895]}},{"type":"Feature","properties":{"TreeNo":"325","Plot":"Plot 1"},"geometry":{"type":"Point","coordinates":[77.07603510583212,10.481200590255122]}},{"type":"Feature","properties":{"TreeNo":"324","Plot":"Plot 1"},"geometry":{"type":"Point","coordinates":[77.07609955610023,10.481188746428888]}},{"type":"Feature","properties":{"TreeNo":"323","Plot":"Plot 1"},"geometry":{"type":"Point","coordinates":[77.07618289212728,10.481176779323937]}},{"type":"Feature","properties":{"TreeNo":"322","Plot":"Plot 1"},"geometry":{"type":"Point","coordinates":[77.07626574159671,10.481170526964998]}},{"type":"Feature","properties":{"TreeNo":"321","Plot":"Plot 1"},"geometry":{"type":"Point","coordinates":[77.07633333600825,10.481158143335959]}},{"type":"Feature","properties":{"TreeNo":"320","Plot":"Plot 1"},"geometry":{"type":"Point","coordinates":[77.0764082990946,10.481149346241676]}},{"type":"Feature","properties":{"TreeNo":"319","Plot":"Plot 1"},"geometry":{"type":"Point","coordinates":[77.07648166413902,10.48113692491409]}},{"type":"Feature","properties":{"TreeNo":"318","Plot":"Plot 1"},"geometry":{"type":"Point","coordinates":[77.0765576660374,10.48112656329866]}},{"type":"Feature","properties":{"TreeNo":"317","Plot":"Plot 1"},"geometry":{"type":"Point","coordinates":[77.07663729517284,10.481109427925592]}},{"type":"Feature","properties":{"TreeNo":"316","Plot":"Plot 1"},"geometry":{"type":"Point","coordinates":[77.07670414935143,10.48110405873311]}},{"type":"Feature","properties":{"TreeNo":"315","Plot":"Plot 1"},"geometry":{"type":"Point","coordinates":[77.07676493770009,10.481093796393347]}},{"type":"Feature","properties":{"TreeNo":"269","Plot":"Plot 1"},"geometry":{"type":"Point","coordinates":[77.0768450015417,10.481259948212687]}},{"type":"Feature","properties":{"TreeNo":"314","Plot":"Plot 1"},"geometry":{"type":"Point","coordinates":[77.07681472421841,10.48104648054444]}},{"type":"Feature","properties":{"TreeNo":"337","Plot":"Plot 1"},"geometry":{"type":"Point","coordinates":[77.0767531396251,10.481015988112603]}},{"type":"Feature","properties":{"TreeNo":"338","Plot":"Plot 1"},"geometry":{"type":"Point","coordinates":[77.07669655158426,10.481026742261072]}},{"type":"Feature","properties":{"TreeNo":"339","Plot":"Plot 1"},"geometry":{"type":"Point","coordinates":[77.07662318658323,10.481039163631719]}},{"type":"Feature","properties":{"TreeNo":"340","Plot":"Plot 1"},"geometry":{"type":"Point","coordinates":[77.07655028043337,10.481041716517607]}},{"type":"Feature","properties":{"TreeNo":"341","Plot":"Plot 1"},"geometry":{"type":"Point","coordinates":[77.07647852037026,10.4810588004986]}},{"type":"Feature","properties":{"TreeNo":"342","Plot":"Plot 1"},"geometry":{"type":"Point","coordinates":[77.07640201117714,10.481071761581417]}},{"type":"Feature","properties":{"TreeNo":"343","Plot":"Plot 1"},"geometry":{"type":"Point","coordinates":[77.07632287203239,10.481083701342618]}},{"type":"Feature","properties":{"TreeNo":"344","Plot":"Plot 1"},"geometry":{"type":"Point","coordinates":[77.07624894778486,10.481090933927014]}},{"type":"Feature","properties":{"TreeNo":"345","Plot":"Plot 1"},"geometry":{"type":"Point","coordinates":[77.07617560348875,10.481106470478489]}},{"type":"Feature","properties":{"TreeNo":"346","Plot":"Plot 1"},"geometry":{"type":"Point","coordinates":[77.07609802083196,10.48111580384984]}},{"type":"Feature","properties":{"TreeNo":"347","Plot":"Plot 1"},"geometry":{"type":"Point","coordinates":[77.07602827610127,10.48112041292876]}},{"type":"Feature","properties":{"TreeNo":"348","Plot":"Plot 1"},"geometry":{"type":"Point","coordinates":[77.07595542870816,10.481131792304623]}},{"type":"Feature","properties":{"TreeNo":"349","Plot":"Plot 1"},"geometry":{"type":"Point","coordinates":[77.07587628950972,10.481143731960787]}},{"type":"Feature","properties":{"TreeNo":"350","Plot":"Plot 1"},"geometry":{"type":"Point","coordinates":[77.07579872757455,10.481156180541168]}},{"type":"Feature","properties":{"TreeNo":"336","Plot":"Plot 1"},"geometry":{"type":"Point","coordinates":[77.07679549205473,10.480974951627474]}},{"type":"Feature","properties":{"TreeNo":"358","Plot":"Plot 1"},"geometry":{"type":"Point","coordinates":[77.07678673727462,10.48090114755331]}},{"type":"Feature","properties":{"TreeNo":"359","Plot":"Plot 1"},"geometry":{"type":"Point","coordinates":[77.07674400004996,10.48094348463644]}},{"type":"Feature","properties":{"TreeNo":"360","Plot":"Plot 1"},"geometry":{"type":"Point","coordinates":[77.07667875086338,10.480953516471487]}},{"type":"Feature","properties":{"TreeNo":"361","Plot":"Plot 1"},"geometry":{"type":"Point","coordinates":[77.07661193304811,10.480964337387379]}},{"type":"Feature","properties":{"TreeNo":"362","Plot":"Plot 1"},"geometry":{"type":"Point","coordinates":[77.07654403833583,10.480971011436448]}},{"type":"Feature","properties":{"TreeNo":"363","Plot":"Plot 1"},"geometry":{"type":"Point","coordinates":[77.07646570516486,10.48098580176127]}},{"type":"Feature","properties":{"TreeNo":"364","Plot":"Plot 1"},"geometry":{"type":"Point","coordinates":[77.07639023135674,10.480996679137334]}},{"type":"Feature","properties":{"TreeNo":"365","Plot":"Plot 1"},"geometry":{"type":"Point","coordinates":[77.0763161019188,10.48101248045874]}},{"type":"Feature","properties":{"TreeNo":"366","Plot":"Plot 1"},"geometry":{"type":"Point","coordinates":[77.07624062463252,10.481022838588544]}},{"type":"Feature","properties":{"TreeNo":"367","Plot":"Plot 1"},"geometry":{"type":"Point","coordinates":[77.07616564426564,10.481029039573487]}},{"type":"Feature","properties":{"TreeNo":"368","Plot":"Plot 1"},"geometry":{"type":"Point","coordinates":[77.07609069502732,10.481039913458394]}},{"type":"Feature","properties":{"TreeNo":"369","Plot":"Plot 1"},"geometry":{"type":"Point","coordinates":[77.07601627384416,10.481051303115887]}},{"type":"Feature","properties":{"TreeNo":"370","Plot":"Plot 1"},"geometry":{"type":"Point","coordinates":[77.07594443070505,10.481055925868974]}},{"type":"Feature","properties":{"TreeNo":"371","Plot":"Plot 1"},"geometry":{"type":"Point","coordinates":[77.07586375921967,10.48107410634642]}},{"type":"Feature","properties":{"TreeNo":"372","Plot":"Plot 1"},"geometry":{"type":"Point","coordinates":[77.07578983148386,10.481080819612536]}},{"type":"Feature","properties":{"TreeNo":"378","Plot":"Plot 1"},"geometry":{"type":"Point","coordinates":[77.07677367095786,10.480829837994388]}},{"type":"Feature","properties":{"TreeNo":"379","Plot":"Plot 1"},"geometry":{"type":"Point","coordinates":[77.07673142200814,10.48086671991508]}},{"type":"Feature","properties":{"TreeNo":"380","Plot":"Plot 1"},"geometry":{"type":"Point","coordinates":[77.07666931872976,10.480876471589434]}},{"type":"Feature","properties":{"TreeNo":"381","Plot":"Plot 1"},"geometry":{"type":"Point","coordinates":[77.07660433531363,10.480887020907456]}},{"type":"Feature","properties":{"TreeNo":"382","Plot":"Plot 1"},"geometry":{"type":"Point","coordinates":[77.076527840013,10.480902058863073]}},{"type":"Feature","properties":{"TreeNo":"383","Plot":"Plot 1"},"geometry":{"type":"Point","coordinates":[77.07645603672823,10.480912652672044]}},{"type":"Feature","properties":{"TreeNo":"384","Plot":"Plot 1"},"geometry":{"type":"Point","coordinates":[77.07636956181932,10.480925938411431]}},{"type":"Feature","properties":{"TreeNo":"385","Plot":"Plot 1"},"geometry":{"type":"Point","coordinates":[77.07630982268286,10.48093619382345]}},{"type":"Feature","properties":{"TreeNo":"386","Plot":"Plot 1"},"geometry":{"type":"Point","coordinates":[77.07623118740987,10.480945014853974]}},{"type":"Feature","properties":{"TreeNo":"386.1","Plot":"Plot 1"},"geometry":{"type":"Point","coordinates":[77.07615203098392,10.480954358502846]}},{"type":"Feature","properties":{"TreeNo":"387","Plot":"Plot 1"},"geometry":{"type":"Point","coordinates":[77.07607971516164,10.480966772901049]}},{"type":"Feature","properties":{"TreeNo":"388","Plot":"Plot 1"},"geometry":{"type":"Point","coordinates":[77.07600944585852,10.48097138539338]}},{"type":"Feature","properties":{"TreeNo":"389","Plot":"Plot 1"},"geometry":{"type":"Point","coordinates":[77.07593029632689,10.4809817674157]}},{"type":"Feature","properties":{"TreeNo":"390","Plot":"Plot 1"},"geometry":{"type":"Point","coordinates":[77.07584749790368,10.480995678072032]}},{"type":"Feature","properties":{"TreeNo":"391","Plot":"Plot 1"},"geometry":{"type":"Point","coordinates":[77.07578345407879,10.481009466323107]}},{"type":"Feature","properties":{"TreeNo":"399","Plot":"Plot 1"},"geometry":{"type":"Point","coordinates":[77.07675875729068,10.480756852979074]}},{"type":"Feature","properties":{"TreeNo":"400","Plot":"Plot 1"},"geometry":{"type":"Point","coordinates":[77.07672440335699,10.480797577619697]}},{"type":"Feature","properties":{"TreeNo":"401","Plot":"Plot 1"},"geometry":{"type":"Point","coordinates":[77.07666616887413,10.480797438560698]}},{"type":"Feature","properties":{"TreeNo":"402","Plot":"Plot 1"},"geometry":{"type":"Point","coordinates":[77.07659284198499,10.480815571255729]}},{"type":"Feature","properties":{"TreeNo":"403","Plot":"Plot 1"},"geometry":{"type":"Point","coordinates":[77.07651947010305,10.480826954168089]}},{"type":"Feature","properties":{"TreeNo":"404","Plot":"Plot 1"},"geometry":{"type":"Point","coordinates":[77.07644873507219,10.480840396794061]}},{"type":"Feature","properties":{"TreeNo":"405","Plot":"Plot 1"},"geometry":{"type":"Point","coordinates":[77.07636907830428,10.480853378405572]}},{"type":"Feature","properties":{"TreeNo":"406","Plot":"Plot 1"},"geometry":{"type":"Point","coordinates":[77.07629568563706,10.480861645991848]}},{"type":"Feature","properties":{"TreeNo":"407","Plot":"Plot 1"},"geometry":{"type":"Point","coordinates":[77.07621914533816,10.48086993410622]}},{"type":"Feature","properties":{"TreeNo":"408","Plot":"Plot 1"},"geometry":{"type":"Point","coordinates":[77.07613683092674,10.480877740653051]}},{"type":"Feature","properties":{"TreeNo":"409","Plot":"Plot 1"},"geometry":{"type":"Point","coordinates":[77.07607815828818,10.480890585238503]}},{"type":"Feature","properties":{"TreeNo":"410","Plot":"Plot 1"},"geometry":{"type":"Point","coordinates":[77.0759984772595,10.480899932271216]}},{"type":"Feature","properties":{"TreeNo":"411","Plot":"Plot 1"},"geometry":{"type":"Point","coordinates":[77.07592455303246,10.480907164773317]}},{"type":"Feature","properties":{"TreeNo":"412","Plot":"Plot 1"},"geometry":{"type":"Point","coordinates":[77.07584701537161,10.480923247845636]}},{"type":"Feature","properties":{"TreeNo":"413","Plot":"Plot 1"},"geometry":{"type":"Point","coordinates":[77.07577154152787,10.48093412507606]}},{"type":"Feature","properties":{"TreeNo":"420","Plot":"Plot 1"},"geometry":{"type":"Point","coordinates":[77.07674925075423,10.480668645025888]}},{"type":"Feature","properties":{"TreeNo":"421","Plot":"Plot 1"},"geometry":{"type":"Point","coordinates":[77.0767081392656,10.480718760017243]}},{"type":"Feature","properties":{"TreeNo":"422","Plot":"Plot 1"},"geometry":{"type":"Point","coordinates":[77.07665154781341,10.480728994934992]}},{"type":"Feature","properties":{"TreeNo":"423","Plot":"Plot 1"},"geometry":{"type":"Point","coordinates":[77.07657793268504,10.480743235239657]}},{"type":"Feature","properties":{"TreeNo":"424","Plot":"Plot 1"},"geometry":{"type":"Point","coordinates":[77.07649881093681,10.480757771092005]}},{"type":"Feature","properties":{"TreeNo":"425","Plot":"Plot 1"},"geometry":{"type":"Point","coordinates":[77.07643593459727,10.480769604706376]}},{"type":"Feature","properties":{"TreeNo":"426","Plot":"Plot 1"},"geometry":{"type":"Point","coordinates":[77.0763583728015,10.480782053401446]}},{"type":"Feature","properties":{"TreeNo":"427","Plot":"Plot 1"},"geometry":{"type":"Point","coordinates":[77.07628289557294,10.480792411530448]}},{"type":"Feature","properties":{"TreeNo":"428","Plot":"Plot 1"},"geometry":{"type":"Point","coordinates":[77.07620319036816,10.480798124117685]}},{"type":"Feature","properties":{"TreeNo":"429","Plot":"Plot 1"},"geometry":{"type":"Point","coordinates":[77.07613347338929,10.48080688690985]}},{"type":"Feature","properties":{"TreeNo":"430","Plot":"Plot 1"},"geometry":{"type":"Point","coordinates":[77.07605588388348,10.480815181830957]}},{"type":"Feature","properties":{"TreeNo":"431","Plot":"Plot 1"},"geometry":{"type":"Point","coordinates":[77.07598300542912,10.480821888282]}},{"type":"Feature","properties":{"TreeNo":"432","Plot":"Plot 1"},"geometry":{"type":"Point","coordinates":[77.07591227035286,10.4808353307928]}},{"type":"Feature","properties":{"TreeNo":"433","Plot":"Plot 1"},"geometry":{"type":"Point","coordinates":[77.07583368695853,10.480851939918798]}},{"type":"Feature","properties":{"TreeNo":"434","Plot":"Plot 1"},"geometry":{"type":"Point","coordinates":[77.07575821313048,10.480862817142874]}},{"type":"Feature","properties":{"TreeNo":"440","Plot":"Plot 1"},"geometry":{"type":"Point","coordinates":[77.0767420173908,10.480606643618506]}},{"type":"Feature","properties":{"TreeNo":"441","Plot":"Plot 1"},"geometry":{"type":"Point","coordinates":[77.07669977711242,10.480644823562434]}},{"type":"Feature","properties":{"TreeNo":"442","Plot":"Plot 1"},"geometry":{"type":"Point","coordinates":[77.07664322027496,10.480660250604599]}},{"type":"Feature","properties":{"TreeNo":"443","Plot":"Plot 1"},"geometry":{"type":"Point","coordinates":[77.07657662675837,10.480665358447624]}},{"type":"Feature","properties":{"TreeNo":"444","Plot":"Plot 1"},"geometry":{"type":"Point","coordinates":[77.07649437124701,10.480681991694135]}},{"type":"Feature","properties":{"TreeNo":"445","Plot":"Plot 1"},"geometry":{"type":"Point","coordinates":[77.07642311164197,10.480695437732852]}},{"type":"Feature","properties":{"TreeNo":"446","Plot":"Plot 1"},"geometry":{"type":"Point","coordinates":[77.0763492013308,10.480704747174348]}},{"type":"Feature","properties":{"TreeNo":"447","Plot":"Plot 1"},"geometry":{"type":"Point","coordinates":[77.07627006573163,10.480717206118117]}},{"type":"Feature","properties":{"TreeNo":"448","Plot":"Plot 1"},"geometry":{"type":"Point","coordinates":[77.07619929264844,10.480724937343128]}},{"type":"Feature","properties":{"TreeNo":"449","Plot":"Plot 1"},"geometry":{"type":"Point","coordinates":[77.0761159429029,10.480734827577345]}},{"type":"Feature","properties":{"TreeNo":"450","Plot":"Plot 1"},"geometry":{"type":"Point","coordinates":[77.07604414481226,10.48074620010821]}},{"type":"Feature","properties":{"TreeNo":"451","Plot":"Plot 1"},"geometry":{"type":"Point","coordinates":[77.07597545282728,10.48075132152553]}},{"type":"Feature","properties":{"TreeNo":"452","Plot":"Plot 1"},"geometry":{"type":"Point","coordinates":[77.07590047942526,10.480758560862661]}},{"type":"Feature","properties":{"TreeNo":"453","Plot":"Plot 1"},"geometry":{"type":"Point","coordinates":[77.07582081916895,10.480771023124088]}},{"type":"Feature","properties":{"TreeNo":"454","Plot":"Plot 1"},"geometry":{"type":"Point","coordinates":[77.075751116004,10.480781862685813]}},{"type":"Feature","properties":{"TreeNo":"461","Plot":"Plot 1"},"geometry":{"type":"Point","coordinates":[77.07672787941063,10.480531966018447]}},{"type":"Feature","properties":{"TreeNo":"462","Plot":"Plot 1"},"geometry":{"type":"Point","coordinates":[77.07668490413747,10.480577939288548]}},{"type":"Feature","properties":{"TreeNo":"463","Plot":"Plot 1"},"geometry":{"type":"Point","coordinates":[77.07662775177296,10.480582725887226]}},{"type":"Feature","properties":{"TreeNo":"464","Plot":"Plot 1"},"geometry":{"type":"Point","coordinates":[77.07655646452088,10.480592018247505]}},{"type":"Feature","properties":{"TreeNo":"465","Plot":"Plot 1"},"geometry":{"type":"Point","coordinates":[77.07648050599873,10.48060886999914]}},{"type":"Feature","properties":{"TreeNo":"466","Plot":"Plot 1"},"geometry":{"type":"Point","coordinates":[77.07641079254074,10.480618152055529]}},{"type":"Feature","properties":{"TreeNo":"467","Plot":"Plot 1"},"geometry":{"type":"Point","coordinates":[77.07633739993074,10.480626419640707]}},{"type":"Feature","properties":{"TreeNo":"468","Plot":"Plot 1"},"geometry":{"type":"Point","coordinates":[77.07625404676286,10.480635790692332]}},{"type":"Feature","properties":{"TreeNo":"469","Plot":"Plot 1"},"geometry":{"type":"Point","coordinates":[77.0761922023383,10.480645021342623]}},{"type":"Feature","properties":{"TreeNo":"470","Plot":"Plot 1"},"geometry":{"type":"Point","coordinates":[77.07611049907067,10.480665804772892]}},{"type":"Feature","properties":{"TreeNo":"471","Plot":"Plot 1"},"geometry":{"type":"Point","coordinates":[77.0760344626537,10.48067097413256]}},{"type":"Feature","properties":{"TreeNo":"472","Plot":"Plot 1"},"geometry":{"type":"Point","coordinates":[77.07596004501056,10.480682882973683]}},{"type":"Feature","properties":{"TreeNo":"473","Plot":"Plot 1"},"geometry":{"type":"Point","coordinates":[77.07588717349822,10.480690627823432]}},{"type":"Feature","properties":{"TreeNo":"474","Plot":"Plot 1"},"geometry":{"type":"Point","coordinates":[77.07581063321034,10.480698915833537]}},{"type":"Feature","properties":{"TreeNo":"475","Plot":"Plot 1"},"geometry":{"type":"Point","coordinates":[77.07573517671017,10.480712389110968]}},{"type":"Feature","properties":{"TreeNo":"483","Plot":"Plot 1"},"geometry":{"type":"Point","coordinates":[77.07671736867941,10.480450514676324]}},{"type":"Feature","properties":{"TreeNo":"484","Plot":"Plot 1"},"geometry":{"type":"Point","coordinates":[77.07666920620409,10.480505348808308]}},{"type":"Feature","properties":{"TreeNo":"485","Plot":"Plot 1"},"geometry":{"type":"Point","coordinates":[77.07661598664694,10.480509850110874]}},{"type":"Feature","properties":{"TreeNo":"486","Plot":"Plot 1"},"geometry":{"type":"Point","coordinates":[77.07654263213688,10.480523829079194]}},{"type":"Feature","properties":{"TreeNo":"487","Plot":"Plot 1"},"geometry":{"type":"Point","coordinates":[77.07645614004163,10.480534518756503]}},{"type":"Feature","properties":{"TreeNo":"488","Plot":"Plot 1"},"geometry":{"type":"Point","coordinates":[77.0763968909894,10.480539578616606]}},{"type":"Feature","properties":{"TreeNo":"489","Plot":"Plot 1"},"geometry":{"type":"Point","coordinates":[77.07632144149844,10.480554090446974]}},{"type":"Feature","properties":{"TreeNo":"490","Plot":"Plot 1"},"geometry":{"type":"Point","coordinates":[77.07624756061846,10.480567813169321]}},{"type":"Feature","properties":{"TreeNo":"491","Plot":"Plot 1"},"geometry":{"type":"Point","coordinates":[77.07617629755767,10.480580739936832]}},{"type":"Feature","properties":{"TreeNo":"492","Plot":"Plot 1"},"geometry":{"type":"Point","coordinates":[77.07609977115477,10.480591104862045]}},{"type":"Feature","properties":{"TreeNo":"493","Plot":"Plot 1"},"geometry":{"type":"Point","coordinates":[77.07601953446641,10.48059578239173]}},{"type":"Feature","properties":{"TreeNo":"494","Plot":"Plot 1"},"geometry":{"type":"Point","coordinates":[77.07595403510292,10.480607633026258]}},{"type":"Feature","properties":{"TreeNo":"495","Plot":"Plot 1"},"geometry":{"type":"Point","coordinates":[77.0758701400103,10.480614411336514]}},{"type":"Feature","properties":{"TreeNo":"496","Plot":"Plot 1"},"geometry":{"type":"Point","coordinates":[77.07580150338491,10.48062784012114]}},{"type":"Feature","properties":{"TreeNo":"497","Plot":"Plot 1"},"geometry":{"type":"Point","coordinates":[77.07572866300247,10.480640257851137]}},{"type":"Feature","properties":{"TreeNo":"506","Plot":"Plot 1"},"geometry":{"type":"Point","coordinates":[77.07670303762262,10.480386223040904]}},{"type":"Feature","properties":{"TreeNo":"507","Plot":"Plot 1"},"geometry":{"type":"Point","coordinates":[77.0766566230287,10.480427805255829]}},{"type":"Feature","properties":{"TreeNo":"508","Plot":"Plot 1"},"geometry":{"type":"Point","coordinates":[77.0766091793096,10.480433047703098]}},{"type":"Feature","properties":{"TreeNo":"509","Plot":"Plot 1"},"geometry":{"type":"Point","coordinates":[77.07653740554612,10.480448054818952]}},{"type":"Feature","properties":{"TreeNo":"510","Plot":"Plot 1"},"geometry":{"type":"Point","coordinates":[77.07644853891664,10.480456683048576]}},{"type":"Feature","properties":{"TreeNo":"512","Plot":"Plot 1"},"geometry":{"type":"Point","coordinates":[77.07638721222366,10.480464871878826]}},{"type":"Feature","properties":{"TreeNo":"513","Plot":"Plot 1"},"geometry":{"type":"Point","coordinates":[77.07631068932508,10.480475756061036]}},{"type":"Feature","properties":{"TreeNo":"514","Plot":"Plot 1"},"geometry":{"type":"Point","coordinates":[77.07623734863326,10.480491811811929]}},{"type":"Feature","properties":{"TreeNo":"515","Plot":"Plot 1"},"geometry":{"type":"Point","coordinates":[77.07616763172372,10.480500574598407]}},{"type":"Feature","properties":{"TreeNo":"516","Plot":"Plot 1"},"geometry":{"type":"Point","coordinates":[77.07608904151783,10.480516145343008]}},{"type":"Feature","properties":{"TreeNo":"517","Plot":"Plot 1"},"geometry":{"type":"Point","coordinates":[77.07601039941339,10.480523927873879]}},{"type":"Feature","properties":{"TreeNo":"518","Plot":"Plot 1"},"geometry":{"type":"Point","coordinates":[77.07594068939875,10.480533729039319]}},{"type":"Feature","properties":{"TreeNo":"519","Plot":"Plot 1"},"geometry":{"type":"Point","coordinates":[77.07586312069864,10.480545139180034]}},{"type":"Feature","properties":{"TreeNo":"520","Plot":"Plot 1"},"geometry":{"type":"Point","coordinates":[77.07578187976331,10.480556573265506]}},{"type":"Feature","properties":{"TreeNo":"521","Plot":"Plot 1"},"geometry":{"type":"Point","coordinates":[77.0757148065779,10.480568434120606]}},{"type":"Feature","properties":{"TreeNo":"529","Plot":"Plot 1"},"geometry":{"type":"Point","coordinates":[77.07664823149761,10.48034945548536]}},{"type":"Feature","properties":{"TreeNo":"530","Plot":"Plot 1"},"geometry":{"type":"Point","coordinates":[77.07659216470921,10.480359686955666]}},{"type":"Feature","properties":{"TreeNo":"531","Plot":"Plot 1"},"geometry":{"type":"Point","coordinates":[77.07652193709035,10.480370530088395]}},{"type":"Feature","properties":{"TreeNo":"532","Plot":"Plot 1"},"geometry":{"type":"Point","coordinates":[77.07644123815868,10.480384556969323]}},{"type":"Feature","properties":{"TreeNo":"533","Plot":"Plot 1"},"geometry":{"type":"Point","coordinates":[77.07638095376612,10.480391700521322]}},{"type":"Feature","properties":{"TreeNo":"534","Plot":"Plot 1"},"geometry":{"type":"Point","coordinates":[77.0763033712992,10.480401033907865]}},{"type":"Feature","properties":{"TreeNo":"535","Plot":"Plot 1"},"geometry":{"type":"Point","coordinates":[77.07622900217368,10.480420211779576]}},{"type":"Feature","properties":{"TreeNo":"537","Plot":"Plot 1"},"geometry":{"type":"Point","coordinates":[77.07617487696761,10.480446267194102]}},{"type":"Feature","properties":{"TreeNo":"538","Plot":"Plot 1"},"geometry":{"type":"Point","coordinates":[77.07611171587676,10.480454727562135]}},{"type":"Feature","properties":{"TreeNo":"539","Plot":"Plot 1"},"geometry":{"type":"Point","coordinates":[77.07604016631343,10.48046402151589]}},{"type":"Feature","properties":{"TreeNo":"540","Plot":"Plot 1"},"geometry":{"type":"Point","coordinates":[77.07596575390725,10.480476709168578]}},{"type":"Feature","properties":{"TreeNo":"541","Plot":"Plot 1"},"geometry":{"type":"Point","coordinates":[77.07589501717554,10.480489892054372]}},{"type":"Feature","properties":{"TreeNo":"542","Plot":"Plot 1"},"geometry":{"type":"Point","coordinates":[77.07581272359097,10.480500813778441]}},{"type":"Feature","properties":{"TreeNo":"543","Plot":"Plot 1"},"geometry":{"type":"Point","coordinates":[77.07574615254177,10.480509296328995]}},{"type":"Feature","properties":{"TreeNo":"544","Plot":"Plot 1"},"geometry":{"type":"Point","coordinates":[77.07559091741038,10.480517448725404]}},{"type":"Feature","properties":{"TreeNo":"545","Plot":"Plot 1"},"geometry":{"type":"Point","coordinates":[77.07544682775317,10.480544869864952]}},{"type":"Feature","properties":{"TreeNo":"546","Plot":"Plot 1"},"geometry":{"type":"Point","coordinates":[77.07536401988638,10.480557352541078]}},{"type":"Feature","properties":{"TreeNo":"547","Plot":"Plot 1"},"geometry":{"type":"Point","coordinates":[77.07528909489906,10.480571860713885]}},{"type":"Feature","properties":{"TreeNo":"548","Plot":"Plot 1"},"geometry":{"type":"Point","coordinates":[77.07521572296626,10.48058324332357]}},{"type":"Feature","properties":{"TreeNo":"528","Plot":"Plot 1"},"geometry":{"type":"Point","coordinates":[77.07519353152395,10.480638427093625]}},{"type":"Feature","properties":{"TreeNo":"527","Plot":"Plot 1"},"geometry":{"type":"Point","coordinates":[77.0752664238203,10.480633797681689]}},{"type":"Feature","properties":{"TreeNo":"526","Plot":"Plot 1"},"geometry":{"type":"Point","coordinates":[77.07533609932642,10.480618804523104]}},{"type":"Feature","properties":{"TreeNo":"525","Plot":"Plot 1"},"geometry":{"type":"Point","coordinates":[77.07541157658952,10.480608446620863]}},{"type":"Feature","properties":{"TreeNo":"523","Plot":"Plot 1"},"geometry":{"type":"Point","coordinates":[77.07557157013109,10.480586114081191]}},{"type":"Feature","properties":{"TreeNo":"522","Plot":"Plot 1"},"geometry":{"type":"Point","coordinates":[77.07564154075722,10.480576051674177]}},{"type":"Feature","properties":{"TreeNo":"498","Plot":"Plot 1"},"geometry":{"type":"Point","coordinates":[77.07565514524,10.480649434762068]}},{"type":"Feature","properties":{"TreeNo":"499","Plot":"Plot 1"},"geometry":{"type":"Point","coordinates":[77.07557393884471,10.480666060932911]}},{"type":"Feature","properties":{"TreeNo":"505","Plot":"Plot 1"},"geometry":{"type":"Point","coordinates":[77.07519547729926,10.480713963219996]}},{"type":"Feature","properties":{"TreeNo":"504","Plot":"Plot 1"},"geometry":{"type":"Point","coordinates":[77.07527489431389,10.48070435849757]}},{"type":"Feature","properties":{"TreeNo":"503","Plot":"Plot 1"},"geometry":{"type":"Point","coordinates":[77.075344856343,10.48069299811584]}},{"type":"Feature","properties":{"TreeNo":"502","Plot":"Plot 1"},"geometry":{"type":"Point","coordinates":[77.075423757382,10.480684694813762]}},{"type":"Feature","properties":{"TreeNo":"501","Plot":"Plot 1"},"geometry":{"type":"Point","coordinates":[77.07547169760336,10.480635833487202]}},{"type":"Feature","properties":{"TreeNo":"478","Plot":"Plot 1"},"geometry":{"type":"Point","coordinates":[77.07548553495918,10.48070480156551]}},{"type":"Feature","properties":{"TreeNo":"476","Plot":"Plot 1"},"geometry":{"type":"Point","coordinates":[77.07566745551556,10.48072542247136]}},{"type":"Feature","properties":{"TreeNo":"477","Plot":"Plot 1"},"geometry":{"type":"Point","coordinates":[77.07558804371475,10.480735806110346]}},{"type":"Feature","properties":{"TreeNo":"482","Plot":"Plot 1"},"geometry":{"type":"Point","coordinates":[77.075210102374,10.480783055990877]}},{"type":"Feature","properties":{"TreeNo":"481","Plot":"Plot 1"},"geometry":{"type":"Point","coordinates":[77.07527496941755,10.480774714465038]}},{"type":"Feature","properties":{"TreeNo":"480","Plot":"Plot 1"},"geometry":{"type":"Point","coordinates":[77.07535519496055,10.480768349669287]}},{"type":"Feature","properties":{"TreeNo":"479","Plot":"Plot 1"},"geometry":{"type":"Point","coordinates":[77.07543590360142,10.480755750872373]}},{"type":"Feature","properties":{"TreeNo":"500","Plot":"Plot 1"},"geometry":{"type":"Point","coordinates":[77.07549639735043,10.480780019881598]}},{"type":"Feature","properties":{"TreeNo":"460","Plot":"Plot 1"},"geometry":{"type":"Point","coordinates":[77.07529829630579,10.480850630332531]}},{"type":"Feature","properties":{"TreeNo":"459","Plot":"Plot 1"},"geometry":{"type":"Point","coordinates":[77.07536508653178,10.480835655982617]}},{"type":"Feature","properties":{"TreeNo":"458","Plot":"Plot 1"},"geometry":{"type":"Point","coordinates":[77.07544687292815,10.480827333843592]}},{"type":"Feature","properties":{"TreeNo":"455","Plot":"Plot 1"},"geometry":{"type":"Point","coordinates":[77.07567329443712,10.480794702341026]}},{"type":"Feature","properties":{"TreeNo":"456","Plot":"Plot 1"},"geometry":{"type":"Point","coordinates":[77.07559467471364,10.480805859670058]}},{"type":"Feature","properties":{"TreeNo":"457","Plot":"Plot 1"},"geometry":{"type":"Point","coordinates":[77.0754958617112,10.480857129889419]}},{"type":"Feature","properties":{"TreeNo":"435","Plot":"Plot 1"},"geometry":{"type":"Point","coordinates":[77.07568406723331,10.480876152054584]}},{"type":"Feature","properties":{"TreeNo":"436","Plot":"Plot 1"},"geometry":{"type":"Point","coordinates":[77.0756075286151,10.48088469963205]}},{"type":"Feature","properties":{"TreeNo":"439","Plot":"Plot 1"},"geometry":{"type":"Point","coordinates":[77.07530266309824,10.48091550632295]}},{"type":"Feature","properties":{"TreeNo":"438","Plot":"Plot 1"},"geometry":{"type":"Point","coordinates":[77.07537921212125,10.480908516455607]}},{"type":"Feature","properties":{"TreeNo":"437","Plot":"Plot 1"},"geometry":{"type":"Point","coordinates":[77.07545604591861,10.480904899745036]}},{"type":"Feature","properties":{"TreeNo":"414","Plot":"Plot 1"},"geometry":{"type":"Point","coordinates":[77.07568972486501,10.480937904187266]}},{"type":"Feature","properties":{"TreeNo":"415","Plot":"Plot 1"},"geometry":{"type":"Point","coordinates":[77.07561064448774,10.480958670393818]}},{"type":"Feature","properties":{"TreeNo":"416","Plot":"Plot 1"},"geometry":{"type":"Point","coordinates":[77.07550741791572,10.480938055269618]}},{"type":"Feature","properties":{"TreeNo":"417","Plot":"Plot 1"},"geometry":{"type":"Point","coordinates":[77.07546492894808,10.480978313650663]}},{"type":"Feature","properties":{"TreeNo":"418","Plot":"Plot 1"},"geometry":{"type":"Point","coordinates":[77.07539257156327,10.48098449733993]}},{"type":"Feature","properties":{"TreeNo":"419","Plot":"Plot 1"},"geometry":{"type":"Point","coordinates":[77.07532182775485,10.480996641697997]}},{"type":"Feature","properties":{"TreeNo":"398","Plot":"Plot 1"},"geometry":{"type":"Point","coordinates":[77.07526301971517,10.481087632020849]}},{"type":"Feature","properties":{"TreeNo":"397","Plot":"Plot 1"},"geometry":{"type":"Point","coordinates":[77.07533113879568,10.481075245178161]}},{"type":"Feature","properties":{"TreeNo":"396","Plot":"Plot 1"},"geometry":{"type":"Point","coordinates":[77.07540712002165,10.481061768553962]}},{"type":"Feature","properties":{"TreeNo":"395","Plot":"Plot 1"},"geometry":{"type":"Point","coordinates":[77.0754847373034,10.481057627481938]}},{"type":"Feature","properties":{"TreeNo":"394","Plot":"Plot 1"},"geometry":{"type":"Point","coordinates":[77.07561995040882,10.48103649503219]}},{"type":"Feature","properties":{"TreeNo":"393","Plot":"Plot 1"},"geometry":{"type":"Point","coordinates":[77.07571119701275,10.481030707265989]}},{"type":"Feature","properties":{"TreeNo":"372.1","Plot":"Plot 1"},"geometry":{"type":"Point","coordinates":[77.07572264606259,10.481095537018584]}},{"type":"Feature","properties":{"TreeNo":"373","Plot":"Plot 1"},"geometry":{"type":"Point","coordinates":[77.07563880616297,10.481110622704238]}},{"type":"Feature","properties":{"TreeNo":"374","Plot":"Plot 1"},"geometry":{"type":"Point","coordinates":[77.07549146832542,10.481123007271043]}},{"type":"Feature","properties":{"TreeNo":"375","Plot":"Plot 1"},"geometry":{"type":"Point","coordinates":[77.07541965972254,10.481132822042428]}},{"type":"Feature","properties":{"TreeNo":"376","Plot":"Plot 1"},"geometry":{"type":"Point","coordinates":[77.07534103816558,10.481143719719972]}},{"type":"Feature","properties":{"TreeNo":"377","Plot":"Plot 1"},"geometry":{"type":"Point","coordinates":[77.07526820800179,10.481157695010548]}},{"type":"Feature","properties":{"TreeNo":"351","Plot":"Plot 1"},"geometry":{"type":"Point","coordinates":[77.07572735135349,10.481171833961737]}},{"type":"Feature","properties":{"TreeNo":"352","Plot":"Plot 1"},"geometry":{"type":"Point","coordinates":[77.07564611370609,10.48118378725753]}},{"type":"Feature","properties":{"TreeNo":"357","Plot":"Plot 1"},"geometry":{"type":"Point","coordinates":[77.07527075597811,10.481225179046064]}},{"type":"Feature","properties":{"TreeNo":"356","Plot":"Plot 1"},"geometry":{"type":"Point","coordinates":[77.0753533207438,10.481215553744201]}},{"type":"Feature","properties":{"TreeNo":"355","Plot":"Plot 1"},"geometry":{"type":"Point","coordinates":[77.0754282648954,10.481203901200416]}},{"type":"Feature","properties":{"TreeNo":"353","Plot":"Plot 1"},"geometry":{"type":"Point","coordinates":[77.07550719199386,10.481199491952479]}},{"type":"Feature","properties":{"TreeNo":"335","Plot":"Plot 1"},"geometry":{"type":"Point","coordinates":[77.07528305929664,10.48130012835476]}},{"type":"Feature","properties":{"TreeNo":"334","Plot":"Plot 1"},"geometry":{"type":"Point","coordinates":[77.07536327200368,10.481291816481594]}},{"type":"Feature","properties":{"TreeNo":"332","Plot":"Plot 1"},"geometry":{"type":"Point","coordinates":[77.0754371410239,10.48127627667872]}},{"type":"Feature","properties":{"TreeNo":"331","Plot":"Plot 1"},"geometry":{"type":"Point","coordinates":[77.07551345721993,10.48127370178636]}},{"type":"Feature","properties":{"TreeNo":"312","Plot":"Plot 1"},"geometry":{"type":"Point","coordinates":[77.07529248248302,10.481375875306181]}},{"type":"Feature","properties":{"TreeNo":"311","Plot":"Plot 1"},"geometry":{"type":"Point","coordinates":[77.07536716956204,10.48136500330028]}},{"type":"Feature","properties":{"TreeNo":"310","Plot":"Plot 1"},"geometry":{"type":"Point","coordinates":[77.07544342353101,10.481353082582622]}},{"type":"Feature","properties":{"TreeNo":"309","Plot":"Plot 1"},"geometry":{"type":"Point","coordinates":[77.07552759152928,10.481347860273392]}},{"type":"Feature","properties":{"TreeNo":"290","Plot":"Plot 1"},"geometry":{"type":"Point","coordinates":[77.07530556408204,10.481449521443999]}},{"type":"Feature","properties":{"TreeNo":"289","Plot":"Plot 1"},"geometry":{"type":"Point","coordinates":[77.07537450991488,10.481443100395529]}},{"type":"Feature","properties":{"TreeNo":"288","Plot":"Plot 1"},"geometry":{"type":"Point","coordinates":[77.07545730071674,10.481428021606224]}},{"type":"Feature","properties":{"TreeNo":"287","Plot":"Plot 1"},"geometry":{"type":"Point","coordinates":[77.07553591368725,10.48141582585417]}},{"type":"Feature","properties":{"TreeNo":"306","Plot":"Plot 1"},"geometry":{"type":"Point","coordinates":[77.07573908808621,10.481319220309015]}},{"type":"Feature","properties":{"TreeNo":"307","Plot":"Plot 1"},"geometry":{"type":"Point","coordinates":[77.07567043400597,10.481330053029955]}},{"type":"Feature","properties":{"TreeNo":"286","Plot":"Plot 1"},"geometry":{"type":"Point","coordinates":[77.07563265954866,10.481369242202632]}},{"type":"Feature","properties":{"TreeNo":"329","Plot":"Plot 1"},"geometry":{"type":"Point","coordinates":[77.07573965131495,10.481246264019214]}},{"type":"Feature","properties":{"TreeNo":"330","Plot":"Plot 1"},"geometry":{"type":"Point","coordinates":[77.07565236166977,10.481255401016723]}},{"type":"Feature","properties":{"TreeNo":"308","Plot":"Plot 1"},"geometry":{"type":"Point","coordinates":[77.07562644616962,10.481302820574644]}},{"type":"Feature","properties":{"TreeNo":"284","Plot":"Plot 1"},"geometry":{"type":"Point","coordinates":[77.07575232341706,10.481396240438261]}},{"type":"Feature","properties":{"TreeNo":"285","Plot":"Plot 1"},"geometry":{"type":"Point","coordinates":[77.07567840078696,10.48140373251315]}},{"type":"Feature","properties":{"TreeNo":"262","Plot":"Plot 1"},"geometry":{"type":"Point","coordinates":[77.075768996072,10.481457661063686]}},{"type":"Feature","properties":{"TreeNo":"263","Plot":"Plot 1"},"geometry":{"type":"Point","coordinates":[77.0756997914172,10.481464603121601]}},{"type":"Feature","properties":{"TreeNo":"264","Plot":"Plot 1"},"geometry":{"type":"Point","coordinates":[77.07563270593053,10.481474646750822]}},{"type":"Feature","properties":{"TreeNo":"265","Plot":"Plot 1"},"geometry":{"type":"Point","coordinates":[77.07552920013984,10.48149089922642]}},{"type":"Feature","properties":{"TreeNo":"266","Plot":"Plot 1"},"geometry":{"type":"Point","coordinates":[77.07546678939319,10.481493902636485]}},{"type":"Feature","properties":{"TreeNo":"267","Plot":"Plot 1"},"geometry":{"type":"Point","coordinates":[77.07539971944628,10.481506282678659]}},{"type":"Feature","properties":{"TreeNo":"268","Plot":"Plot 1"},"geometry":{"type":"Point","coordinates":[77.07532627814238,10.481507281089753]}},{"type":"Feature","properties":{"TreeNo":"243","Plot":"Plot 1"},"geometry":{"type":"Point","coordinates":[77.07578814015102,10.481535681099793]}},{"type":"Feature","properties":{"TreeNo":"244","Plot":"Plot 1"},"geometry":{"type":"Point","coordinates":[77.07571790183515,10.481544966470992]}},{"type":"Feature","properties":{"TreeNo":"245","Plot":"Plot 1"},"geometry":{"type":"Point","coordinates":[77.07563404106514,10.481556936899372]}},{"type":"Feature","properties":{"TreeNo":"246","Plot":"Plot 1"},"geometry":{"type":"Point","coordinates":[77.0754883529254,10.481580733925163]}},{"type":"Feature","properties":{"TreeNo":"247","Plot":"Plot 1"},"geometry":{"type":"Point","coordinates":[77.0754123093315,10.481584864754089]}},{"type":"Feature","properties":{"TreeNo":"248","Plot":"Plot 1"},"geometry":{"type":"Point","coordinates":[77.07533894755241,10.481597805076147]}},{"type":"Feature","properties":{"TreeNo":"222","Plot":"Plot 1"},"geometry":{"type":"Point","coordinates":[77.07580176723782,10.481612439047684]}},{"type":"Feature","properties":{"TreeNo":"223","Plot":"Plot 1"},"geometry":{"type":"Point","coordinates":[77.07572578245862,10.481625396575168]}},{"type":"Feature","properties":{"TreeNo":"224","Plot":"Plot 1"},"geometry":{"type":"Point","coordinates":[77.07565186842062,10.48163418668717]}},{"type":"Feature","properties":{"TreeNo":"225","Plot":"Plot 1"},"geometry":{"type":"Point","coordinates":[77.07554987357877,10.481601621159763]}},{"type":"Feature","properties":{"TreeNo":"226","Plot":"Plot 1"},"geometry":{"type":"Point","coordinates":[77.07549250591529,10.481652880596824]}},{"type":"Feature","properties":{"TreeNo":"227","Plot":"Plot 1"},"geometry":{"type":"Point","coordinates":[77.07542433138937,10.481656960085315]}},{"type":"Feature","properties":{"TreeNo":"228.1","Plot":"Plot 1"},"geometry":{"type":"Point","coordinates":[77.07534942690354,10.481674583600977]}},{"type":"Feature","properties":{"TreeNo":"201","Plot":"Plot 1"},"geometry":{"type":"Point","coordinates":[77.07581380322212,10.4816866111989]}},{"type":"Feature","properties":{"TreeNo":"202","Plot":"Plot 1"},"geometry":{"type":"Point","coordinates":[77.07573363195854,10.48170115376005]}},{"type":"Feature","properties":{"TreeNo":"203","Plot":"Plot 1"},"geometry":{"type":"Point","coordinates":[77.07566023559133,10.481708902027583]}},{"type":"Feature","properties":{"TreeNo":"206","Plot":"Plot 1"},"geometry":{"type":"Point","coordinates":[77.07536431180695,10.48174328522431]}},{"type":"Feature","properties":{"TreeNo":"205","Plot":"Plot 1"},"geometry":{"type":"Point","coordinates":[77.07543115581814,10.481736358629894]}},{"type":"Feature","properties":{"TreeNo":"204","Plot":"Plot 1"},"geometry":{"type":"Point","coordinates":[77.07551134787177,10.481724931419706]}},{"type":"Feature","properties":{"TreeNo":"204.1","Plot":"Plot 1"},"geometry":{"type":"Point","coordinates":[77.07554747074255,10.481674070224402]}},{"type":"Feature","properties":{"TreeNo":"178","Plot":"Plot 1"},"geometry":{"type":"Point","coordinates":[77.07582346119358,10.481758202689447]}},{"type":"Feature","properties":{"TreeNo":"179","Plot":"Plot 1"},"geometry":{"type":"Point","coordinates":[77.07574537795885,10.481771173922889]}},{"type":"Feature","properties":{"TreeNo":"180","Plot":"Plot 1"},"geometry":{"type":"Point","coordinates":[77.0756751413176,10.481780718901497]}},{"type":"Feature","properties":{"TreeNo":"181","Plot":"Plot 1"},"geometry":{"type":"Point","coordinates":[77.07556167254322,10.48175835335979]}},{"type":"Feature","properties":{"TreeNo":"182","Plot":"Plot 1"},"geometry":{"type":"Point","coordinates":[77.07551443436994,10.48179448886957]}},{"type":"Feature","properties":{"TreeNo":"183","Plot":"Plot 1"},"geometry":{"type":"Point","coordinates":[77.07544530398567,10.4818125939711]}},{"type":"Feature","properties":{"TreeNo":"184","Plot":"Plot 1"},"geometry":{"type":"Point","coordinates":[77.0753795178176,10.48182081175865]}},{"type":"Feature","properties":{"TreeNo":"162","Plot":"Plot 1"},"geometry":{"type":"Point","coordinates":[77.07538943108788,10.48189136314224]}},{"type":"Feature","properties":{"TreeNo":"161","Plot":"Plot 1"},"geometry":{"type":"Point","coordinates":[77.07546048062372,10.481885707184619]}},{"type":"Feature","properties":{"TreeNo":"160","Plot":"Plot 1"},"geometry":{"type":"Point","coordinates":[77.07553174922195,10.481873559335401]}},{"type":"Feature","properties":{"TreeNo":"159","Plot":"Plot 1"},"geometry":{"type":"Point","coordinates":[77.07557132873423,10.4818296852618]}},{"type":"Feature","properties":{"TreeNo":"158","Plot":"Plot 1"},"geometry":{"type":"Point","coordinates":[77.07568742402428,10.481852552890537]}},{"type":"Feature","properties":{"TreeNo":"157","Plot":"Plot 1"},"geometry":{"type":"Point","coordinates":[77.07576449093433,10.481844521038608]}},{"type":"Feature","properties":{"TreeNo":"156","Plot":"Plot 1"},"geometry":{"type":"Point","coordinates":[77.075830270163,10.48183526474623]}},{"type":"Feature","properties":{"TreeNo":"135","Plot":"Plot 1"},"geometry":{"type":"Point","coordinates":[77.075847662628,10.481906286520468]}},{"type":"Feature","properties":{"TreeNo":"136","Plot":"Plot 1"},"geometry":{"type":"Point","coordinates":[77.07577285814702,10.481919236368869]}},{"type":"Feature","properties":{"TreeNo":"137","Plot":"Plot 1"},"geometry":{"type":"Point","coordinates":[77.07569396461079,10.481928708044686]}},{"type":"Feature","properties":{"TreeNo":"141.1","Plot":"Plot 1"},"geometry":{"type":"Point","coordinates":[77.07540588810875,10.481959794883368]}},{"type":"Feature","properties":{"TreeNo":"140","Plot":"Plot 1"},"geometry":{"type":"Point","coordinates":[77.07547142583553,10.481953655649251]}},{"type":"Feature","properties":{"TreeNo":"139","Plot":"Plot 1"},"geometry":{"type":"Point","coordinates":[77.07553805427531,10.481953740113514]}},{"type":"Feature","properties":{"TreeNo":"120","Plot":"Plot 1"},"geometry":{"type":"Point","coordinates":[77.0754100722298,10.482036614476016]}},{"type":"Feature","properties":{"TreeNo":"119","Plot":"Plot 1"},"geometry":{"type":"Point","coordinates":[77.07548688554859,10.482029882425877]}},{"type":"Feature","properties":{"TreeNo":"118","Plot":"Plot 1"},"geometry":{"type":"Point","coordinates":[77.07555766415916,10.48202293011958]}},{"type":"Feature","properties":{"TreeNo":"114","Plot":"Plot 1"},"geometry":{"type":"Point","coordinates":[77.07586319995607,10.481974464603503]}},{"type":"Feature","properties":{"TreeNo":"115","Plot":"Plot 1"},"geometry":{"type":"Point","coordinates":[77.07578225901281,10.481991608391565]}},{"type":"Feature","properties":{"TreeNo":"116","Plot":"Plot 1"},"geometry":{"type":"Point","coordinates":[77.07571223966016,10.481994401905382]}},{"type":"Feature","properties":{"TreeNo":"92","Plot":"Plot 1"},"geometry":{"type":"Point","coordinates":[77.07587421790788,10.482053316510479]}},{"type":"Feature","properties":{"TreeNo":"93","Plot":"Plot 1"},"geometry":{"type":"Point","coordinates":[77.07579714922556,10.482061088791745]}},{"type":"Feature","properties":{"TreeNo":"94","Plot":"Plot 1"},"geometry":{"type":"Point","coordinates":[77.07572324201014,10.482070917365759]}},{"type":"Feature","properties":{"TreeNo":"95","Plot":"Plot 1"},"geometry":{"type":"Point","coordinates":[77.07569415808528,10.482115242201028]}},{"type":"Feature","properties":{"TreeNo":"96","Plot":"Plot 1"},"geometry":{"type":"Point","coordinates":[77.0756784429302,10.482040055583393]}},{"type":"Feature","properties":{"TreeNo":"97","Plot":"Plot 1"},"geometry":{"type":"Point","coordinates":[77.07557022645794,10.482097358469556]}},{"type":"Feature","properties":{"TreeNo":"98","Plot":"Plot 1"},"geometry":{"type":"Point","coordinates":[77.07549423462623,10.482109277539497]}},{"type":"Feature","properties":{"TreeNo":"99","Plot":"Plot 1"},"geometry":{"type":"Point","coordinates":[77.0754234473455,10.482114931802679]}},{"type":"Feature","properties":{"TreeNo":"72","Plot":"Plot 1"},"geometry":{"type":"Point","coordinates":[77.07588572588071,10.48212697286132]}},{"type":"Feature","properties":{"TreeNo":"73","Plot":"Plot 1"},"geometry":{"type":"Point","coordinates":[77.07581026905325,10.482140446221168]}},{"type":"Feature","properties":{"TreeNo":"74","Plot":"Plot 1"},"geometry":{"type":"Point","coordinates":[77.07573537141455,10.482159108271583]}},{"type":"Feature","properties":{"TreeNo":"75","Plot":"Plot 1"},"geometry":{"type":"Point","coordinates":[77.07557806211923,10.482171038808579]}},{"type":"Feature","properties":{"TreeNo":"76","Plot":"Plot 1"},"geometry":{"type":"Point","coordinates":[77.07550784786038,10.482183958653824]}},{"type":"Feature","properties":{"TreeNo":"77","Plot":"Plot 1"},"geometry":{"type":"Point","coordinates":[77.07542973336543,10.48219225691367]}},{"type":"Feature","properties":{"TreeNo":"51","Plot":"Plot 1"},"geometry":{"type":"Point","coordinates":[77.07589356161728,10.482200653177987]}},{"type":"Feature","properties":{"TreeNo":"52","Plot":"Plot 1"},"geometry":{"type":"Point","coordinates":[77.0758139252183,10.482216749998843]}},{"type":"Feature","properties":{"TreeNo":"57","Plot":"Plot 1"},"geometry":{"type":"Point","coordinates":[77.07545077849976,10.482255401446121]}},{"type":"Feature","properties":{"TreeNo":"56","Plot":"Plot 1"},"geometry":{"type":"Point","coordinates":[77.07551213672622,10.48225188564355]}},{"type":"Feature","properties":{"TreeNo":"55","Plot":"Plot 1"},"geometry":{"type":"Point","coordinates":[77.07558971624601,10.482242033145079]}},{"type":"Feature","properties":{"TreeNo":"15","Plot":"Plot 1"},"geometry":{"type":"Point","coordinates":[77.07590314852591,10.482276334101996]}},{"type":"Feature","properties":{"TreeNo":"16","Plot":"Plot 1"},"geometry":{"type":"Point","coordinates":[77.07582740341606,10.482285915086669]}},{"type":"Feature","properties":{"TreeNo":"17","Plot":"Plot 1"},"geometry":{"type":"Point","coordinates":[77.07575820204384,10.482293376405083]}},{"type":"Feature","properties":{"TreeNo":"53","Plot":"Plot 1"},"geometry":{"type":"Point","coordinates":[77.07575508606102,10.48221940565982]}},{"type":"Feature","properties":{"TreeNo":"54","Plot":"Plot 1"},"geometry":{"type":"Point","coordinates":[77.07571158045894,10.482195674935864]}},{"type":"Feature","properties":{"TreeNo":"21","Plot":"Plot 1"},"geometry":{"type":"Point","coordinates":[77.07551818756919,10.48232343578481]}},{"type":"Feature","properties":{"TreeNo":"20","Plot":"Plot 1"},"geometry":{"type":"Point","coordinates":[77.07559054525191,10.48231725200827]}},{"type":"Feature","properties":{"TreeNo":"19","Plot":"Plot 1"},"geometry":{"type":"Point","coordinates":[77.07568540221011,10.482302094377651]}},{"type":"Feature","properties":{"TreeNo":"18","Plot":"Plot 1"},"geometry":{"type":"Point","coordinates":[77.07570398363913,10.48225628037389]}},{"type":"Feature","properties":{"TreeNo":"953","Plot":"Plot 1"},"geometry":{"type":"Point","coordinates":[77.07560649217338,10.482427225909781]}},{"type":"Feature","properties":{"TreeNo":"954","Plot":"Plot 1"},"geometry":{"type":"Point","coordinates":[77.07553670561641,10.482425604380413]}},{"type":"Feature","properties":{"TreeNo":"955","Plot":"Plot 1"},"geometry":{"type":"Point","coordinates":[77.07561335475374,10.482512335779035]}},{"type":"Feature","properties":{"TreeNo":"956","Plot":"Plot 1"},"geometry":{"type":"Point","coordinates":[77.07554782729714,10.482520032703645]}},{"type":"Feature","properties":{"TreeNo":"957","Plot":"Plot 1"},"geometry":{"type":"Point","coordinates":[77.07547123120139,10.482520013308406]}},{"type":"Feature","properties":{"TreeNo":"958","Plot":"Plot 1"},"geometry":{"type":"Point","coordinates":[77.0753941969645,10.48253297764771]}},{"type":"Feature","properties":{"TreeNo":"959","Plot":"Plot 1"},"geometry":{"type":"Point","coordinates":[77.07532027923288,10.482541248511994]}},{"type":"Feature","properties":{"TreeNo":"960","Plot":"Plot 1"},"geometry":{"type":"Point","coordinates":[77.0752474383769,10.482553666219772]}},{"type":"Feature","properties":{"TreeNo":"961","Plot":"Plot 1"},"geometry":{"type":"Point","coordinates":[77.07517407982152,10.482567125761358]}},{"type":"Feature","properties":{"TreeNo":"962","Plot":"Plot 1"},"geometry":{"type":"Point","coordinates":[77.07510792396809,10.482559249623886]}},{"type":"Feature","properties":{"TreeNo":"963","Plot":"Plot 1"},"geometry":{"type":"Point","coordinates":[77.0750256090341,10.482567055973067]}},{"type":"Feature","properties":{"TreeNo":"964","Plot":"Plot 1"},"geometry":{"type":"Point","coordinates":[77.07494805013889,10.4825800236326]}},{"type":"Feature","properties":{"TreeNo":"965","Plot":"Plot 1"},"geometry":{"type":"Point","coordinates":[77.07486778520612,10.482580547265606]}},{"type":"Feature","properties":{"TreeNo":"966","Plot":"Plot 1"},"geometry":{"type":"Point","coordinates":[77.07480118426737,10.482584616393563]}},{"type":"Feature","properties":{"TreeNo":"967","Plot":"Plot 1"},"geometry":{"type":"Point","coordinates":[77.07472089512216,10.482581505495865]}},{"type":"Feature","properties":{"TreeNo":"968","Plot":"Plot 1"},"geometry":{"type":"Point","coordinates":[77.07464852695034,10.482586131449064]}},{"type":"Feature","properties":{"TreeNo":"969","Plot":"Plot 1"},"geometry":{"type":"Point","coordinates":[77.0745572487,10.48258724607957]}},{"type":"Feature","properties":{"TreeNo":"970","Plot":"Plot 1"},"geometry":{"type":"Point","coordinates":[77.07447225882012,10.482587281196391]}},{"type":"Feature","properties":{"TreeNo":"971","Plot":"Plot 1"},"geometry":{"type":"Point","coordinates":[77.07440882278992,10.482593925780593]}},{"type":"Feature","properties":{"TreeNo":"972","Plot":"Plot 1"},"geometry":{"type":"Point","coordinates":[77.07433064934246,10.482593397165225]}},{"type":"Feature","properties":{"TreeNo":"945","Plot":"Plot 1"},"geometry":{"type":"Point","coordinates":[77.07485398190117,10.482477309364102]}},{"type":"Feature","properties":{"TreeNo":"944","Plot":"Plot 1"},"geometry":{"type":"Point","coordinates":[77.07493476449926,10.482475743890538]}},{"type":"Feature","properties":{"TreeNo":"943","Plot":"Plot 1"},"geometry":{"type":"Point","coordinates":[77.07500557609778,10.482473724212152]}},{"type":"Feature","properties":{"TreeNo":"942","Plot":"Plot 1"},"geometry":{"type":"Point","coordinates":[77.07507783355904,10.482452483358108]}},{"type":"Feature","properties":{"TreeNo":"941","Plot":"Plot 1"},"geometry":{"type":"Point","coordinates":[77.07515857809642,10.482445206483096]}},{"type":"Feature","properties":{"TreeNo":"940","Plot":"Plot 1"},"geometry":{"type":"Point","coordinates":[77.07522829550244,10.482436443830059]}},{"type":"Feature","properties":{"TreeNo":"939","Plot":"Plot 1"},"geometry":{"type":"Point","coordinates":[77.07530432202022,10.482429716938926]}},{"type":"Feature","properties":{"TreeNo":"938","Plot":"Plot 1"},"geometry":{"type":"Point","coordinates":[77.07535564012258,10.482415362719976]}},{"type":"Feature","properties":{"TreeNo":"922","Plot":"Plot 1"},"geometry":{"type":"Point","coordinates":[77.07536529436534,10.482348577927805]}},{"type":"Feature","properties":{"TreeNo":"923","Plot":"Plot 1"},"geometry":{"type":"Point","coordinates":[77.0753009654493,10.482358992963574]}},{"type":"Feature","properties":{"TreeNo":"924","Plot":"Plot 1"},"geometry":{"type":"Point","coordinates":[77.07521496277037,10.482364486852278]}},{"type":"Feature","properties":{"TreeNo":"925","Plot":"Plot 1"},"geometry":{"type":"Point","coordinates":[77.07514944569324,10.48237374133056]}},{"type":"Feature","properties":{"TreeNo":"926","Plot":"Plot 1"},"geometry":{"type":"Point","coordinates":[77.07506032475204,10.482383669028408]}},{"type":"Feature","properties":{"TreeNo":"927","Plot":"Plot 1"},"geometry":{"type":"Point","coordinates":[77.07499216214741,10.482389565702412]}},{"type":"Feature","properties":{"TreeNo":"928","Plot":"Plot 1"},"geometry":{"type":"Point","coordinates":[77.07491904516257,10.482399908188588]}},{"type":"Feature","properties":{"TreeNo":"930","Plot":"Plot 1"},"geometry":{"type":"Point","coordinates":[77.07476854861483,10.482410755435907]}},{"type":"Feature","properties":{"TreeNo":"931","Plot":"Plot 1"},"geometry":{"type":"Point","coordinates":[77.07469887958804,10.482426786977408]}},{"type":"Feature","properties":{"TreeNo":"932","Plot":"Plot 1"},"geometry":{"type":"Point","coordinates":[77.07463279982241,10.482430333428747]}},{"type":"Feature","properties":{"TreeNo":"933","Plot":"Plot 1"},"geometry":{"type":"Point","coordinates":[77.07454735107157,10.482440237035364]}},{"type":"Feature","properties":{"TreeNo":"934","Plot":"Plot 1"},"geometry":{"type":"Point","coordinates":[77.07446765224825,10.482446987700735]}},{"type":"Feature","properties":{"TreeNo":"935","Plot":"Plot 1"},"geometry":{"type":"Point","coordinates":[77.07439212607684,10.48245007647975]}},{"type":"Feature","properties":{"TreeNo":"936","Plot":"Plot 1"},"geometry":{"type":"Point","coordinates":[77.07432501436048,10.482456225779519]}},{"type":"Feature","properties":{"TreeNo":"937","Plot":"Plot 1"},"geometry":{"type":"Point","coordinates":[77.07424698958849,10.482478023320482]}},{"type":"Feature","properties":{"TreeNo":"946","Plot":"Plot 1"},"geometry":{"type":"Point","coordinates":[77.07477746098917,10.482488582690976]}},{"type":"Feature","properties":{"TreeNo":"947","Plot":"Plot 1"},"geometry":{"type":"Point","coordinates":[77.07470509629967,10.482493727866208]}},{"type":"Feature","properties":{"TreeNo":"948","Plot":"Plot 1"},"geometry":{"type":"Point","coordinates":[77.07463793273045,10.482492089031041]}},{"type":"Feature","properties":{"TreeNo":"949","Plot":"Plot 1"},"geometry":{"type":"Point","coordinates":[77.07458496121737,10.482494511498876]}},{"type":"Feature","properties":{"TreeNo":"950","Plot":"Plot 1"},"geometry":{"type":"Point","coordinates":[77.07450213202505,10.482503878774065]}},{"type":"Feature","properties":{"TreeNo":"951","Plot":"Plot 1"},"geometry":{"type":"Point","coordinates":[77.0744292046789,10.48250331596115]}},{"type":"Feature","properties":{"TreeNo":"952","Plot":"Plot 1"},"geometry":{"type":"Point","coordinates":[77.0743615164902,10.482501680489305]}},{"type":"Feature","properties":{"TreeNo":"952.1","Plot":"Plot 1"},"geometry":{"type":"Point","coordinates":[77.07429600623912,10.48251197322906]}},{"type":"Feature","properties":{"TreeNo":"904","Plot":"Plot 1"},"geometry":{"type":"Point","coordinates":[77.07535204779997,10.48226987033321]}},{"type":"Feature","properties":{"TreeNo":"905","Plot":"Plot 1"},"geometry":{"type":"Point","coordinates":[77.07528501572635,10.482287961729094]}},{"type":"Feature","properties":{"TreeNo":"906","Plot":"Plot 1"},"geometry":{"type":"Point","coordinates":[77.07520630395611,10.482285359884617]}},{"type":"Feature","properties":{"TreeNo":"907","Plot":"Plot 1"},"geometry":{"type":"Point","coordinates":[77.07514133570942,10.482298245428261]}},{"type":"Feature","properties":{"TreeNo":"908","Plot":"Plot 1"},"geometry":{"type":"Point","coordinates":[77.07506579923732,10.4822997767193]}},{"type":"Feature","properties":{"TreeNo":"909","Plot":"Plot 1"},"geometry":{"type":"Point","coordinates":[77.07498146201637,10.482319019427996]}},{"type":"Feature","properties":{"TreeNo":"910","Plot":"Plot 1"},"geometry":{"type":"Point","coordinates":[77.0749033370752,10.482325759927491]}},{"type":"Feature","properties":{"TreeNo":"886","Plot":"Plot 1"},"geometry":{"type":"Point","coordinates":[77.07534790518187,10.482199281297314]}},{"type":"Feature","properties":{"TreeNo":"887","Plot":"Plot 1"},"geometry":{"type":"Point","coordinates":[77.07527712824738,10.482206493172024]}},{"type":"Feature","properties":{"TreeNo":"888","Plot":"Plot 1"},"geometry":{"type":"Point","coordinates":[77.07520375248168,10.482217356638497]}},{"type":"Feature","properties":{"TreeNo":"889","Plot":"Plot 1"},"geometry":{"type":"Point","coordinates":[77.07512932057766,10.4822271885078]}},{"type":"Feature","properties":{"TreeNo":"890","Plot":"Plot 1"},"geometry":{"type":"Point","coordinates":[77.07504960110045,10.482230824026448]}},{"type":"Feature","properties":{"TreeNo":"891","Plot":"Plot 1"},"geometry":{"type":"Point","coordinates":[77.074978889841,10.482247900890824]}},{"type":"Feature","properties":{"TreeNo":"892","Plot":"Plot 1"},"geometry":{"type":"Point","coordinates":[77.07490076145932,10.48225412217294]}},{"type":"Feature","properties":{"TreeNo":"868","Plot":"Plot 1"},"geometry":{"type":"Point","coordinates":[77.0753277326729,10.482124383349717]}},{"type":"Feature","properties":{"TreeNo":"869","Plot":"Plot 1"},"geometry":{"type":"Point","coordinates":[77.07526562905372,10.482134134805577]}},{"type":"Feature","properties":{"TreeNo":"870","Plot":"Plot 1"},"geometry":{"type":"Point","coordinates":[77.07518178365108,10.48214844160768]}},{"type":"Feature","properties":{"TreeNo":"871","Plot":"Plot 1"},"geometry":{"type":"Point","coordinates":[77.07511649952446,10.482153281046386]}},{"type":"Feature","properties":{"TreeNo":"872","Plot":"Plot 1"},"geometry":{"type":"Point","coordinates":[77.07503261952166,10.482162395678206]}},{"type":"Feature","properties":{"TreeNo":"873","Plot":"Plot 1"},"geometry":{"type":"Point","coordinates":[77.07496263812926,10.482170900382277]}},{"type":"Feature","properties":{"TreeNo":"874","Plot":"Plot 1"},"geometry":{"type":"Point","coordinates":[77.07488398688768,10.48217738468574]}},{"type":"Feature","properties":{"TreeNo":"857","Plot":"Plot 1"},"geometry":{"type":"Point","coordinates":[77.07488032057746,10.482099523213305]}},{"type":"Feature","properties":{"TreeNo":"856","Plot":"Plot 1"},"geometry":{"type":"Point","coordinates":[77.0749490129199,10.482094401972633]}},{"type":"Feature","properties":{"TreeNo":"851","Plot":"Plot 1"},"geometry":{"type":"Point","coordinates":[77.07532696369572,10.482048320323353]}},{"type":"Feature","properties":{"TreeNo":"852","Plot":"Plot 1"},"geometry":{"type":"Point","coordinates":[77.07524937382699,10.482056615110373]}},{"type":"Feature","properties":{"TreeNo":"853","Plot":"Plot 1"},"geometry":{"type":"Point","coordinates":[77.07518281797721,10.482067434068593]}},{"type":"Feature","properties":{"TreeNo":"854","Plot":"Plot 1"},"geometry":{"type":"Point","coordinates":[77.07510681574517,10.482077795407456]}},{"type":"Feature","properties":{"TreeNo":"855","Plot":"Plot 1"},"geometry":{"type":"Point","coordinates":[77.07503290847269,10.482087623825846]}},{"type":"Feature","properties":{"TreeNo":"912","Plot":"Plot 1"},"geometry":{"type":"Point","coordinates":[77.07475983136727,10.48234253277188]}},{"type":"Feature","properties":{"TreeNo":"913","Plot":"Plot 1"},"geometry":{"type":"Point","coordinates":[77.07468696284838,10.482350796639274]}},{"type":"Feature","properties":{"TreeNo":"914","Plot":"Plot 1"},"geometry":{"type":"Point","coordinates":[77.07461174050515,10.482360114316064]}},{"type":"Feature","properties":{"TreeNo":"915","Plot":"Plot 1"},"geometry":{"type":"Point","coordinates":[77.0745343851523,10.482364253528129]}},{"type":"Feature","properties":{"TreeNo":"916","Plot":"Plot 1"},"geometry":{"type":"Point","coordinates":[77.07445548362949,10.482372556694678]}},{"type":"Feature","properties":{"TreeNo":"917","Plot":"Plot 1"},"geometry":{"type":"Point","coordinates":[77.0743831500604,10.482382374714243]}},{"type":"Feature","properties":{"TreeNo":"918","Plot":"Plot 1"},"geometry":{"type":"Point","coordinates":[77.07430584999899,10.482394821289185]}},{"type":"Feature","properties":{"TreeNo":"919","Plot":"Plot 1"},"geometry":{"type":"Point","coordinates":[77.07423533179826,10.482401512020655]}},{"type":"Feature","properties":{"TreeNo":"920","Plot":"Plot 1"},"geometry":{"type":"Point","coordinates":[77.07415800579416,10.482410064459641]}},{"type":"Feature","properties":{"TreeNo":"921","Plot":"Plot 1"},"geometry":{"type":"Point","coordinates":[77.07408591721482,10.482417284636291]}},{"type":"Feature","properties":{"TreeNo":"903","Plot":"Plot 1"},"geometry":{"type":"Point","coordinates":[77.0740901374797,10.482341967871111]}},{"type":"Feature","properties":{"TreeNo":"902","Plot":"Plot 1"},"geometry":{"type":"Point","coordinates":[77.07414886756855,10.482337690610198]}},{"type":"Feature","properties":{"TreeNo":"901","Plot":"Plot 1"},"geometry":{"type":"Point","coordinates":[77.07422563438084,10.482323949462188]}},{"type":"Feature","properties":{"TreeNo":"900","Plot":"Plot 1"},"geometry":{"type":"Point","coordinates":[77.07429930020793,10.482317238208081]}},{"type":"Feature","properties":{"TreeNo":"899","Plot":"Plot 1"},"geometry":{"type":"Point","coordinates":[77.0743732283321,10.482310525226769]}},{"type":"Feature","properties":{"TreeNo":"898","Plot":"Plot 1"},"geometry":{"type":"Point","coordinates":[77.0744495102674,10.48230275840468]}},{"type":"Feature","properties":{"TreeNo":"897","Plot":"Plot 1"},"geometry":{"type":"Point","coordinates":[77.07451948481034,10.482293215378332]}},{"type":"Feature","properties":{"TreeNo":"896","Plot":"Plot 1"},"geometry":{"type":"Point","coordinates":[77.07460259526556,10.482286702072457]}},{"type":"Feature","properties":{"TreeNo":"895","Plot":"Plot 1"},"geometry":{"type":"Point","coordinates":[77.07467123580255,10.482273792681509]}},{"type":"Feature","properties":{"TreeNo":"894","Plot":"Plot 1"},"geometry":{"type":"Point","coordinates":[77.07475301916509,10.482264951432393]}},{"type":"Feature","properties":{"TreeNo":"876","Plot":"Plot 1"},"geometry":{"type":"Point","coordinates":[77.07473839664694,10.482196248050453]}},{"type":"Feature","properties":{"TreeNo":"877","Plot":"Plot 1"},"geometry":{"type":"Point","coordinates":[77.07466264455103,10.482204790333803]}},{"type":"Feature","properties":{"TreeNo":"878","Plot":"Plot 1"},"geometry":{"type":"Point","coordinates":[77.07458503557936,10.482210229295337]}},{"type":"Feature","properties":{"TreeNo":"879","Plot":"Plot 1"},"geometry":{"type":"Point","coordinates":[77.07450719886988,10.48222086208421]}},{"type":"Feature","properties":{"TreeNo":"880","Plot":"Plot 1"},"geometry":{"type":"Point","coordinates":[77.07442933276626,10.482227081540108]}},{"type":"Feature","properties":{"TreeNo":"881","Plot":"Plot 1"},"geometry":{"type":"Point","coordinates":[77.07435880423995,10.482232214650637]}},{"type":"Feature","properties":{"TreeNo":"882","Plot":"Plot 1"},"geometry":{"type":"Point","coordinates":[77.07428909373046,10.482242015536084]}},{"type":"Feature","properties":{"TreeNo":"883","Plot":"Plot 1"},"geometry":{"type":"Point","coordinates":[77.07421257023502,10.482252899309739]}},{"type":"Feature","properties":{"TreeNo":"884","Plot":"Plot 1"},"geometry":{"type":"Point","coordinates":[77.07413970169758,10.482261163050453]}},{"type":"Feature","properties":{"TreeNo":"885","Plot":"Plot 1"},"geometry":{"type":"Point","coordinates":[77.07408572592377,10.482270342047666]}},{"type":"Feature","properties":{"TreeNo":"867","Plot":"Plot 1"},"geometry":{"type":"Point","coordinates":[77.07412922604553,10.482184903648621]}},{"type":"Feature","properties":{"TreeNo":"866","Plot":"Plot 1"},"geometry":{"type":"Point","coordinates":[77.07420526640483,10.482180253881927]}},{"type":"Feature","properties":{"TreeNo":"865","Plot":"Plot 1"},"geometry":{"type":"Point","coordinates":[77.07428173111772,10.482160543482651]}},{"type":"Feature","properties":{"TreeNo":"864","Plot":"Plot 1"},"geometry":{"type":"Point","coordinates":[77.07435516571202,10.482158506855727]}},{"type":"Feature","properties":{"TreeNo":"863","Plot":"Plot 1"},"geometry":{"type":"Point","coordinates":[77.07442752343194,10.48215232334685]}},{"type":"Feature","properties":{"TreeNo":"862","Plot":"Plot 1"},"geometry":{"type":"Point","coordinates":[77.07450719798368,10.482141938211244]}},{"type":"Feature","properties":{"TreeNo":"861","Plot":"Plot 1"},"geometry":{"type":"Point","coordinates":[77.0745842771509,10.48213572387325]}},{"type":"Feature","properties":{"TreeNo":"860","Plot":"Plot 1"},"geometry":{"type":"Point","coordinates":[77.07465501608424,10.482122800804893]}},{"type":"Feature","properties":{"TreeNo":"859","Plot":"Plot 1"},"geometry":{"type":"Point","coordinates":[77.07472895451183,10.482117645391337]}},{"type":"Feature","properties":{"TreeNo":"834","Plot":"Plot 1"},"geometry":{"type":"Point","coordinates":[77.07530720022615,10.481975756263324]}},{"type":"Feature","properties":{"TreeNo":"835","Plot":"Plot 1"},"geometry":{"type":"Point","coordinates":[77.0752469154645,10.481982899663599]}},{"type":"Feature","properties":{"TreeNo":"836","Plot":"Plot 1"},"geometry":{"type":"Point","coordinates":[77.07515416043717,10.481998562671745]}},{"type":"Feature","properties":{"TreeNo":"837","Plot":"Plot 1"},"geometry":{"type":"Point","coordinates":[77.07509752024171,10.482001528380113]}},{"type":"Feature","properties":{"TreeNo":"838","Plot":"Plot 1"},"geometry":{"type":"Point","coordinates":[77.07502259489527,10.482016036557843]}},{"type":"Feature","properties":{"TreeNo":"839","Plot":"Plot 1"},"geometry":{"type":"Point","coordinates":[77.07494238543735,10.48202486759552]}},{"type":"Feature","properties":{"TreeNo":"840","Plot":"Plot 1"},"geometry":{"type":"Point","coordinates":[77.07486635553427,10.482031075169399]}},{"type":"Feature","properties":{"TreeNo":"841","Plot":"Plot 1"},"geometry":{"type":"Point","coordinates":[77.07479344560282,10.482033108485993]}},{"type":"Feature","properties":{"TreeNo":"842","Plot":"Plot 1"},"geometry":{"type":"Point","coordinates":[77.07471852713587,10.482048655023034]}},{"type":"Feature","properties":{"TreeNo":"843","Plot":"Plot 1"},"geometry":{"type":"Point","coordinates":[77.07464459563856,10.482054848857986]}},{"type":"Feature","properties":{"TreeNo":"844","Plot":"Plot 1"},"geometry":{"type":"Point","coordinates":[77.07457122331418,10.482066231389366]}},{"type":"Feature","properties":{"TreeNo":"845","Plot":"Plot 1"},"geometry":{"type":"Point","coordinates":[77.07449045463058,10.482069873604571]}},{"type":"Feature","properties":{"TreeNo":"846","Plot":"Plot 1"},"geometry":{"type":"Point","coordinates":[77.07441655422645,10.482080740310051]}},{"type":"Feature","properties":{"TreeNo":"847","Plot":"Plot 1"},"geometry":{"type":"Point","coordinates":[77.07434107653667,10.482091098049818]}},{"type":"Feature","properties":{"TreeNo":"848","Plot":"Plot 1"},"geometry":{"type":"Point","coordinates":[77.07426138815693,10.482099406288057]}},{"type":"Feature","properties":{"TreeNo":"849","Plot":"Plot 1"},"geometry":{"type":"Point","coordinates":[77.07418692164111,10.482104045800982]}},{"type":"Feature","properties":{"TreeNo":"850","Plot":"Plot 1"},"geometry":{"type":"Point","coordinates":[77.07411874348917,10.482107605817871]}},{"type":"Feature","properties":{"TreeNo":"833","Plot":"Plot 1"},"geometry":{"type":"Point","coordinates":[77.07410464054152,10.482038120136497]}},{"type":"Feature","properties":{"TreeNo":"832","Plot":"Plot 1"},"geometry":{"type":"Point","coordinates":[77.07418590619453,10.48203032089013]}},{"type":"Feature","properties":{"TreeNo":"831","Plot":"Plot 1"},"geometry":{"type":"Point","coordinates":[77.0742619188592,10.48202151740857]}},{"type":"Feature","properties":{"TreeNo":"830","Plot":"Plot 1"},"geometry":{"type":"Point","coordinates":[77.07433323771106,10.482016898409915]}},{"type":"Feature","properties":{"TreeNo":"829","Plot":"Plot 1"},"geometry":{"type":"Point","coordinates":[77.0744097715111,10.48200757225957]}},{"type":"Feature","properties":{"TreeNo":"828","Plot":"Plot 1"},"geometry":{"type":"Point","coordinates":[77.07447372857368,10.482000405062788]}},{"type":"Feature","properties":{"TreeNo":"827","Plot":"Plot 1"},"geometry":{"type":"Point","coordinates":[77.07455289922041,10.481993138625823]}},{"type":"Feature","properties":{"TreeNo":"826","Plot":"Plot 1"},"geometry":{"type":"Point","coordinates":[77.07462836304089,10.481980703987745]}},{"type":"Feature","properties":{"TreeNo":"825","Plot":"Plot 1"},"geometry":{"type":"Point","coordinates":[77.07471019819332,10.481979650965554]}},{"type":"Feature","properties":{"TreeNo":"824","Plot":"Plot 1"},"geometry":{"type":"Point","coordinates":[77.07478621426412,10.481971366577183]}},{"type":"Feature","properties":{"TreeNo":"823","Plot":"Plot 1"},"geometry":{"type":"Point","coordinates":[77.07486113616443,10.481956339241714]}},{"type":"Feature","properties":{"TreeNo":"822","Plot":"Plot 1"},"geometry":{"type":"Point","coordinates":[77.0749224632413,10.481948150642653]}},{"type":"Feature","properties":{"TreeNo":"821","Plot":"Plot 1"},"geometry":{"type":"Point","coordinates":[77.07500057425624,10.481939333303176]}},{"type":"Feature","properties":{"TreeNo":"816","Plot":"Plot 1"},"geometry":{"type":"Point","coordinates":[77.07410099171513,10.48196285468497]}},{"type":"Feature","properties":{"TreeNo":"815","Plot":"Plot 1"},"geometry":{"type":"Point","coordinates":[77.0741686417735,10.481958778885296]}},{"type":"Feature","properties":{"TreeNo":"814","Plot":"Plot 1"},"geometry":{"type":"Point","coordinates":[77.07424567943877,10.48194633407367]}},{"type":"Feature","properties":{"TreeNo":"813","Plot":"Plot 1"},"geometry":{"type":"Point","coordinates":[77.07432853961811,10.481941639814014]}},{"type":"Feature","properties":{"TreeNo":"812","Plot":"Plot 1"},"geometry":{"type":"Point","coordinates":[77.07438568024506,10.481935036327197]}},{"type":"Feature","properties":{"TreeNo":"811","Plot":"Plot 1"},"geometry":{"type":"Point","coordinates":[77.07447424539924,10.481920439338639]}},{"type":"Feature","properties":{"TreeNo":"810","Plot":"Plot 1"},"geometry":{"type":"Point","coordinates":[77.07453925165312,10.481913265289334]}},{"type":"Feature","properties":{"TreeNo":"809","Plot":"Plot 1"},"geometry":{"type":"Point","coordinates":[77.07461056354967,10.48190760780701]}},{"type":"Feature","properties":{"TreeNo":"808","Plot":"Plot 1"},"geometry":{"type":"Point","coordinates":[77.07468761845105,10.481897758961255]}},{"type":"Feature","properties":{"TreeNo":"807","Plot":"Plot 1"},"geometry":{"type":"Point","coordinates":[77.0747762146822,10.48188783481401]}},{"type":"Feature","properties":{"TreeNo":"806","Plot":"Plot 1"},"geometry":{"type":"Point","coordinates":[77.07484333316597,10.481882723870719]}},{"type":"Feature","properties":{"TreeNo":"805","Plot":"Plot 1"},"geometry":{"type":"Point","coordinates":[77.0749146000858,10.481870316548727]}},{"type":"Feature","properties":{"TreeNo":"804","Plot":"Plot 1"},"geometry":{"type":"Point","coordinates":[77.07500426970742,10.481864019989736]}},{"type":"Feature","properties":{"TreeNo":"803","Plot":"Plot 1"},"geometry":{"type":"Point","coordinates":[77.0750708773989,10.481860989275727]}},{"type":"Feature","properties":{"TreeNo":"799","Plot":"Plot 1"},"geometry":{"type":"Point","coordinates":[77.07410153628969,10.481887042652044]}},{"type":"Feature","properties":{"TreeNo":"798","Plot":"Plot 1"},"geometry":{"type":"Point","coordinates":[77.07416497219734,10.481880398155234]}},{"type":"Feature","properties":{"TreeNo":"797","Plot":"Plot 1"},"geometry":{"type":"Point","coordinates":[77.0742414990643,10.481870033623608]}},{"type":"Feature","properties":{"TreeNo":"796","Plot":"Plot 1"},"geometry":{"type":"Point","coordinates":[77.07430706449645,10.481868048337377]}},{"type":"Feature","properties":{"TreeNo":"795","Plot":"Plot 1"},"geometry":{"type":"Point","coordinates":[77.07438307019954,10.481858206407907]}},{"type":"Feature","properties":{"TreeNo":"794","Plot":"Plot 1"},"geometry":{"type":"Point","coordinates":[77.07445806125168,10.481853563439316]}},{"type":"Feature","properties":{"TreeNo":"793","Plot":"Plot 1"},"geometry":{"type":"Point","coordinates":[77.07453404965386,10.481841125407824]}},{"type":"Feature","properties":{"TreeNo":"792","Plot":"Plot 1"},"geometry":{"type":"Point","coordinates":[77.07461477333169,10.48183073341783]}},{"type":"Feature","properties":{"TreeNo":"791","Plot":"Plot 1"},"geometry":{"type":"Point","coordinates":[77.07468972633202,10.481820379048575]}},{"type":"Feature","properties":{"TreeNo":"790","Plot":"Plot 1"},"geometry":{"type":"Point","coordinates":[77.0747641616328,10.48181106651139]}},{"type":"Feature","properties":{"TreeNo":"789","Plot":"Plot 1"},"geometry":{"type":"Point","coordinates":[77.07483548040757,10.48180644741063]}},{"type":"Feature","properties":{"TreeNo":"788","Plot":"Plot 1"},"geometry":{"type":"Point","coordinates":[77.07491413328918,10.481800222743473]}},{"type":"Feature","properties":{"TreeNo":"782","Plot":"Plot 1"},"geometry":{"type":"Point","coordinates":[77.07409317292829,10.481812846414277]}},{"type":"Feature","properties":{"TreeNo":"781","Plot":"Plot 1"},"geometry":{"type":"Point","coordinates":[77.07415766840377,10.481807752720936]}},{"type":"Feature","properties":{"TreeNo":"780","Plot":"Plot 1"},"geometry":{"type":"Point","coordinates":[77.07423314604131,10.481797395036546]}},{"type":"Feature","properties":{"TreeNo":"779","Plot":"Plot 1"},"geometry":{"type":"Point","coordinates":[77.07429452152176,10.481796475551524]}},{"type":"Feature","properties":{"TreeNo":"778","Plot":"Plot 1"},"geometry":{"type":"Point","coordinates":[77.07436478765148,10.481791344184481]}},{"type":"Feature","properties":{"TreeNo":"777","Plot":"Plot 1"},"geometry":{"type":"Point","coordinates":[77.07444285718717,10.481776296424147]}},{"type":"Feature","properties":{"TreeNo":"776","Plot":"Plot 1"},"geometry":{"type":"Point","coordinates":[77.07452255584339,10.481769545797524]}},{"type":"Feature","properties":{"TreeNo":"775","Plot":"Plot 1"},"geometry":{"type":"Point","coordinates":[77.07460273761191,10.48175656116817]}},{"type":"Feature","properties":{"TreeNo":"774","Plot":"Plot 1"},"geometry":{"type":"Point","coordinates":[77.07467769751047,10.481747245231958]}},{"type":"Feature","properties":{"TreeNo":"773","Plot":"Plot 1"},"geometry":{"type":"Point","coordinates":[77.07475636076052,10.48174257824637]}},{"type":"Feature","properties":{"TreeNo":"772","Plot":"Plot 1"},"geometry":{"type":"Point","coordinates":[77.0748260572962,10.481730700428763]}},{"type":"Feature","properties":{"TreeNo":"771","Plot":"Plot 1"},"geometry":{"type":"Point","coordinates":[77.0749078439646,10.481722378381074]}},{"type":"Feature","properties":{"TreeNo":"770","Plot":"Plot 1"},"geometry":{"type":"Point","coordinates":[77.0749712901641,10.481717291373052]}},{"type":"Feature","properties":{"TreeNo":"769","Plot":"Plot 1"},"geometry":{"type":"Point","coordinates":[77.07505042958284,10.481705351908051]}},{"type":"Feature","properties":{"TreeNo":"768","Plot":"Plot 1"},"geometry":{"type":"Point","coordinates":[77.07513064240987,10.481697040072598]}},{"type":"Feature","properties":{"TreeNo":"765","Plot":"Plot 1"},"geometry":{"type":"Point","coordinates":[77.07409913620211,10.481743229880635]}},{"type":"Feature","properties":{"TreeNo":"764","Plot":"Plot 1"},"geometry":{"type":"Point","coordinates":[77.07414889775465,10.481731482197633]}},{"type":"Feature","properties":{"TreeNo":"763","Plot":"Plot 1"},"geometry":{"type":"Point","coordinates":[77.0742165650435,10.481730002465488]}},{"type":"Feature","properties":{"TreeNo":"762","Plot":"Plot 1"},"geometry":{"type":"Point","coordinates":[77.07429467951552,10.481721704519634]}},{"type":"Feature","properties":{"TreeNo":"761","Plot":"Plot 1"},"geometry":{"type":"Point","coordinates":[77.07437174131061,10.481712894184374]}},{"type":"Feature","properties":{"TreeNo":"760","Plot":"Plot 1"},"geometry":{"type":"Point","coordinates":[77.07443044188476,10.48170420357967]}},{"type":"Feature","properties":{"TreeNo":"759","Plot":"Plot 1"},"geometry":{"type":"Point","coordinates":[77.07452165420035,10.481693223978407]}},{"type":"Feature","properties":{"TreeNo":"758","Plot":"Plot 1"},"geometry":{"type":"Point","coordinates":[77.07458246701391,10.481686596515022]}},{"type":"Feature","properties":{"TreeNo":"757","Plot":"Plot 1"},"geometry":{"type":"Point","coordinates":[77.07465584270787,10.48167573321147]}},{"type":"Feature","properties":{"TreeNo":"756","Plot":"Plot 1"},"geometry":{"type":"Point","coordinates":[77.0747341589323,10.481658347216392]}},{"type":"Feature","properties":{"TreeNo":"755","Plot":"Plot 1"},"geometry":{"type":"Point","coordinates":[77.07481767130338,10.48165312935449]}},{"type":"Feature","properties":{"TreeNo":"754","Plot":"Plot 1"},"geometry":{"type":"Point","coordinates":[77.07488965357629,10.481649674201245]}},{"type":"Feature","properties":{"TreeNo":"753","Plot":"Plot 1"},"geometry":{"type":"Point","coordinates":[77.07496934525348,10.481641885043869]}},{"type":"Feature","properties":{"TreeNo":"752","Plot":"Plot 1"},"geometry":{"type":"Point","coordinates":[77.07504797042175,10.481631506645328]}},{"type":"Feature","properties":{"TreeNo":"751","Plot":"Plot 1"},"geometry":{"type":"Point","coordinates":[77.07511454002355,10.481622764585287]}},{"type":"Feature","properties":{"TreeNo":"750","Plot":"Plot 1"},"geometry":{"type":"Point","coordinates":[77.0751931375101,10.481608232446366]}},{"type":"Feature","properties":{"TreeNo":"749","Plot":"Plot 1"},"geometry":{"type":"Point","coordinates":[77.07526187468466,10.481609860932126]}},{"type":"Feature","properties":{"TreeNo":"767","Plot":"Plot 1"},"geometry":{"type":"Point","coordinates":[77.07520102492171,10.481689701015497]}},{"type":"Feature","properties":{"TreeNo":"766","Plot":"Plot 1"},"geometry":{"type":"Point","coordinates":[77.07526133383861,10.481686192127324]}},{"type":"Feature","properties":{"TreeNo":"783","Plot":"Plot 1"},"geometry":{"type":"Point","coordinates":[77.07527333166287,10.481754652976987]}},{"type":"Feature","properties":{"TreeNo":"784","Plot":"Plot 1"},"geometry":{"type":"Point","coordinates":[77.07521413073515,10.481766981650273]}},{"type":"Feature","properties":{"TreeNo":"785","Plot":"Plot 1"},"geometry":{"type":"Point","coordinates":[77.07512971067474,10.481773763250256]}},{"type":"Feature","properties":{"TreeNo":"786","Plot":"Plot 1"},"geometry":{"type":"Point","coordinates":[77.07506260606257,10.481780951101966]}},{"type":"Feature","properties":{"TreeNo":"787","Plot":"Plot 1"},"geometry":{"type":"Point","coordinates":[77.07499025019735,10.481787394343293]}},{"type":"Feature","properties":{"TreeNo":"802","Plot":"Plot 1"},"geometry":{"type":"Point","coordinates":[77.0751409596085,10.481847940589587]}},{"type":"Feature","properties":{"TreeNo":"801","Plot":"Plot 1"},"geometry":{"type":"Point","coordinates":[77.07521672368797,10.481841215457647]}},{"type":"Feature","properties":{"TreeNo":"800","Plot":"Plot 1"},"geometry":{"type":"Point","coordinates":[77.07529325737778,10.481831889107786]}},{"type":"Feature","properties":{"TreeNo":"817","Plot":"Plot 1"},"geometry":{"type":"Point","coordinates":[77.07529480114064,10.481906129756231]}},{"type":"Feature","properties":{"TreeNo":"818","Plot":"Plot 1"},"geometry":{"type":"Point","coordinates":[77.07523714806806,10.481914554070993]}},{"type":"Feature","properties":{"TreeNo":"819","Plot":"Plot 1"},"geometry":{"type":"Point","coordinates":[77.07514722652107,10.481922410048746]}},{"type":"Feature","properties":{"TreeNo":"820","Plot":"Plot 1"},"geometry":{"type":"Point","coordinates":[77.07508429798024,10.481926455250148]}},{"type":"Feature","properties":{"TreeNo":"748","Plot":"Plot 1"},"geometry":{"type":"Point","coordinates":[77.07412479534626,10.481657258784256]}},{"type":"Feature","properties":{"TreeNo":"747","Plot":"Plot 1"},"geometry":{"type":"Point","coordinates":[77.07420504279663,10.481654139316174]}},{"type":"Feature","properties":{"TreeNo":"746","Plot":"Plot 1"},"geometry":{"type":"Point","coordinates":[77.0742868329498,10.481646336642521]}},{"type":"Feature","properties":{"TreeNo":"745","Plot":"Plot 1"},"geometry":{"type":"Point","coordinates":[77.07436019828792,10.481633915766357]}},{"type":"Feature","properties":{"TreeNo":"744","Plot":"Plot 1"},"geometry":{"type":"Point","coordinates":[77.07442679904955,10.481629846768445]}},{"type":"Feature","properties":{"TreeNo":"743","Plot":"Plot 1"},"geometry":{"type":"Point","coordinates":[77.07449860092521,10.481618993766682]}},{"type":"Feature","properties":{"TreeNo":"742","Plot":"Plot 1"},"geometry":{"type":"Point","coordinates":[77.07456675129418,10.481611279981575]}},{"type":"Feature","properties":{"TreeNo":"741","Plot":"Plot 1"},"geometry":{"type":"Point","coordinates":[77.07465538894296,10.481607586444321]}},{"type":"Feature","properties":{"TreeNo":"740","Plot":"Plot 1"},"geometry":{"type":"Point","coordinates":[77.07472296629028,10.481592607060419]}},{"type":"Feature","properties":{"TreeNo":"739","Plot":"Plot 1"},"geometry":{"type":"Point","coordinates":[77.07480736904486,10.48158322950904]}},{"type":"Feature","properties":{"TreeNo":"738","Plot":"Plot 1"},"geometry":{"type":"Point","coordinates":[77.07488022700667,10.48157340800852]}},{"type":"Feature","properties":{"TreeNo":"737","Plot":"Plot 1"},"geometry":{"type":"Point","coordinates":[77.07496884733516,10.481567118319795]}},{"type":"Feature","properties":{"TreeNo":"736","Plot":"Plot 1"},"geometry":{"type":"Point","coordinates":[77.0750385403578,10.481554721251202]}},{"type":"Feature","properties":{"TreeNo":"735","Plot":"Plot 1"},"geometry":{"type":"Point","coordinates":[77.07510352575355,10.481544431823519]}},{"type":"Feature","properties":{"TreeNo":"734","Plot":"Plot 1"},"geometry":{"type":"Point","coordinates":[77.07518004209038,10.481532509447613]}},{"type":"Feature","properties":{"TreeNo":"733","Plot":"Plot 1"},"geometry":{"type":"Point","coordinates":[77.07524021723317,10.481528612014879]}},{"type":"Feature","properties":{"TreeNo":"717","Plot":"Plot 1"},"geometry":{"type":"Point","coordinates":[77.07523671141975,10.481455163016411]}},{"type":"Feature","properties":{"TreeNo":"718","Plot":"Plot 1"},"geometry":{"type":"Point","coordinates":[77.07518166589051,10.481461233732695]}},{"type":"Feature","properties":{"TreeNo":"719","Plot":"Plot 1"},"geometry":{"type":"Point","coordinates":[77.07510461113354,10.481471082674789]}},{"type":"Feature","properties":{"TreeNo":"720","Plot":"Plot 1"},"geometry":{"type":"Point","coordinates":[77.0750160392514,10.481484641382549]}},{"type":"Feature","properties":{"TreeNo":"721","Plot":"Plot 1"},"geometry":{"type":"Point","coordinates":[77.07494789585488,10.481493393683364]}},{"type":"Feature","properties":{"TreeNo":"722","Plot":"Plot 1"},"geometry":{"type":"Point","coordinates":[77.0748776263687,10.481498005951298]}},{"type":"Feature","properties":{"TreeNo":"723","Plot":"Plot 1"},"geometry":{"type":"Point","coordinates":[77.07480319114953,10.481507318500242]}},{"type":"Feature","properties":{"TreeNo":"724","Plot":"Plot 1"},"geometry":{"type":"Point","coordinates":[77.07472353060979,10.481519780531226]}},{"type":"Feature","properties":{"TreeNo":"725","Plot":"Plot 1"},"geometry":{"type":"Point","coordinates":[77.07465118688233,10.481528040932316]}},{"type":"Feature","properties":{"TreeNo":"726","Plot":"Plot 1"},"geometry":{"type":"Point","coordinates":[77.07456625260966,10.481536383434824]}},{"type":"Feature","properties":{"TreeNo":"727","Plot":"Plot 1"},"geometry":{"type":"Point","coordinates":[77.07449760530656,10.481548254346304]}},{"type":"Feature","properties":{"TreeNo":"728","Plot":"Plot 1"},"geometry":{"type":"Point","coordinates":[77.07442314239218,10.481553413102345]}},{"type":"Feature","properties":{"TreeNo":"729","Plot":"Plot 1"},"geometry":{"type":"Point","coordinates":[77.07435079517903,10.481561154224497]}},{"type":"Feature","properties":{"TreeNo":"730","Plot":"Plot 1"},"geometry":{"type":"Point","coordinates":[77.07427689833756,10.481572540089221]}},{"type":"Feature","properties":{"TreeNo":"731","Plot":"Plot 1"},"geometry":{"type":"Point","coordinates":[77.07419673386764,10.481588120698119]}},{"type":"Feature","properties":{"TreeNo":"732","Plot":"Plot 1"},"geometry":{"type":"Point","coordinates":[77.0741243624364,10.481592227275849]}},{"type":"Feature","properties":{"TreeNo":"716","Plot":"Plot 1"},"geometry":{"type":"Point","coordinates":[77.07412855852536,10.481513276014953]}},{"type":"Feature","properties":{"TreeNo":"715","Plot":"Plot 1"},"geometry":{"type":"Point","coordinates":[77.07419199090033,10.481506112313669]}},{"type":"Feature","properties":{"TreeNo":"714","Plot":"Plot 1"},"geometry":{"type":"Point","coordinates":[77.07425907822781,10.481496328585177]}},{"type":"Feature","properties":{"TreeNo":"713","Plot":"Plot 1"},"geometry":{"type":"Point","coordinates":[77.07433454887045,10.481484932464475]}},{"type":"Feature","properties":{"TreeNo":"712","Plot":"Plot 1"},"geometry":{"type":"Point","coordinates":[77.07441635625423,10.481479725834292]}},{"type":"Feature","properties":{"TreeNo":"711","Plot":"Plot 1"},"geometry":{"type":"Point","coordinates":[77.07448923150692,10.481472500493256]}},{"type":"Feature","properties":{"TreeNo":"710","Plot":"Plot 1"},"geometry":{"type":"Point","coordinates":[77.07455890726361,10.481457507462652]}},{"type":"Feature","properties":{"TreeNo":"709","Plot":"Plot 1"},"geometry":{"type":"Point","coordinates":[77.07463864731734,10.481456987384622]}},{"type":"Feature","properties":{"TreeNo":"708","Plot":"Plot 1"},"geometry":{"type":"Point","coordinates":[77.07471200912511,10.481444047224892]}},{"type":"Feature","properties":{"TreeNo":"707","Plot":"Plot 1"},"geometry":{"type":"Point","coordinates":[77.07478909156586,10.481438352084275]}},{"type":"Feature","properties":{"TreeNo":"706","Plot":"Plot 1"},"geometry":{"type":"Point","coordinates":[77.0748608899125,10.481426979798021]}},{"type":"Feature","properties":{"TreeNo":"705","Plot":"Plot 1"},"geometry":{"type":"Point","coordinates":[77.07492957173693,10.481420300949567]}},{"type":"Feature","properties":{"TreeNo":"704","Plot":"Plot 1"},"geometry":{"type":"Point","coordinates":[77.0750150201819,10.481410397295543]}},{"type":"Feature","properties":{"TreeNo":"703","Plot":"Plot 1"},"geometry":{"type":"Point","coordinates":[77.07509363145785,10.481397942043744]}},{"type":"Feature","properties":{"TreeNo":"702","Plot":"Plot 1"},"geometry":{"type":"Point","coordinates":[77.07517281228354,10.481392233124126]}},{"type":"Feature","properties":{"TreeNo":"701","Plot":"Plot 1"},"geometry":{"type":"Point","coordinates":[77.07522629435981,10.481387730319243]}},{"type":"Feature","properties":{"TreeNo":"685","Plot":"Plot 1"},"geometry":{"type":"Point","coordinates":[77.07522212761414,10.481313506777337]}},{"type":"Feature","properties":{"TreeNo":"686","Plot":"Plot 1"},"geometry":{"type":"Point","coordinates":[77.07514817903164,10.481317104627784]}},{"type":"Feature","properties":{"TreeNo":"687","Plot":"Plot 1"},"geometry":{"type":"Point","coordinates":[77.07507797183774,10.481331062771886]}},{"type":"Feature","properties":{"TreeNo":"688","Plot":"Plot 1"},"geometry":{"type":"Point","coordinates":[77.0750024528848,10.481335190069844]}},{"type":"Feature","properties":{"TreeNo":"689","Plot":"Plot 1"},"geometry":{"type":"Point","coordinates":[77.07493589025042,10.481344970522134]}},{"type":"Feature","properties":{"TreeNo":"690","Plot":"Plot 1"},"geometry":{"type":"Point","coordinates":[77.07485782086633,10.481360018378677]}},{"type":"Feature","properties":{"TreeNo":"691","Plot":"Plot 1"},"geometry":{"type":"Point","coordinates":[77.07478021038642,10.481365197740434]}},{"type":"Feature","properties":{"TreeNo":"692","Plot":"Plot 1"},"geometry":{"type":"Point","coordinates":[77.07471046552452,10.48136980654454]}},{"type":"Feature","properties":{"TreeNo":"693","Plot":"Plot 1"},"geometry":{"type":"Point","coordinates":[77.07463284466132,10.481373428230807]}},{"type":"Feature","properties":{"TreeNo":"694","Plot":"Plot 1"},"geometry":{"type":"Point","coordinates":[77.07455108917456,10.481386423113303]}},{"type":"Feature","properties":{"TreeNo":"695","Plot":"Plot 1"},"geometry":{"type":"Point","coordinates":[77.07447511470878,10.481400937981936]}},{"type":"Feature","properties":{"TreeNo":"696","Plot":"Plot 1"},"geometry":{"type":"Point","coordinates":[77.07439852229463,10.481401437488948]}},{"type":"Feature","properties":{"TreeNo":"697","Plot":"Plot 1"},"geometry":{"type":"Point","coordinates":[77.07432251670144,10.48141127940093]}},{"type":"Feature","properties":{"TreeNo":"698","Plot":"Plot 1"},"geometry":{"type":"Point","coordinates":[77.07424647999146,10.481416448373192]}},{"type":"Feature","properties":{"TreeNo":"699","Plot":"Plot 1"},"geometry":{"type":"Point","coordinates":[77.0741919970423,10.481428226849346]}},{"type":"Feature","properties":{"TreeNo":"700","Plot":"Plot 1"},"geometry":{"type":"Point","coordinates":[77.07413852182283,10.481433767911646]}},{"type":"Feature","properties":{"TreeNo":"684","Plot":"Plot 1"},"geometry":{"type":"Point","coordinates":[77.07417108117937,10.481359824063814]}},{"type":"Feature","properties":{"TreeNo":"683","Plot":"Plot 1"},"geometry":{"type":"Point","coordinates":[77.074240743115,10.481342754250319]}},{"type":"Feature","properties":{"TreeNo":"682","Plot":"Plot 1"},"geometry":{"type":"Point","coordinates":[77.07431312485194,10.481340205298187]}},{"type":"Feature","properties":{"TreeNo":"681","Plot":"Plot 1"},"geometry":{"type":"Point","coordinates":[77.07439020729358,10.481334510257811]}},{"type":"Feature","properties":{"TreeNo":"680","Plot":"Plot 1"},"geometry":{"type":"Point","coordinates":[77.0744724908442,10.481322031210208]}},{"type":"Feature","properties":{"TreeNo":"679","Plot":"Plot 1"},"geometry":{"type":"Point","coordinates":[77.07454328492008,10.481317415616829]}},{"type":"Feature","properties":{"TreeNo":"678","Plot":"Plot 1"},"geometry":{"type":"Point","coordinates":[77.07462344928851,10.481301834936943]}},{"type":"Feature","properties":{"TreeNo":"677","Plot":"Plot 1"},"geometry":{"type":"Point","coordinates":[77.07469792250268,10.48129823378644]}},{"type":"Feature","properties":{"TreeNo":"676","Plot":"Plot 1"},"geometry":{"type":"Point","coordinates":[77.07477076657857,10.481286335469209]}},{"type":"Feature","properties":{"TreeNo":"675","Plot":"Plot 1"},"geometry":{"type":"Point","coordinates":[77.07483680806493,10.481277077688194]}},{"type":"Feature","properties":{"TreeNo":"674","Plot":"Plot 1"},"geometry":{"type":"Point","coordinates":[77.07492123147193,10.481270815403782]}},{"type":"Feature","properties":{"TreeNo":"673","Plot":"Plot 1"},"geometry":{"type":"Point","coordinates":[77.07498832215481,10.48126155074869]}},{"type":"Feature","properties":{"TreeNo":"672","Plot":"Plot 1"},"geometry":{"type":"Point","coordinates":[77.07505960621415,10.4812517394888]}},{"type":"Feature","properties":{"TreeNo":"671","Plot":"Plot 1"},"geometry":{"type":"Point","coordinates":[77.07513406901764,10.48124658059939]}},{"type":"Feature","properties":{"TreeNo":"670","Plot":"Plot 1"},"geometry":{"type":"Point","coordinates":[77.07520483191564,10.48123729194413]}},{"type":"Feature","properties":{"TreeNo":"655","Plot":"Plot 1"},"geometry":{"type":"Point","coordinates":[77.07519548137877,10.481172448463928]}},{"type":"Feature","properties":{"TreeNo":"656","Plot":"Plot 1"},"geometry":{"type":"Point","coordinates":[77.07513408876818,10.481170772032298]}},{"type":"Feature","properties":{"TreeNo":"657","Plot":"Plot 1"},"geometry":{"type":"Point","coordinates":[77.07506227666974,10.481180067513833]}},{"type":"Feature","properties":{"TreeNo":"658","Plot":"Plot 1"},"geometry":{"type":"Point","coordinates":[77.07498785882699,10.481191976157417]}},{"type":"Feature","properties":{"TreeNo":"659","Plot":"Plot 1"},"geometry":{"type":"Point","coordinates":[77.07491024148175,10.48119611711575]}},{"type":"Feature","properties":{"TreeNo":"660","Plot":"Plot 1"},"geometry":{"type":"Point","coordinates":[77.07483056719911,10.481206502304037]}},{"type":"Feature","properties":{"TreeNo":"661","Plot":"Plot 1"},"geometry":{"type":"Point","coordinates":[77.07476450498312,10.481212644800314]}},{"type":"Feature","properties":{"TreeNo":"662","Plot":"Plot 1"},"geometry":{"type":"Point","coordinates":[77.07468064767143,10.481225134180702]}},{"type":"Feature","properties":{"TreeNo":"663","Plot":"Plot 1"},"geometry":{"type":"Point","coordinates":[77.0746030475844,10.481231871133842]}},{"type":"Feature","properties":{"TreeNo":"664","Plot":"Plot 1"},"geometry":{"type":"Point","coordinates":[77.07453544264587,10.481242696770536]}},{"type":"Feature","properties":{"TreeNo":"665","Plot":"Plot 1"},"geometry":{"type":"Point","coordinates":[77.07446100400354,10.481251490016202]}},{"type":"Feature","properties":{"TreeNo":"666","Plot":"Plot 1"},"geometry":{"type":"Point","coordinates":[77.07438499499425,10.481260812722256]}},{"type":"Feature","properties":{"TreeNo":"667","Plot":"Plot 1"},"geometry":{"type":"Point","coordinates":[77.07431161937359,10.481271675946617]}},{"type":"Feature","properties":{"TreeNo":"668","Plot":"Plot 1"},"geometry":{"type":"Point","coordinates":[77.07422874208737,10.481273774099861]}},{"type":"Feature","properties":{"TreeNo":"669","Plot":"Plot 1"},"geometry":{"type":"Point","coordinates":[77.07415220153689,10.481282061746219]}},{"type":"Feature","properties":{"TreeNo":"654","Plot":"Plot 1"},"geometry":{"type":"Point","coordinates":[77.07413600023406,10.481212589740142]}},{"type":"Feature","properties":{"TreeNo":"653","Plot":"Plot 1"},"geometry":{"type":"Point","coordinates":[77.0742203873823,10.481200875899484]}},{"type":"Feature","properties":{"TreeNo":"652","Plot":"Plot 1"},"geometry":{"type":"Point","coordinates":[77.07429142992234,10.481194181801905]}},{"type":"Feature","properties":{"TreeNo":"651","Plot":"Plot 1"},"geometry":{"type":"Point","coordinates":[77.07437346496985,10.48118378135096]}},{"type":"Feature","properties":{"TreeNo":"650","Plot":"Plot 1"},"geometry":{"type":"Point","coordinates":[77.07444108892045,10.48117581142458]}},{"type":"Feature","properties":{"TreeNo":"649","Plot":"Plot 1"},"geometry":{"type":"Point","coordinates":[77.07452520335846,10.481162541577106]}},{"type":"Feature","properties":{"TreeNo":"648","Plot":"Plot 1"},"geometry":{"type":"Point","coordinates":[77.07459572472192,10.481156370049272]}},{"type":"Feature","properties":{"TreeNo":"647","Plot":"Plot 1"},"geometry":{"type":"Point","coordinates":[77.07467198043567,10.481144709127427]}},{"type":"Feature","properties":{"TreeNo":"646","Plot":"Plot 1"},"geometry":{"type":"Point","coordinates":[77.07474252598651,10.48114217206251]}},{"type":"Feature","properties":{"TreeNo":"645","Plot":"Plot 1"},"geometry":{"type":"Point","coordinates":[77.07482742902343,10.481129156613395]}},{"type":"Feature","properties":{"TreeNo":"644","Plot":"Plot 1"},"geometry":{"type":"Point","coordinates":[77.07490005569515,10.48112400976007]}},{"type":"Feature","properties":{"TreeNo":"643","Plot":"Plot 1"},"geometry":{"type":"Point","coordinates":[77.07497028706305,10.48111368615616]}},{"type":"Feature","properties":{"TreeNo":"642","Plot":"Plot 1"},"geometry":{"type":"Point","coordinates":[77.07504630290782,10.481105401746992]}},{"type":"Feature","properties":{"TreeNo":"641","Plot":"Plot 1"},"geometry":{"type":"Point","coordinates":[77.07512541623517,10.48108956819329]}},{"type":"Feature","properties":{"TreeNo":"640","Plot":"Plot 1"},"geometry":{"type":"Point","coordinates":[77.07517995093009,10.481085577774639]}},{"type":"Feature","properties":{"TreeNo":"636","Plot":"Plot 1"},"geometry":{"type":"Point","coordinates":[77.07500843752037,10.481052167454719]}},{"type":"Feature","properties":{"TreeNo":"637","Plot":"Plot 1"},"geometry":{"type":"Point","coordinates":[77.07492618347642,10.481069059937344]}},{"type":"Feature","properties":{"TreeNo":"638","Plot":"Plot 1"},"geometry":{"type":"Point","coordinates":[77.07485437830024,10.481079393795488]}},{"type":"Feature","properties":{"TreeNo":"639","Plot":"Plot 1"},"geometry":{"type":"Point","coordinates":[77.07478253681475,10.48108427589719]}},{"type":"Feature","properties":{"TreeNo":"635","Plot":"Plot 1"},"geometry":{"type":"Point","coordinates":[77.0741426037164,10.481140632469963]}},{"type":"Feature","properties":{"TreeNo":"634","Plot":"Plot 1"},"geometry":{"type":"Point","coordinates":[77.07421387053077,10.481128225331755]}},{"type":"Feature","properties":{"TreeNo":"633","Plot":"Plot 1"},"geometry":{"type":"Point","coordinates":[77.07428728414759,10.481123073485321]}},{"type":"Feature","properties":{"TreeNo":"632","Plot":"Plot 1"},"geometry":{"type":"Point","coordinates":[77.07435857168548,10.481113781598012]}},{"type":"Feature","properties":{"TreeNo":"631","Plot":"Plot 1"},"geometry":{"type":"Point","coordinates":[77.07443820796003,10.481097685180432]}},{"type":"Feature","properties":{"TreeNo":"630","Plot":"Plot 1"},"geometry":{"type":"Point","coordinates":[77.07451159390124,10.481088379576024]}},{"type":"Feature","properties":{"TreeNo":"629","Plot":"Plot 1"},"geometry":{"type":"Point","coordinates":[77.07458080373657,10.481082216607891]}},{"type":"Feature","properties":{"TreeNo":"628","Plot":"Plot 1"},"geometry":{"type":"Point","coordinates":[77.07465732692202,10.481071332802404]}},{"type":"Feature","properties":{"TreeNo":"616","Plot":"Plot 1"},"geometry":{"type":"Point","coordinates":[77.07487546829225,10.480976966745308]}},{"type":"Feature","properties":{"TreeNo":"617","Plot":"Plot 1"},"geometry":{"type":"Point","coordinates":[77.07480679347488,10.4809846839906]}},{"type":"Feature","properties":{"TreeNo":"618","Plot":"Plot 1"},"geometry":{"type":"Point","coordinates":[77.07472768532718,10.481001296283278]}},{"type":"Feature","properties":{"TreeNo":"619","Plot":"Plot 1"},"geometry":{"type":"Point","coordinates":[77.07465163837057,10.481004907691672]}},{"type":"Feature","properties":{"TreeNo":"621","Plot":"Plot 1"},"geometry":{"type":"Point","coordinates":[77.07457664753221,10.48100955066646]}},{"type":"Feature","properties":{"TreeNo":"622","Plot":"Plot 1"},"geometry":{"type":"Point","coordinates":[77.07449958246605,10.481017841803776]}},{"type":"Feature","properties":{"TreeNo":"623","Plot":"Plot 1"},"geometry":{"type":"Point","coordinates":[77.07442511967693,10.481023000536137]}},{"type":"Feature","properties":{"TreeNo":"624","Plot":"Plot 1"},"geometry":{"type":"Point","coordinates":[77.07435487446108,10.48103124716484]}},{"type":"Feature","properties":{"TreeNo":"625","Plot":"Plot 1"},"geometry":{"type":"Point","coordinates":[77.07427942812186,10.481046277764726]}},{"type":"Feature","properties":{"TreeNo":"626","Plot":"Plot 1"},"geometry":{"type":"Point","coordinates":[77.07420600760983,10.48105039117866]}},{"type":"Feature","properties":{"TreeNo":"627","Plot":"Plot 1"},"geometry":{"type":"Point","coordinates":[77.0741315759004,10.481060222767558]}},{"type":"Feature","properties":{"TreeNo":"615","Plot":"Plot 1"},"geometry":{"type":"Point","coordinates":[77.07411958183155,10.480992281032446]}},{"type":"Feature","properties":{"TreeNo":"614","Plot":"Plot 1"},"geometry":{"type":"Point","coordinates":[77.07419141123889,10.480985581834906]}},{"type":"Feature","properties":{"TreeNo":"613","Plot":"Plot 1"},"geometry":{"type":"Point","coordinates":[77.07426373759388,10.480974725491944]}},{"type":"Feature","properties":{"TreeNo":"612","Plot":"Plot 1"},"geometry":{"type":"Point","coordinates":[77.07433920465691,10.48096281018044]}},{"type":"Feature","properties":{"TreeNo":"611","Plot":"Plot 1"},"geometry":{"type":"Point","coordinates":[77.07441679778306,10.48095503487624]}},{"type":"Feature","properties":{"TreeNo":"603","Plot":"Plot 1"},"geometry":{"type":"Point","coordinates":[77.0750138834532,10.480885197580657]}},{"type":"Feature","properties":{"TreeNo":"604","Plot":"Plot 1"},"geometry":{"type":"Point","coordinates":[77.07494677210612,10.480891346945313]}},{"type":"Feature","properties":{"TreeNo":"605","Plot":"Plot 1"},"geometry":{"type":"Point","coordinates":[77.07486604523595,10.480901219758007]}},{"type":"Feature","properties":{"TreeNo":"606","Plot":"Plot 1"},"geometry":{"type":"Point","coordinates":[77.07479004325569,10.480911580969298]}},{"type":"Feature","properties":{"TreeNo":"607","Plot":"Plot 1"},"geometry":{"type":"Point","coordinates":[77.07471612585711,10.48091985162317]}},{"type":"Feature","properties":{"TreeNo":"608","Plot":"Plot 1"},"geometry":{"type":"Point","coordinates":[77.07463957851375,10.48092710094094]}},{"type":"Feature","properties":{"TreeNo":"609","Plot":"Plot 1"},"geometry":{"type":"Point","coordinates":[77.0745646049775,10.48093433997693]}},{"type":"Feature","properties":{"TreeNo":"610","Plot":"Plot 1"},"geometry":{"type":"Point","coordinates":[77.07449385592662,10.480945705334438]}},{"type":"Feature","properties":{"TreeNo":"602","Plot":"Plot 1"},"geometry":{"type":"Point","coordinates":[77.07411487694131,10.480915983988684]}},{"type":"Feature","properties":{"TreeNo":"601","Plot":"Plot 1"},"geometry":{"type":"Point","coordinates":[77.07418090457256,10.480904649500486]}},{"type":"Feature","properties":{"TreeNo":"600","Plot":"Plot 1"},"geometry":{"type":"Point","coordinates":[77.07426060302785,10.480897898980853]}},{"type":"Feature","properties":{"TreeNo":"599","Plot":"Plot 1"},"geometry":{"type":"Point","coordinates":[77.07433085513381,10.480890690805392]}},{"type":"Feature","properties":{"TreeNo":"598","Plot":"Plot 1"},"geometry":{"type":"Point","coordinates":[77.07441104707037,10.480879263906264]}},{"type":"Feature","properties":{"TreeNo":"597","Plot":"Plot 1"},"geometry":{"type":"Point","coordinates":[77.07448234491486,10.480871529643098]}},{"type":"Feature","properties":{"TreeNo":"596","Plot":"Plot 1"},"geometry":{"type":"Point","coordinates":[77.0745583399966,10.48086013007823]}},{"type":"Feature","properties":{"TreeNo":"595","Plot":"Plot 1"},"geometry":{"type":"Point","coordinates":[77.07462280759621,10.48085088262146]}},{"type":"Feature","properties":{"TreeNo":"594","Plot":"Plot 1"},"geometry":{"type":"Point","coordinates":[77.07470090799363,10.480840507765759]}},{"type":"Feature","properties":{"TreeNo":"593","Plot":"Plot 1"},"geometry":{"type":"Point","coordinates":[77.07478063405355,10.480837910828605]}},{"type":"Feature","properties":{"TreeNo":"592","Plot":"Plot 1"},"geometry":{"type":"Point","coordinates":[77.07486816002871,10.480824878276255]}},{"type":"Feature","properties":{"TreeNo":"591","Plot":"Plot 1"},"geometry":{"type":"Point","coordinates":[77.07494050703846,10.480817137071243]}},{"type":"Feature","properties":{"TreeNo":"590","Plot":"Plot 1"},"geometry":{"type":"Point","coordinates":[77.07500548191952,10.48080529005191]}},{"type":"Feature","properties":{"TreeNo":"589","Plot":"Plot 1"},"geometry":{"type":"Point","coordinates":[77.07507994116337,10.48079961198198]}},{"type":"Feature","properties":{"TreeNo":"588","Plot":"Plot 1"},"geometry":{"type":"Point","coordinates":[77.07514912323784,10.480789295197807]}},{"type":"Feature","properties":{"TreeNo":"573","Plot":"Plot 1"},"geometry":{"type":"Point","coordinates":[77.0751156029156,10.480718897783976]}},{"type":"Feature","properties":{"TreeNo":"574","Plot":"Plot 1"},"geometry":{"type":"Point","coordinates":[77.07506159980048,10.480723923184149]}},{"type":"Feature","properties":{"TreeNo":"575","Plot":"Plot 1"},"geometry":{"type":"Point","coordinates":[77.0749981676353,10.480731087024951]}},{"type":"Feature","properties":{"TreeNo":"576","Plot":"Plot 1"},"geometry":{"type":"Point","coordinates":[77.07492796401262,10.480745564325767]}},{"type":"Feature","properties":{"TreeNo":"577","Plot":"Plot 1"},"geometry":{"type":"Point","coordinates":[77.07484669874438,10.480753363694667]}},{"type":"Feature","properties":{"TreeNo":"578","Plot":"Plot 1"},"geometry":{"type":"Point","coordinates":[77.07477432408538,10.480756951168335]}},{"type":"Feature","properties":{"TreeNo":"579","Plot":"Plot 1"},"geometry":{"type":"Point","coordinates":[77.07469782864092,10.480771988694435]}},{"type":"Feature","properties":{"TreeNo":"580","Plot":"Plot 1"},"geometry":{"type":"Point","coordinates":[77.07462547471077,10.480778691416372]}},{"type":"Feature","properties":{"TreeNo":"581","Plot":"Plot 1"},"geometry":{"type":"Point","coordinates":[77.07454631819971,10.480788034666562]}},{"type":"Feature","properties":{"TreeNo":"582","Plot":"Plot 1"},"geometry":{"type":"Point","coordinates":[77.07447711533985,10.480795236041997]}},{"type":"Feature","properties":{"TreeNo":"583","Plot":"Plot 1"},"geometry":{"type":"Point","coordinates":[77.07439792424756,10.480799387121122]}},{"type":"Feature","properties":{"TreeNo":"584","Plot":"Plot 1"},"geometry":{"type":"Point","coordinates":[77.07431981692271,10.480808723475153]}},{"type":"Feature","properties":{"TreeNo":"585","Plot":"Plot 1"},"geometry":{"type":"Point","coordinates":[77.07425014473964,10.480824235641926]}},{"type":"Feature","properties":{"TreeNo":"586","Plot":"Plot 1"},"geometry":{"type":"Point","coordinates":[77.07417100546863,10.480836174871243]}},{"type":"Feature","properties":{"TreeNo":"588.1","Plot":"Plot 1"},"geometry":{"type":"Point","coordinates":[77.07411124891514,10.480843833812303]}},{"type":"Feature","properties":{"TreeNo":"572","Plot":"Plot 1"},"geometry":{"type":"Point","coordinates":[77.07411964532746,10.480765374398684]}},{"type":"Feature","properties":{"TreeNo":"571","Plot":"Plot 1"},"geometry":{"type":"Point","coordinates":[77.07416629711963,10.48075935861585]}},{"type":"Feature","properties":{"TreeNo":"570","Plot":"Plot 1"},"geometry":{"type":"Point","coordinates":[77.07423335491451,10.480745161607137]}},{"type":"Feature","properties":{"TreeNo":"569","Plot":"Plot 1"},"geometry":{"type":"Point","coordinates":[77.07438593014373,10.480731445404231]}},{"type":"Feature","properties":{"TreeNo":"568","Plot":"Plot 1"},"geometry":{"type":"Point","coordinates":[77.07446064307055,10.480724467736191]}},{"type":"Feature","properties":{"TreeNo":"567","Plot":"Plot 1"},"geometry":{"type":"Point","coordinates":[77.07453635161986,10.480709435399014]}},{"type":"Feature","properties":{"TreeNo":"566","Plot":"Plot 1"},"geometry":{"type":"Point","coordinates":[77.07461478342934,10.4807094431302]}},{"type":"Feature","properties":{"TreeNo":"565","Plot":"Plot 1"},"geometry":{"type":"Point","coordinates":[77.07468736853363,10.480698065781619]}},{"type":"Feature","properties":{"TreeNo":"564","Plot":"Plot 1"},"geometry":{"type":"Point","coordinates":[77.07475418989671,10.48068776448175]}},{"type":"Feature","properties":{"TreeNo":"563","Plot":"Plot 1"},"geometry":{"type":"Point","coordinates":[77.07484070811185,10.480680969349082]}},{"type":"Feature","properties":{"TreeNo":"562","Plot":"Plot 1"},"geometry":{"type":"Point","coordinates":[77.07490857693969,10.480670401568297]}},{"type":"Feature","properties":{"TreeNo":"561","Plot":"Plot 1"},"geometry":{"type":"Point","coordinates":[77.07497856492154,10.480662935366496]}},{"type":"Feature","properties":{"TreeNo":"560","Plot":"Plot 1"},"geometry":{"type":"Point","coordinates":[77.07504513951271,10.480654972179856]}},{"type":"Feature","properties":{"TreeNo":"559","Plot":"Plot 1"},"geometry":{"type":"Point","coordinates":[77.07511461152212,10.480648807404789]}},{"type":"Feature","properties":{"TreeNo":"117","Plot":"Plot 1"},"geometry":{"type":"Point","coordinates":[77.07566698027213,10.481980552012018]}},{"type":"Feature","properties":{"TreeNo":"773.1","Plot":"Plot 1"},"geometry":{"type":"Point","coordinates":[77.07471845213918,10.481702052060555]}},{"type":"Feature","properties":{"TreeNo":"569.1","Plot":"Plot 1"},"geometry":{"type":"Point","coordinates":[77.07429544306146,10.480737988172201]}}]}
